--
-- CIT SQL Dump
-- http://www.configure.it/

-- Host            : 192.168.30.109
-- Generation Time : Apr 15, 2015 20:32:27
-- Server Version  : 5.5.40
-- PHP Version     : 5.4.25

SET SQL_MODE = 'NO_AUTO_VALUE_ON_ZERO';
SET time_zone = '+00:00';


/*!40101 SET @OLD_CHARACTER_SET_CLIENT=@@CHARACTER_SET_CLIENT */;
/*!40101 SET @OLD_CHARACTER_SET_RESULTS=@@CHARACTER_SET_RESULTS */;
/*!40101 SET @OLD_COLLATION_CONNECTION=@@COLLATION_CONNECTION */;
/*!40014 SET @OLD_UNIQUE_CHECKS=@@UNIQUE_CHECKS, UNIQUE_CHECKS=0 */;
/*!40014 SET @OLD_FOREIGN_KEY_CHECKS=@@FOREIGN_KEY_CHECKS, FOREIGN_KEY_CHECKS=0 */;
/*!40101 SET NAMES utf8 */;

--
-- Database: `admin_base_temp_2`
--


-- --------------------------------------------------------

--
-- Table structure for table `mod_admin`
--
DROP TABLE IF EXISTS `mod_admin`;

CREATE TABLE `mod_admin` (
  `iAdminId` int(11) NOT NULL AUTO_INCREMENT,
  `vName` varchar(255) NOT NULL COMMENT 'NAME',
  `vEmail` varchar(50) NOT NULL COMMENT 'EMAIL',
  `vUserName` varchar(255) NOT NULL COMMENT 'USERNAME',
  `vPassword` varchar(255) NOT NULL COMMENT 'PASSWORD',
  `vPhonenumber` varchar(20) DEFAULT NULL COMMENT 'PHONE_NUMBER',
  `iGroupId` int(11) NOT NULL,
  `dLastAccess` datetime DEFAULT NULL COMMENT 'DATE',
  `eStatus` enum('Active','Inactive') NOT NULL DEFAULT 'Active' COMMENT 'STATUS',
  `iSysRecDeleted` tinyint(5) DEFAULT '0',
  PRIMARY KEY (`iAdminId`)
) ENGINE=InnoDB AUTO_INCREMENT=3 DEFAULT CHARSET=utf8;


--
-- Dumping data for table `mod_admin`
--

INSERT INTO `mod_admin` (`iAdminId`, `vName`, `vEmail`, `vUserName`, `vPassword`, `vPhonenumber`, `iGroupId`, `dLastAccess`, `eStatus`, `iSysRecDeleted`) VALUES 
(1, 'Admin', 'cit.email003@gmail.com', 'admin', '3214789', '9033177107', 1, '2015-04-15 17:50:01', 'Active', 0), 
(2, 'George Bailey', 'cit.email002@gmail.com', 'george', '1475963', '9033177107', 2, '2014-01-09 19:06:49', 'Inactive', 0);


-- --------------------------------------------------------

--
-- Table structure for table `mod_admin_dashboard`
--
DROP TABLE IF EXISTS `mod_admin_dashboard`;

CREATE TABLE `mod_admin_dashboard` (
  `iDashBoardId` int(11) NOT NULL AUTO_INCREMENT,
  `vBoardName` varchar(500) NOT NULL,
  `vBoardCode` varchar(500) NOT NULL,
  `eBoardSource` enum('Module','Table','View','API','Query','Function') NOT NULL DEFAULT 'Module',
  `iModuleId` int(11) NOT NULL,
  `vModuleName` varchar(500) DEFAULT NULL,
  `tCustomQuery` text,
  `tQueryParams` text,
  `vPHPFunction` varchar(255) DEFAULT NULL,
  `vBoardIcon` varchar(500) DEFAULT NULL,
  `vExtraCondition` varchar(500) DEFAULT NULL,
  `iRecLimit` int(11) NOT NULL DEFAULT '5',
  `iRecPerPage` int(11) NOT NULL,
  `eHidePaging` enum('Yes','No') NOT NULL DEFAULT 'No',
  `eDefaultChart` enum('Pivot Table','Bar Chart','Pie Chart','Donut Chart','Area Chart','Line Chart','Horiz. Bar Chart','Stacked Bar Chart','Stacked Horiz. Bar Chart') NOT NULL DEFAULT 'Pivot Table',
  `eChartType` enum('Pivot','Grid List','Detail View') NOT NULL DEFAULT 'Pivot',
  `eAutoUpdate` enum('Yes','No') NOT NULL DEFAULT 'No',
  `eAdvanceSearch` enum('Yes','No') NOT NULL DEFAULT 'No',
  `eFrozenCols` enum('Yes','No') NOT NULL DEFAULT 'No',
  `eFreezeCols` enum('1','2','3','4','5') NOT NULL,
  `iRowNum` int(4) NOT NULL,
  `iAutoTime` int(3) NOT NULL,
  `eBlockColumn` enum('Left','Middle','Right') NOT NULL DEFAULT 'Left',
  `tLayoutHTML` text,
  `iBlockOrder` int(11) NOT NULL,
  `eStatus` enum('Active','Inactive') NOT NULL DEFAULT 'Active',
  PRIMARY KEY (`iDashBoardId`)
) ENGINE=InnoDB DEFAULT CHARSET=utf8;



-- --------------------------------------------------------

--
-- Table structure for table `mod_admin_dashboard_pages`
--
DROP TABLE IF EXISTS `mod_admin_dashboard_pages`;

CREATE TABLE `mod_admin_dashboard_pages` (
  `iDashBoardPageId` int(11) NOT NULL AUTO_INCREMENT,
  `vPageName` varchar(255) NOT NULL,
  `vPageCode` varchar(255) NOT NULL,
  `iParentPageId` int(11) NOT NULL DEFAULT '0',
  `eDasboardView` enum('Simple','Tab') NOT NULL DEFAULT 'Simple' COMMENT 'Details of all Block of this page will be store here',
  `iTabOrder` int(11) NOT NULL DEFAULT '0',
  `eStatus` enum('Active','Inactive') NOT NULL DEFAULT 'Inactive',
  PRIMARY KEY (`iDashBoardPageId`)
) ENGINE=InnoDB DEFAULT CHARSET=utf8;



-- --------------------------------------------------------

--
-- Table structure for table `mod_admin_dashboard_pages_block`
--
DROP TABLE IF EXISTS `mod_admin_dashboard_pages_block`;

CREATE TABLE `mod_admin_dashboard_pages_block` (
  `iPageBlockId` int(11) NOT NULL AUTO_INCREMENT,
  `iDashBoardPageId` int(11) DEFAULT '0',
  `iTabId` int(11) DEFAULT NULL,
  `iDashBoardId` int(11) DEFAULT NULL,
  `eBlockColumn` enum('Left','Middle','Right') NOT NULL DEFAULT 'Left',
  `eWidthModel` enum('33%','50%','66%','100%') NOT NULL DEFAULT '50%',
  `eHeightModel` enum('150','200','250','300','350','400','450','500','33%','50%','66%','100%') NOT NULL DEFAULT '250',
  `tLayoutJSON` text,
  `iBlockOrder` int(5) DEFAULT '1',
  PRIMARY KEY (`iPageBlockId`),
  KEY `iDashBoardPageId` (`iDashBoardPageId`)
) ENGINE=InnoDB DEFAULT CHARSET=utf8;



-- --------------------------------------------------------

--
-- Table structure for table `mod_admin_dashboard_settings`
--
DROP TABLE IF EXISTS `mod_admin_dashboard_settings`;

CREATE TABLE `mod_admin_dashboard_settings` (
  `iBoardSettingsId` int(11) NOT NULL AUTO_INCREMENT,
  `iDashBoardId` int(11) NOT NULL,
  `iHBTableId` int(11) NOT NULL,
  `vTableName` varchar(500) DEFAULT NULL,
  `vTableAlias` varchar(500) DEFAULT NULL,
  `iHBFieldId` int(11) NOT NULL,
  `vFieldName` varchar(500) DEFAULT NULL,
  `vAliasName` varchar(500) NOT NULL,
  `vType` varchar(255) NOT NULL,
  `vProperties` text NOT NULL,
  `eDateFilter` enum('Yes','No') NOT NULL DEFAULT 'No',
  `eShowType` enum('Grid','None') NOT NULL DEFAULT 'Grid',
  `vDisplayName` varchar(500) NOT NULL,
  `vDisplayInQuery` text NOT NULL,
  `vSQLFunction` varchar(500) DEFAULT NULL,
  `vDateFormat` varchar(500) DEFAULT NULL,
  `eEditLink` enum('Yes','No') NOT NULL DEFAULT 'No',
  `eHideColumn` enum('Yes','No') NOT NULL DEFAULT 'No',
  `eImageType` enum('Yes','No') NOT NULL DEFAULT 'No',
  `vImageProperties` text,
  `eSearch` enum('Yes','No') NOT NULL DEFAULT 'No',
  `eSorting` enum('Yes','No') NOT NULL DEFAULT 'Yes',
  `eSortOrder` enum('ASC','DESC') NOT NULL DEFAULT 'ASC',
  `eAlignment` enum('Left','Center','Right') NOT NULL DEFAULT 'Left',
  `vFunction` varchar(500) DEFAULT NULL,
  `iWidth` int(3) NOT NULL DEFAULT '100',
  `eCustomLink` enum('Yes','No') NOT NULL DEFAULT 'No',
  `vCustomLinkAttr` text,
  `eFormatter` enum('Yes','No') NOT NULL DEFAULT 'No',
  `vFormatterFn` varchar(500) DEFAULT NULL,
  `eFrozenColumn` enum('Yes','No') NOT NULL DEFAULT 'No',
  `eOperation` enum('Count','Sum','Avg','Min','Max') NOT NULL DEFAULT 'Count',
  `vColTotDisplay` varchar(500) DEFAULT NULL,
  `vRowTotDisplay` varchar(500) DEFAULT NULL,
  `eType` enum('Report','Column','Row','Value','Listing','Grouping','Orderby','Extra') NOT NULL,
  `iOrder` int(11) NOT NULL,
  `eStatus` enum('Active','Inactive') NOT NULL,
  PRIMARY KEY (`iBoardSettingsId`),
  KEY `iDashBoardId` (`iDashBoardId`)
) ENGINE=InnoDB DEFAULT CHARSET=utf8;



-- --------------------------------------------------------

--
-- Table structure for table `mod_admin_menu`
--
DROP TABLE IF EXISTS `mod_admin_menu`;

CREATE TABLE `mod_admin_menu` (
  `iAdminMenuId` int(11) NOT NULL AUTO_INCREMENT,
  `iParentId` int(11) DEFAULT NULL COMMENT 'This refers to parent menu',
  `vMenuDisplay` varchar(250) NOT NULL,
  `vIcon` varchar(255) DEFAULT NULL,
  `vURL` varchar(250) DEFAULT NULL,
  `eMenuType` enum('Custom','Module','Dashboard') NOT NULL DEFAULT 'Module',
  `iModuleId` int(11) NOT NULL,
  `vModuleName` varchar(255) DEFAULT NULL COMMENT 'This refers to Module Names',
  `iDashBoardPageId` int(11) DEFAULT '0',
  `vDashBoardPage` varchar(255) DEFAULT NULL,
  `vUniqueMenuCode` varchar(500) NOT NULL,
  `iSequenceOrder` int(11) NOT NULL DEFAULT '1',
  `eStatus` enum('Active','Inactive','Hidden') NOT NULL,
  `iSysRecDeleted` tinyint(5) DEFAULT '0',
  PRIMARY KEY (`iAdminMenuId`)
) ENGINE=InnoDB AUTO_INCREMENT=30 DEFAULT CHARSET=utf8;


--
-- Dumping data for table `mod_admin_menu`
--

INSERT INTO `mod_admin_menu` (`iAdminMenuId`, `iParentId`, `vMenuDisplay`, `vIcon`, `vURL`, `eMenuType`, `iModuleId`, `vModuleName`, `iDashBoardPageId`, `vDashBoardPage`, `vUniqueMenuCode`, `iSequenceOrder`, `eStatus`, `iSysRecDeleted`) VALUES 
(1, 0, 'Home', 'icomoon-icon-home', 'dashboard/dashboard/sitemap', 'Custom', 0, '', 0, '', 'Home', 1, 'Active', 0), 
(2, 0, 'Users', 'entypo-icon-users', 'user/admin/index', 'Module', 1, 'Admin', 0, '', 'Users', 2, 'Active', 0), 
(3, 2, 'Admin', 'icomoon-icon-user-4', 'user/admin/index', 'Module', 1, 'Admin', 0, '', 'UsersAdmin', 1, 'Active', 0), 
(4, 0, 'Tools', 'icomoon-icon-hammer', 'tools/country/index', 'Module', 3, 'Country', 0, '', 'Tools', 3, 'Active', 0), 
(5, 4, 'Country', 'icomoon-icon-office', 'tools/country/index', 'Module', 3, 'Country', 0, '', 'ToolsCountry', 1, 'Active', 0), 
(6, 4, 'State', 'icomoon-icon-home-7', 'tools/state/index', 'Module', 4, 'State', 0, '', 'ToolsState', 2, 'Active', 0), 
(7, 0, 'Settings', 'entypo-icon-settings', 'tools/settings/index|mode|Appearance', 'Custom', 0, '', 0, '', 'Settings', 5, 'Active', 0), 
(8, 7, 'Appearance', 'brocco-icon-picture', 'tools/settings/index|mode|Appearance', 'Custom', 0, '', 0, '', 'SettingsAppearance', 1, 'Active', 0), 
(9, 7, 'Email', 'iconic-icon-mail', 'tools/settings/index|mode|Email', 'Custom', 0, '', 0, '', 'SettingsEmail', 3, 'Active', 0), 
(10, 7, 'Company', 'icomoon-icon-address', 'tools/settings/index|mode|Company', 'Custom', 0, '', 0, '', 'SettingsCompany', 4, 'Active', 0), 
(11, 1, 'Sitemap', 'minia-icon-monitor', 'dashboard/dashboard/sitemap', 'Custom', 0, '', 0, '', 'HomeSitemap', 1, 'Active', 0), 
(12, 2, 'Group', 'icomoon-icon-accessibility', 'user/group/index', 'Module', 2, 'Group', 0, '', 'Group', 2, 'Active', 0), 
(14, 7, 'Prices', 'icomoon-icon-coins', 'tools/settings/index|mode|Prices', 'Custom', 0, '', 0, '', 'SettingsPrices', 6, 'Active', 0), 
(15, 0, 'Utilities', 'icomoon-icon-storage', 'tools/backup/index', 'Custom', 0, '', 0, '', 'Utilities', 6, 'Active', 0), 
(16, 15, 'Backup', 'minia-icon-download', 'tools/backup/index', 'Custom', 0, '', 0, '', 'UtilitiesBackup', 1, 'Active', 0), 
(17, 0, 'Resources', 'minia-icon-window', 'tools/systememails/index', 'Module', 5, 'systememails', 0, '', 'Resources', 5, 'Active', 0), 
(18, 17, 'System Emails', 'entypo-icon-email', 'tools/systememails/index', 'Module', 5, 'SystemEmails', 0, '', 'SystemEmails', 1, 'Active', 0), 
(19, 17, 'BulkEmail', 'icomoon-icon-mail-4', 'tools/bulkemail/index', 'Custom', 0, '', 0, '', 'BulkEmail', 2, 'Active', 0), 
(20, 2, 'Log History', 'entypo-icon-history', 'user/loghistory/index', 'Module', 7, 'LogHistory', 0, '', 'Log_History', 3, 'Active', 0), 
(21, 4, 'Static Pages', 'silk-icon-notebook', 'tools/staticpages/index', 'Module', 8, 'StaticPages', 0, '', 'Static_Pages', 3, 'Active', 0), 
(22, 7, 'SMS', 'icomoon-icon-mobile', 'tools/settings/index|mode|SMS', 'Custom', 0, '', 0, '', 'SettingsSMS', 7, 'Active', 0), 
(23, 15, 'Language Labels', 'icomoon-icon-brush', 'languagelabels/languagelabels/index', 'Custom', 0, '', 0, '', 'language_labels', 2, 'Active', 0), 
(24, 7, 'Preferences', 'brocco-icon-picture', 'tools/settings/index|mode|Preferences', 'Custom', 0, '', 0, '', 'SettingsPreferences', 2, 'Active', 0), 
(25, 17, 'Push Notification', ' icomoon-icon-bell-4', 'tools/pushnotify/index', 'Custom', 0, '', 0, '', 'PushNotification', 3, 'Active', 0), 
(26, 7, 'Config', 'entypo-icon-upload-2', 'tools/settings/index|mode|Config', 'Custom', 0, '', 0, '', 'SettingsConfig', 5, 'Active', 0), 
(27, 7, 'Formats', 'icomoon-icon-tools', 'tools/settings/index|mode|Formats', 'Custom', 0, '', 0, '', 'SettingsFormats', 8, 'Active', 0), 
(28, 7, 'Authenticate', ' icomoon-icon-key-3', 'tools/settings/index|mode|Authenticate', 'Custom', 0, '', 0, '', 'SettingsAuthenticate', 9, 'Active', 0), 
(29, 17, 'Sent Notifications', ' icomoon-icon-pin', 'notifications/notifications/index', 'Custom', 0, '', 0, '', 'SentNotifications', 4, 'Active', 0);


-- --------------------------------------------------------

--
-- Table structure for table `mod_admin_navigation_log`
--
DROP TABLE IF EXISTS `mod_admin_navigation_log`;

CREATE TABLE `mod_admin_navigation_log` (
  `iNavigationId` int(11) NOT NULL AUTO_INCREMENT,
  `iAdminId` int(11) DEFAULT NULL,
  `iModuleId` int(11) DEFAULT NULL,
  `vMainMenu` varchar(500) DEFAULT NULL,
  `vSubMenu` varchar(500) DEFAULT NULL,
  `vRecordName` varchar(500) DEFAULT NULL,
  `vNavigQString` text,
  `vSupQString` text,
  `eNavigAction` enum('Viewed','Added','Modified','Deleted') NOT NULL DEFAULT 'Viewed',
  `eNavigType` enum('List','Form') NOT NULL DEFAULT 'List',
  `dTimeStamp` datetime DEFAULT NULL,
  `iSysRecDeleted` tinyint(5) DEFAULT '0',
  PRIMARY KEY (`iNavigationId`),
  KEY `iAdminId` (`iAdminId`)
) ENGINE=InnoDB AUTO_INCREMENT=302 DEFAULT CHARSET=utf8;



-- --------------------------------------------------------

--
-- Table structure for table `mod_city`
--
DROP TABLE IF EXISTS `mod_city`;

CREATE TABLE `mod_city` (
  `iCityId` int(11) NOT NULL AUTO_INCREMENT,
  `vCity` varchar(255) NOT NULL COMMENT 'NAME',
  `vCityCode` varchar(50) NOT NULL,
  `vLatitude` varchar(255) NOT NULL,
  `vLongitude` varchar(255) NOT NULL,
  `iCountryId` int(11) NOT NULL,
  `vCountryCode` varchar(10) NOT NULL,
  `iStateId` int(11) NOT NULL DEFAULT '0',
  `vStateCode` varchar(100) NOT NULL,
  `eStatus` enum('Active','Inactive') NOT NULL DEFAULT 'Active' COMMENT 'STATUS',
  `iSysRecDeleted` tinyint(5) DEFAULT '0',
  PRIMARY KEY (`iCityId`)
) ENGINE=InnoDB AUTO_INCREMENT=2 DEFAULT CHARSET=utf8;


--
-- Dumping data for table `mod_city`
--

INSERT INTO `mod_city` (`iCityId`, `vCity`, `vCityCode`, `vLatitude`, `vLongitude`, `iCountryId`, `vCountryCode`, `iStateId`, `vStateCode`, `eStatus`, `iSysRecDeleted`) VALUES 
(1, 'city name', '1', '12', '21', 1, '1', 1, '1', 'Active', 0);


-- --------------------------------------------------------

--
-- Table structure for table `mod_country`
--
DROP TABLE IF EXISTS `mod_country`;

CREATE TABLE `mod_country` (
  `iCountryId` int(11) NOT NULL AUTO_INCREMENT,
  `vCountry` varchar(64) NOT NULL COMMENT 'NAME',
  `vCountryCode` char(3) NOT NULL,
  `vCountryCodeISO_3` char(3) NOT NULL,
  `tDescription` text,
  `eStatus` enum('Active','Inactive') NOT NULL COMMENT 'STATUS',
  `iSysRecDeleted` tinyint(5) DEFAULT '0',
  PRIMARY KEY (`iCountryId`)
) ENGINE=InnoDB AUTO_INCREMENT=240 DEFAULT CHARSET=utf8;


--
-- Dumping data for table `mod_country`
--

INSERT INTO `mod_country` (`iCountryId`, `vCountry`, `vCountryCode`, `vCountryCodeISO_3`, `tDescription`, `eStatus`, `iSysRecDeleted`) VALUES 
(1, 'Afghanistans', 'AF', 'AFG', '', 'Active', 0), 
(3, 'Algeria', 'DZ', 'DZA', '', 'Active', 0), 
(4, 'American Samoa', 'AS', 'ASM', '', 'Active', 0), 
(5, 'Andorra', 'AD', 'AND', '', 'Active', 0), 
(6, 'Angola', 'AO', 'AGO', '', 'Active', 0), 
(7, 'Anguilla', 'AI', 'AIA', '', 'Active', 0), 
(8, 'Antarctica', 'AQ', 'ATA', '', 'Active', 0), 
(9, 'Antigua and Barbuda', 'AG', 'ATG', '', 'Active', 0), 
(10, 'Argentina', 'AR', 'ARG', '', 'Active', 0), 
(11, 'Armenia', 'AM', 'ARM', '', 'Active', 0), 
(12, 'Aruba', 'AW', 'ABW', '', 'Active', 0), 
(13, 'Australia', 'AU', 'AUS', '', 'Active', 0), 
(14, 'Austria', 'AT', 'AUT', '', 'Active', 0), 
(15, 'Azerbaijan', 'AZ', 'AZE', '', 'Active', 0), 
(16, 'Bahamas', 'BS', 'BHS', '', 'Active', 0), 
(17, 'Bahrain', 'BH', 'BHR', '', 'Active', 0), 
(18, 'Bangladesh', 'BD', 'BGD', '', 'Active', 0), 
(19, 'Barbados', 'BB', 'BRB', '', 'Active', 0), 
(20, 'Belarus', 'BY', 'BLR', '', 'Active', 0), 
(21, 'Belgium', 'BE', 'BEL', '', 'Active', 0), 
(22, 'Belize', 'BZ', 'BLZ', '', 'Active', 0), 
(23, 'Benin', 'BJ', 'BEN', '', 'Active', 0), 
(24, 'Bermuda', 'BM', 'BMU', '', 'Active', 0), 
(25, 'Bhutan', 'BT', 'BTN', '', 'Active', 0), 
(26, 'Bolivia', 'BO', 'BOL', '', 'Active', 0), 
(27, 'Bosnia and Herzegowina', 'BA', 'BIH', '', 'Active', 0), 
(28, 'Botswana', 'BW', 'BWA', '', 'Active', 0), 
(29, 'Bouvet Island', 'BV', 'BVT', '', 'Active', 0), 
(30, 'Brazil', 'BR', 'BRA', '', 'Active', 0), 
(31, 'British Indian Ocean Territory', 'IO', 'IOT', '', 'Active', 0), 
(32, 'Brunei Darussalam', 'BN', 'BRN', '', 'Active', 0), 
(33, 'Bulgaria', 'BG', 'BGR', '', 'Active', 0), 
(34, 'Burkina Faso', 'BF', 'BFA', '', 'Active', 0), 
(35, 'Burundi', 'BI', 'BDI', '', 'Active', 0), 
(36, 'Cambodia', 'KH', 'KHM', '', 'Active', 0), 
(37, 'Cameroon', 'CM', 'CMR', '', 'Active', 0), 
(38, 'Canada', 'CA', 'CAN', '', 'Active', 0), 
(39, 'Cape Verde', 'CV', 'CPV', '', 'Active', 0), 
(40, 'Cayman Islands', 'KY', 'CYM', '', 'Active', 0), 
(41, 'Central African Republic', 'CF', 'CAF', '', 'Active', 0), 
(42, 'Chad', 'TD', 'TCD', '', 'Active', 0), 
(43, 'Chile', 'CL', 'CHL', '', 'Active', 0), 
(44, 'China', 'CN', 'CHN', '', 'Active', 0), 
(45, 'Christmas Island', 'CX', 'CXR', '', 'Active', 0), 
(46, 'Cocos (Keeling) Islands', 'CC', 'CCK', '', 'Active', 0), 
(47, 'Colombia', 'CO', 'COL', '', 'Active', 0), 
(48, 'Comoros', 'KM', 'COM', '', 'Active', 0), 
(49, 'Congo', 'CG', 'COG', '', 'Active', 0), 
(50, 'Cook Islands', 'CK', 'COK', '', 'Active', 0), 
(51, 'Costa Rica', 'CR', 'CRI', '', 'Active', 0), 
(52, 'Cote D''Ivoire', 'CI', 'CIV', '', 'Active', 0), 
(53, 'Croatia', 'HR', 'HRV', '', 'Active', 0), 
(54, 'Cuba', 'CU', 'CUB', '', 'Active', 0), 
(55, 'Cyprus', 'CY', 'CYP', '', 'Active', 0), 
(56, 'Czech Republic', 'CZ', 'CZE', '', 'Active', 0), 
(57, 'Denmark', 'DK', 'DNK', '', 'Active', 0), 
(58, 'Djibouti', 'DJ', 'DJI', '', 'Active', 0), 
(59, 'Dominica', 'DM', 'DMA', '', 'Active', 0), 
(60, 'Dominican Republic', 'DO', 'DOM', '', 'Active', 0), 
(61, 'East Timor', 'TP', 'TMP', '', 'Active', 0), 
(62, 'Ecuador', 'EC', 'ECU', '', 'Active', 0), 
(63, 'Egypt', 'EG', 'EGY', '', 'Active', 0), 
(64, 'El Salvador', 'SV', 'SLV', '', 'Active', 0), 
(65, 'Equatorial Guinea', 'GQ', 'GNQ', '', 'Active', 0), 
(66, 'Eritrea', 'ER', 'ERI', '', 'Active', 0), 
(67, 'Estonia', 'EE', 'EST', '', 'Active', 0), 
(68, 'Ethiopia', 'ET', 'ETH', '', 'Active', 0), 
(69, 'Falkland Islands (Malvinas)', 'FK', 'FLK', '', 'Active', 0), 
(70, 'Faroe Islands', 'FO', 'FRO', '', 'Active', 0), 
(71, 'Fiji', 'FJ', 'FJI', '', 'Active', 0), 
(72, 'Finland', 'FI', 'FIN', '', 'Active', 0), 
(73, 'France', 'FR', 'FRA', '', 'Active', 0), 
(74, 'France, Metropolitan', 'FX', 'FXX', '', 'Active', 0), 
(75, 'French Guiana', 'GF', 'GUF', '', 'Active', 0), 
(76, 'French Polynesia', 'PF', 'PYF', '', 'Active', 0), 
(77, 'French Southern Territories', 'TF', 'ATF', '', 'Active', 0), 
(78, 'Gabon', 'GA', 'GAB', '', 'Active', 0), 
(79, 'Gambia', 'GM', 'GMB', '', 'Active', 0), 
(80, 'Georgia', 'GE', 'GEO', '', 'Active', 0), 
(81, 'Germany', 'DE', 'DEU', '', 'Active', 0), 
(82, 'Ghana', 'GH', 'GHA', '', 'Active', 0), 
(83, 'Gibraltar', 'GI', 'GIB', '', 'Active', 0), 
(84, 'Greece', 'GR', 'GRC', '', 'Active', 0), 
(85, 'Greenland', 'GL', 'GRL', '', 'Active', 0), 
(86, 'Grenada', 'GD', 'GRD', '', 'Active', 0), 
(87, 'Guadeloupe', 'GP', 'GLP', '', 'Active', 0), 
(88, 'Guam', 'GU', 'GUM', '', 'Active', 0), 
(89, 'Guatemala', 'GT', 'GTM', '', 'Active', 0), 
(90, 'Guinea', 'GN', 'GIN', '', 'Active', 0), 
(91, 'Guinea-bissau', 'GW', 'GNB', '', 'Active', 0), 
(92, 'Guyana', 'GY', 'GUY', '', 'Active', 0), 
(93, 'Haiti', 'HT', 'HTI', '', 'Active', 0), 
(94, 'Heard and Mc Donald Islands', 'HM', 'HMD', '', 'Active', 0), 
(95, 'Honduras', 'HN', 'HND', '', 'Active', 0), 
(96, 'Hong Kong', 'HK', 'HKG', '', 'Active', 0), 
(97, 'Hungary', 'HU', 'HUN', '', 'Active', 0), 
(98, 'Iceland', 'IS', 'ISL', '', 'Active', 0), 
(99, 'India', 'IN', 'IND', '', 'Active', 0), 
(100, 'Indonesia', 'ID', 'IDN', '', 'Active', 0), 
(101, 'Iran (Islamic Republic of)', 'IR', 'IRN', '', 'Active', 0), 
(102, 'Iraq', 'IQ', 'IRQ', '', 'Active', 0), 
(103, 'Ireland', 'IE', 'IRL', '', 'Active', 0), 
(104, 'Israel', 'IL', 'ISR', '', 'Active', 0), 
(105, 'Italy', 'IT', 'ITA', '', 'Active', 0), 
(106, 'Jamaica', 'JM', 'JAM', '', 'Active', 0), 
(107, 'Japan', 'JP', 'JPN', '', 'Active', 0), 
(108, 'Jordan', 'JO', 'JOR', '', 'Active', 0), 
(109, 'Kazakhstan', 'KZ', 'KAZ', '', 'Active', 0), 
(110, 'Kenya', 'KE', 'KEN', '', 'Active', 0), 
(111, 'Kiribati', 'KI', 'KIR', '', 'Active', 0), 
(112, 'Korea, Democratic People''s Republic of', 'KP', 'PRK', '', 'Active', 0), 
(113, 'Korea, Republic of', 'KR', 'KOR', '', 'Active', 0), 
(114, 'Kuwait', 'KW', 'KWT', '', 'Active', 0), 
(115, 'Kyrgyzstan', 'KG', 'KGZ', '', 'Active', 0), 
(116, 'Lao People''s Democratic Republic', 'LA', 'LAO', '', 'Active', 0), 
(117, 'Latvia', 'LV', 'LVA', '', 'Active', 0), 
(118, 'Lebanon', 'LB', 'LBN', '', 'Active', 0), 
(119, 'Lesotho', 'LS', 'LSO', '', 'Active', 0), 
(120, 'Liberia', 'LR', 'LBR', '', 'Active', 0), 
(121, 'Libyan Arab Jamahiriya', 'LY', 'LBY', '', 'Active', 0), 
(122, 'Liechtenstein', 'LI', 'LIE', '', 'Active', 0), 
(123, 'Lithuania', 'LT', 'LTU', '', 'Active', 0), 
(124, 'Luxembourg', 'LU', 'LUX', '', 'Active', 0), 
(125, 'Macau', 'MO', 'MAC', '', 'Active', 0), 
(126, 'Macedonia, The Former Yugoslav Republic of', 'MK', 'MKD', '', 'Active', 0), 
(127, 'Madagascar', 'MG', 'MDG', '', 'Active', 0), 
(128, 'Malawi', 'MW', 'MWI', '', 'Active', 0), 
(129, 'Malaysia', 'MY', 'MYS', '', 'Active', 0), 
(130, 'Maldives', 'MV', 'MDV', '', 'Active', 0), 
(131, 'Mali', 'ML', 'MLI', '', 'Active', 0), 
(132, 'Malta', 'MT', 'MLT', '', 'Active', 0), 
(133, 'Marshall Islands', 'MH', 'MHL', '', 'Active', 0), 
(134, 'Martinique', 'MQ', 'MTQ', '', 'Active', 0), 
(135, 'Mauritania', 'MR', 'MRT', '', 'Active', 0), 
(136, 'Mauritius', 'MU', 'MUS', '', 'Active', 0), 
(137, 'Mayotte', 'YT', 'MYT', '', 'Active', 0), 
(138, 'Mexico', 'MX', 'MEX', '', 'Active', 0), 
(139, 'Micronesia, Federated States of', 'FM', 'FSM', '', 'Active', 0), 
(140, 'Moldova, Republic of', 'MD', 'MDA', '', 'Active', 0), 
(141, 'Monaco', 'MC', 'MCO', '', 'Active', 0), 
(142, 'Mongolia', 'MN', 'MNG', '', 'Active', 0), 
(143, 'Montserrat', 'MS', 'MSR', '', 'Active', 0), 
(144, 'Morocco', 'MA', 'MAR', '', 'Active', 0), 
(145, 'Mozambique', 'MZ', 'MOZ', '', 'Active', 0), 
(146, 'Myanmar', 'MM', 'MMR', '', 'Active', 0), 
(147, 'Namibia', 'NA', 'NAM', '', 'Active', 0), 
(148, 'Nauru', 'NR', 'NRU', '', 'Active', 0), 
(149, 'Nepal', 'NP', 'NPL', '', 'Active', 0), 
(150, 'Netherlands', 'NL', 'NLD', '', 'Active', 0), 
(151, 'Netherlands Antilles', 'AN', 'ANT', '', 'Active', 0), 
(152, 'New Caledonia', 'NC', 'NCL', '', 'Active', 0), 
(153, 'New Zealand', 'NZ', 'NZL', '', 'Active', 0), 
(154, 'Nicaragua', 'NI', 'NIC', '', 'Active', 0), 
(155, 'Niger', 'NE', 'NER', '', 'Active', 0), 
(156, 'Nigeria', 'NG', 'NGA', '', 'Active', 0), 
(157, 'Niue', 'NU', 'NIU', '', 'Active', 0), 
(158, 'Norfolk Island', 'NF', 'NFK', '', 'Active', 0), 
(159, 'Northern Mariana Islands', 'MP', 'MNP', '', 'Active', 0), 
(160, 'Norway', 'NO', 'NOR', '', 'Active', 0), 
(161, 'Oman', 'OM', 'OMN', '', 'Active', 0), 
(162, 'Pakistan', 'PK', 'PAK', '', 'Active', 0), 
(163, 'Palau', 'PW', 'PLW', '', 'Active', 0), 
(164, 'Panama', 'PA', 'PAN', '', 'Active', 0), 
(165, 'Papua New Guinea', 'PG', 'PNG', '', 'Active', 0), 
(166, 'Paraguay', 'PY', 'PRY', '', 'Active', 0), 
(167, 'Peru', 'PE', 'PER', '', 'Inactive', 0), 
(168, 'Philippines', 'PH', 'PHL', '', 'Inactive', 0), 
(169, 'Pitcairn', 'PN', 'PCN', '', 'Active', 0), 
(170, 'Poland', 'PL', 'POL', '', 'Active', 0), 
(171, 'Portugal', 'PT', 'PRT', '', 'Active', 0), 
(172, 'Puerto Rico', 'PR', 'PRI', '', 'Active', 0), 
(173, 'Qatar', 'QA', 'QAT', '', 'Active', 0), 
(174, 'Reunion', 'RE', 'REU', '', 'Active', 0), 
(175, 'Romania', 'RO', 'ROM', '', 'Active', 0), 
(176, 'Russian Federation', 'RU', 'RUS', '', 'Active', 0), 
(177, 'Rwanda', 'RW', 'RWA', '', 'Active', 0), 
(178, 'Saint Kitts and Nevis', 'KN', 'KNA', '', 'Active', 0), 
(179, 'Saint Lucia', 'LC', 'LCA', '', 'Active', 0), 
(180, 'Saint Vincent and the Grenadines', 'VC', 'VCT', '', 'Active', 0), 
(181, 'Samoa', 'WS', 'WSM', '', 'Active', 0), 
(182, 'San Marino', 'SM', 'SMR', '', 'Active', 0), 
(183, 'Sao Tome and Principe', 'ST', 'STP', '', 'Active', 0), 
(184, 'Saudi Arabia', 'SA', 'SAU', '', 'Active', 0), 
(185, 'Senegal', 'SN', 'SEN', '', 'Active', 0), 
(186, 'Seychelles', 'SC', 'SYC', '', 'Active', 0), 
(187, 'Sierra Leone', 'SL', 'SLE', '', 'Active', 0), 
(188, 'Singapore', 'SG', 'SGP', '', 'Active', 0), 
(189, 'Slovakia (Slovak Republic)', 'SK', 'SVK', '', 'Active', 0), 
(190, 'Slovenia', 'SI', 'SVN', '', 'Active', 0), 
(191, 'Solomon Islands', 'SB', 'SLB', '', 'Active', 0), 
(192, 'Somalia', 'SO', 'SOM', '', 'Active', 0), 
(193, 'South Africa', 'ZA', 'ZAF', '', 'Active', 0), 
(194, 'South Georgia and the South Sandwich Islands', 'GS', 'SGS', '', 'Active', 0), 
(195, 'Spain', 'ES', 'ESP', '', 'Active', 0), 
(196, 'Sri Lanka', 'LK', 'LKA', '', 'Active', 0), 
(197, 'St. Helena', 'SH', 'SHN', '', 'Active', 0), 
(198, 'St. Pierre and Miquelon', 'PM', 'SPM', '', 'Active', 0), 
(199, 'Sudan', 'SD', 'SDN', '', 'Active', 0), 
(200, 'Suriname', 'SR', 'SUR', '', 'Active', 0), 
(201, 'Svalbard and Jan Mayen Islands', 'SJ', 'SJM', '', 'Active', 0), 
(202, 'Swaziland', 'SZ', 'SWZ', '', 'Active', 0), 
(203, 'Sweden', 'SE', 'SWE', '', 'Active', 0), 
(204, 'Switzerland', 'CH', 'CHE', '', 'Active', 0), 
(205, 'Syrian Arab Republic', 'SY', 'SYR', '', 'Active', 0), 
(206, 'Taiwan', 'TW', 'TWN', '', 'Active', 0), 
(207, 'Tajikistan', 'TJ', 'TJK', '', 'Active', 0), 
(208, 'Tanzania, United Republic of', 'TZ', 'TZA', '', 'Active', 0), 
(209, 'Thailand', 'TH', 'THA', '', 'Active', 0), 
(210, 'Togo', 'TG', 'TGO', '', 'Active', 0), 
(211, 'Tokelau', 'TK', 'TKL', '', 'Active', 0), 
(212, 'Tonga', 'TO', 'TON', '', 'Active', 0), 
(213, 'Trinidad and Tobago', 'TT', 'TTO', '', 'Active', 0), 
(214, 'Tunisia', 'TN', 'TUN', '', 'Active', 0), 
(215, 'Turkey', 'TR', 'TUR', '', 'Active', 0), 
(216, 'Turkmenistan', 'TM', 'TKM', '', 'Active', 0), 
(217, 'Turks and Caicos Islands', 'TC', 'TCA', '', 'Active', 0), 
(218, 'Tuvalu', 'TV', 'TUV', '', 'Active', 0), 
(219, 'Uganda', 'UG', 'UGA', '', 'Active', 0), 
(220, 'Ukraine', 'UA', 'UKR', '', 'Active', 0), 
(221, 'United Arab Emirates', 'AE', 'ARE', '', 'Active', 0), 
(222, 'United Kingdom', 'GB', 'GBR', '', 'Active', 0), 
(223, 'United States', 'US', 'USA', '', 'Active', 0), 
(224, 'United States Minor Outlying Islands', 'UM', 'UMI', '', 'Active', 0), 
(225, 'Uruguay', 'UY', 'URY', '', 'Active', 0), 
(226, 'Uzbekistan', 'UZ', 'UZB', '', 'Active', 0), 
(227, 'Vanuatu', 'VU', 'VUT', '', 'Active', 0), 
(228, 'Vatican City State (Holy See)', 'VA', 'VAT', '', 'Active', 0), 
(229, 'Venezuela', 'VE', 'VEN', '', 'Active', 0), 
(230, 'Viet Nam', 'VN', 'VNM', '', 'Active', 0), 
(231, 'Virgin Islands (British)', 'VG', 'VGB', '', 'Active', 0), 
(232, 'Virgin Islands (U.S.)', 'VI', 'VIR', '', 'Active', 0), 
(233, 'Wallis and Futuna Islands', 'WF', 'WLF', '', 'Active', 0), 
(234, 'Western Sahara', 'EH', 'ESH', '', 'Active', 0), 
(235, 'Yemen', 'YE', 'YEM', '', 'Active', 0), 
(236, 'Yugoslavia', 'YU', 'YUG', '', 'Active', 0), 
(237, 'Zaire', 'ZR', 'ZAR', '', 'Active', 0), 
(238, 'Zambia', 'ZM', 'ZMB', '', 'Active', 0), 
(239, 'Zimbabwe', 'ZW', 'ZWE', '', 'Active', 0);


-- --------------------------------------------------------

--
-- Table structure for table `mod_customer`
--
DROP TABLE IF EXISTS `mod_customer`;

CREATE TABLE `mod_customer` (
  `iCustomerId` int(11) NOT NULL AUTO_INCREMENT,
  `vFirstName` varchar(255) NOT NULL,
  `vLastName` varchar(255) NOT NULL,
  `vEmail` varchar(500) NOT NULL,
  `vUserName` varchar(255) NOT NULL,
  `vPassword` varchar(255) NOT NULL,
  `dtRegisteredDate` datetime NOT NULL,
  `eStatus` enum('Active','Inactive') NOT NULL DEFAULT 'Active',
  `iSysRecDeleted` tinyint(5) DEFAULT '0',
  PRIMARY KEY (`iCustomerId`)
) ENGINE=InnoDB DEFAULT CHARSET=utf8;



-- --------------------------------------------------------

--
-- Table structure for table `mod_executed_notifications`
--
DROP TABLE IF EXISTS `mod_executed_notifications`;

CREATE TABLE `mod_executed_notifications` (
  `iExecutedNotificationId` int(11) NOT NULL AUTO_INCREMENT,
  `iSysRecDeleted` tinyint(5) DEFAULT '0',
  `iEntityId` int(11) DEFAULT '0',
  `iGroupId` int(11) NOT NULL DEFAULT '0',
  `eEntityType` enum('Admin','Member','General') NOT NULL DEFAULT 'Admin',
  `vReceiver` varchar(500) DEFAULT NULL,
  `eNotificationType` enum('EmailNotify','PushNotify','SMS','DesktopNotify') NOT NULL DEFAULT 'EmailNotify',
  `vRedirectLink` text,
  `vSubject` varchar(255) DEFAULT NULL,
  `tContent` text,
  `eStatus` enum('Pending','Executed','Failed') NOT NULL DEFAULT 'Executed',
  `dtSendDateTime` datetime DEFAULT NULL,
  PRIMARY KEY (`iExecutedNotificationId`),
  KEY `iEntityId` (`iEntityId`)
) ENGINE=InnoDB DEFAULT CHARSET=utf8;



-- --------------------------------------------------------

--
-- Table structure for table `mod_group_master`
--
DROP TABLE IF EXISTS `mod_group_master`;

CREATE TABLE `mod_group_master` (
  `iGroupId` int(11) NOT NULL AUTO_INCREMENT,
  `vGroupName` varchar(255) NOT NULL,
  `vGroupCode` varchar(255) NOT NULL,
  `vGroupingAttr` text,
  `eStatus` enum('Active','Inactive') NOT NULL,
  `iSysRecDeleted` tinyint(5) DEFAULT '0',
  PRIMARY KEY (`iGroupId`)
) ENGINE=InnoDB AUTO_INCREMENT=3 DEFAULT CHARSET=utf8;


--
-- Dumping data for table `mod_group_master`
--

INSERT INTO `mod_group_master` (`iGroupId`, `vGroupName`, `vGroupCode`, `vGroupingAttr`, `eStatus`, `iSysRecDeleted`) VALUES 
(1, 'Admin', 'admin', '', 'Active', 0), 
(2, 'Core Team', 'CT', 'a:2:{s:8:"menuItem";s:0:"";s:7:"phpFunc";s:0:"";}', 'Active', 0);


-- --------------------------------------------------------

--
-- Table structure for table `mod_group_rights`
--
DROP TABLE IF EXISTS `mod_group_rights`;

CREATE TABLE `mod_group_rights` (
  `iGroupRightId` int(11) NOT NULL AUTO_INCREMENT,
  `iGroupId` int(11) DEFAULT NULL,
  `iAdminMenuId` int(11) DEFAULT NULL,
  `eList` enum('Yes','No') NOT NULL DEFAULT 'Yes',
  `eView` enum('Yes','No') NOT NULL DEFAULT 'Yes',
  `eAdd` enum('Yes','No') NOT NULL DEFAULT 'Yes',
  `eUpdate` enum('Yes','No') NOT NULL DEFAULT 'Yes',
  `eDelete` enum('Yes','No') NOT NULL DEFAULT 'No',
  `iSysRecDeleted` tinyint(5) DEFAULT '0',
  PRIMARY KEY (`iGroupRightId`),
  KEY `iGroupId` (`iGroupId`)
) ENGINE=InnoDB AUTO_INCREMENT=115 DEFAULT CHARSET=utf8;


--
-- Dumping data for table `mod_group_rights`
--

INSERT INTO `mod_group_rights` (`iGroupRightId`, `iGroupId`, `iAdminMenuId`, `eList`, `eView`, `eAdd`, `eUpdate`, `eDelete`, `iSysRecDeleted`) VALUES 
(95, 2, 3, 'Yes', 'Yes', 'No', 'No', 'No', 0), 
(96, 2, 8, 'Yes', 'Yes', 'Yes', 'Yes', 'Yes', 0), 
(97, 2, 16, 'Yes', 'Yes', 'Yes', 'Yes', 'Yes', 0), 
(98, 2, 19, 'Yes', 'Yes', 'Yes', 'Yes', 'Yes', 0), 
(99, 2, 10, 'Yes', 'Yes', 'Yes', 'Yes', 'Yes', 0), 
(100, 2, 5, 'Yes', 'Yes', 'Yes', 'Yes', 'Yes', 0), 
(101, 2, 9, 'Yes', 'Yes', 'Yes', 'Yes', 'Yes', 0), 
(102, 2, 12, 'Yes', 'Yes', 'No', 'No', 'No', 0), 
(103, 2, 1, 'Yes', 'Yes', 'Yes', 'Yes', 'Yes', 0), 
(104, 2, 20, 'Yes', 'Yes', 'Yes', 'Yes', 'Yes', 0), 
(105, 2, 14, 'Yes', 'Yes', 'Yes', 'Yes', 'Yes', 0), 
(106, 2, 17, 'Yes', 'Yes', 'Yes', 'Yes', 'Yes', 0), 
(107, 2, 7, 'Yes', 'Yes', 'Yes', 'Yes', 'Yes', 0), 
(108, 2, 11, 'Yes', 'Yes', 'Yes', 'Yes', 'Yes', 0), 
(109, 2, 6, 'Yes', 'Yes', 'Yes', 'Yes', 'Yes', 0), 
(110, 2, 21, 'Yes', 'Yes', 'Yes', 'Yes', 'Yes', 0), 
(111, 2, 18, 'Yes', 'Yes', 'Yes', 'Yes', 'Yes', 0), 
(112, 2, 4, 'Yes', 'Yes', 'Yes', 'Yes', 'Yes', 0), 
(113, 2, 2, 'Yes', 'Yes', 'Yes', 'Yes', 'Yes', 0), 
(114, 2, 15, 'Yes', 'Yes', 'Yes', 'Yes', 'Yes', 0);


-- --------------------------------------------------------

--
-- Table structure for table `mod_language`
--
DROP TABLE IF EXISTS `mod_language`;

CREATE TABLE `mod_language` (
  `iLangId` int(11) NOT NULL AUTO_INCREMENT,
  `vLangTitle` varchar(500) NOT NULL,
  `vLangCode` varchar(500) NOT NULL,
  `vLangImage` varchar(500) NOT NULL,
  `ePrimary` enum('Yes','No') NOT NULL DEFAULT 'No',
  `eStatus` enum('Active','Inactive') NOT NULL DEFAULT 'Active',
  `iSysRecDeleted` tinyint(5) DEFAULT '0',
  PRIMARY KEY (`iLangId`)
) ENGINE=InnoDB AUTO_INCREMENT=2 DEFAULT CHARSET=utf8;


--
-- Dumping data for table `mod_language`
--

INSERT INTO `mod_language` (`iLangId`, `vLangTitle`, `vLangCode`, `vLangImage`, `ePrimary`, `eStatus`, `iSysRecDeleted`) VALUES 
(1, 'English', 'EN', 'United States of America(USA).png', 'Yes', 'Active', 0);


-- --------------------------------------------------------

--
-- Table structure for table `mod_language_label`
--
DROP TABLE IF EXISTS `mod_language_label`;

CREATE TABLE `mod_language_label` (
  `iLanguageLabelId` int(12) NOT NULL AUTO_INCREMENT,
  `vLabel` varchar(255) NOT NULL,
  `vModule` varchar(255) NOT NULL,
  `vPage` varchar(255) NOT NULL COMMENT 'should  be Update/Listing/Dashboard',
  `iSysRecDeleted` int(11) DEFAULT '0',
  `eStatus` enum('Active','Inactive','Archive') NOT NULL,
  PRIMARY KEY (`iLanguageLabelId`),
  UNIQUE KEY `Index` (`iLanguageLabelId`,`vLabel`)
) ENGINE=InnoDB AUTO_INCREMENT=703 DEFAULT CHARSET=utf8;


--
-- Dumping data for table `mod_language_label`
--

INSERT INTO `mod_language_label` (`iLanguageLabelId`, `vLabel`, `vModule`, `vPage`, `iSysRecDeleted`, `eStatus`) VALUES 
(1, 'GENERIC_ADMIN_LOGIN', 'Generic', 'Update', 0, 'Active'), 
(2, 'GENERIC_LOGIN', 'Generic', 'Update', 0, 'Active'), 
(3, 'GENERIC_PASSWORD', 'Generic', 'Update', 0, 'Active'), 
(4, 'GENERIC_REMEMBER_ME', 'Generic', 'Update', 0, 'Active'), 
(5, 'GENERIC_FORGOT_YOUR_PASSWORD', 'Generic', 'Update', 0, 'Active'), 
(6, 'GENERIC_MAKE_IT_SECRET', 'Generic', 'Update', 0, 'Active'), 
(7, 'GENERIC_USERNAME', 'Generic', 'Update', 0, 'Active'), 
(8, 'GENERIC_GROUP_NAME', 'Generic', 'Update', 0, 'Active'), 
(9, 'GENERIC_GROUP_CODE', 'Generic', 'Update', 0, 'Active'), 
(10, 'GENERIC_STATUS', 'Generic', 'Update', 0, 'Active'), 
(11, 'GENERIC_SELECT_MODULES', 'Generic', 'Update', 0, 'Active'), 
(12, 'GENERIC_BACK_TO_GROUP_LISTING', 'Generic', 'Update', 0, 'Active'), 
(13, 'GENERIC_GROUP', 'Generic', 'Update', 0, 'Active'), 
(14, 'GENERIC_NEXT_SHORT', 'Generic', 'Update', 0, 'Active'), 
(15, 'GENERIC_PREV_SHORT', 'Generic', 'Update', 0, 'Active'), 
(16, 'GENERIC_EMAIL_TITLE', 'Generic', 'Update', 0, 'Active'), 
(17, 'GENERIC_EMAIL_CODE', 'Generic', 'Update', 0, 'Active'), 
(18, 'GENERIC_EMAIL_SUBJECT', 'Generic', 'Update', 0, 'Active'), 
(19, 'GENERIC_FROM_NAME', 'Generic', 'Update', 0, 'Active'), 
(20, 'GENERIC_FROM_EMAIL', 'Generic', 'Update', 0, 'Active'), 
(21, 'GENERIC_SYSTEM_EMAILS', 'Generic', 'Update', 0, 'Active'), 
(22, 'GENERIC_BACK_TO_SYSTEM_EMAILS_LISTING', 'Generic', 'Update', 0, 'Active'), 
(23, 'GENERIC_VARIABLES', 'Generic', 'Update', 0, 'Active'), 
(24, 'GENERIC_ADD_NEW', 'Generic', 'Update', 0, 'Active'), 
(25, 'GENERIC_MINIMIZE', 'Generic', 'Update', 0, 'Active'), 
(26, 'GENERIC_DESCRIPTION', 'Generic', 'Update', 0, 'Active'), 
(27, 'GENERIC_ACTIONS', 'Generic', 'Update', 0, 'Active'), 
(28, 'GENERIC_DELETE', 'Generic', 'Update', 0, 'Active'), 
(29, 'GENERIC_EMAIL_MESSAGE', 'Generic', 'Update', 0, 'Active'), 
(30, 'GENERIC_SEND_TO', 'Generic', 'Update', 0, 'Active'), 
(31, 'GENERIC_ENTER_EMAIL_ADDRESS', 'Generic', 'Update', 0, 'Active'), 
(32, 'GENERIC_NO_GROUP_PRESENT', 'Generic', 'Update', 0, 'Active'), 
(33, 'GENERIC_PLEASE_ENTER_FROM_NAME', 'Generic', 'Update', 0, 'Active'), 
(34, 'GENERIC_PLEASE_ENTER_EMAIL_SUBJECT', 'Generic', 'Update', 0, 'Active'), 
(35, 'GENERIC_PLEASE_ENTER_FROM_EMAIL', 'Generic', 'Update', 0, 'Active'), 
(36, 'GENERIC_EMAIL_CONTENT', 'Generic', 'Update', 0, 'Active'), 
(37, 'GENERIC_SEND_MAIL', 'Generic', 'Update', 0, 'Active'), 
(38, 'GENERIC_NAVIGATION_LOG', 'Generic', 'Update', 0, 'Active'), 
(39, 'GENERIC_MENU', 'Generic', 'Update', 0, 'Active'), 
(40, 'GENERIC_NAVIGATION', 'Generic', 'Update', 0, 'Active'), 
(41, 'GENERIC_ACTION', 'Generic', 'Update', 0, 'Active'), 
(42, 'GENERIC_TIMESTAMP', 'Generic', 'Update', 0, 'Active'), 
(43, 'GENERIC_HIDE_NAVIGATION_LOG', 'Generic', 'Update', 0, 'Active'), 
(44, 'GENERIC_DATABASE_QUERY_LOG', 'Generic', 'Update', 0, 'Active'), 
(45, 'GENERIC_FLUSH', 'Generic', 'Update', 0, 'Active'), 
(46, 'GENERIC_QUERY_LOG_FILE_NOT_FOUND', 'Generic', 'Update', 0, 'Active'), 
(47, 'GENERIC_ALL', 'Generic', 'Update', 0, 'Active'), 
(48, 'GENERIC_FIRST', 'Generic', 'Update', 0, 'Active'), 
(49, 'GENERIC_LAST', 'Generic', 'Update', 0, 'Active'), 
(50, 'GENERIC_DB_QUERY', 'Generic', 'Update', 0, 'Active'), 
(51, 'GENERIC_EXECUTION_TIME_MS', 'Generic', 'Update', 0, 'Active'), 
(52, 'GENERIC_FROM_IP', 'Generic', 'Update', 0, 'Active'), 
(53, 'GENERIC_PAGES', 'Generic', 'Update', 0, 'Active'), 
(54, 'GENERIC_GO', 'Generic', 'Update', 0, 'Active'), 
(55, 'GENERIC_HIDE_DB_QUERIES_LOG', 'Generic', 'Update', 0, 'Active'), 
(56, 'GENERIC_CHANGE_PASSWORD', 'Generic', 'Update', 0, 'Active'), 
(57, 'GENERIC_EDIT_PROFILE', 'Generic', 'Update', 0, 'Active'), 
(58, 'GENERIC_LOGOUT', 'Generic', 'Update', 0, 'Active'), 
(59, 'GENERIC_LOGGED_USER', 'Generic', 'Update', 0, 'Active'), 
(60, 'GENERIC_FULL_BACKUP', 'Generic', 'Update', 0, 'Active'), 
(61, 'GENERIC_TABLE_BACKUP', 'Generic', 'Update', 0, 'Active'), 
(62, 'GENERIC_OLD_PASSWORD', 'Generic', 'Update', 0, 'Active'), 
(63, 'GENERIC_NEW_PASSWORD', 'Generic', 'Update', 0, 'Active'), 
(64, 'GENERIC_CONFIRM_PASSWORD', 'Generic', 'Update', 0, 'Active'), 
(65, 'GENERIC_PLEASE_ENTER_OLD_PASSWORD', 'Generic', 'Update', 0, 'Active'), 
(66, 'GENERIC_PLEASE_ENTER_NEW_PASSWORD', 'Generic', 'Update', 0, 'Active'), 
(67, 'GENERIC_PLEASE_REENTER_PASSWORD', 'Generic', 'Update', 0, 'Active'), 
(68, 'GENERIC_RESET_PASSWORD', 'Generic', 'Update', 0, 'Active'), 
(69, 'GENERIC_RETYPE_PASSWORD', 'Generic', 'Update', 0, 'Active'), 
(70, 'GENERIC_RESET_CODE', 'Generic', 'Update', 0, 'Active'), 
(71, 'GENERIC_GO_BACK', 'Generic', 'Update', 0, 'Active'), 
(72, 'GENERIC_SITEMAP', 'Generic', 'Update', 0, 'Active'), 
(73, 'GENERIC_FORBIDDEN', 'Generic', 'Update', 0, 'Active'), 
(74, 'GENERIC_LIST', 'Generic', 'Update', 0, 'Active'), 
(75, 'GENERIC_EDIT', 'Generic', 'Update', 0, 'Active'), 
(76, 'GENERIC_UPDATE', 'Generic', 'Update', 0, 'Active'), 
(77, 'GENERIC_ADD', 'Generic', 'Update', 0, 'Active'), 
(78, 'GENERIC_LIST_SHORT', 'Generic', 'Update', 0, 'Active'), 
(79, 'GENERIC_STAY_SHORT', 'Generic', 'Update', 0, 'Active'), 
(80, 'GENERIC_SAVE', 'Generic', 'Update', 0, 'Active'), 
(81, 'GENERIC_DISCARD', 'Generic', 'Update', 0, 'Active'), 
(82, 'GENERIC_LISTING', 'Generic', 'Update', 0, 'Active'), 
(83, 'GENERIC_SHOW_VIEW', 'Generic', 'Update', 0, 'Active'), 
(84, 'GENERIC_HIDE_VIEW', 'Generic', 'Update', 0, 'Active'), 
(85, 'GENERIC_PIVOT_TABLE', 'Generic', 'Update', 0, 'Active'), 
(86, 'GENERIC_CHARTS', 'Generic', 'Update', 0, 'Active'), 
(87, 'GENERIC_BAR_CHART', 'Generic', 'Update', 0, 'Active'), 
(88, 'GENERIC_PIE_CHART', 'Generic', 'Update', 0, 'Active'), 
(89, 'GENERIC_HORIZONTAL_BAR_CHART', 'Generic', 'Update', 0, 'Active'), 
(90, 'GENERIC_DONUT_CHART', 'Generic', 'Update', 0, 'Active'), 
(91, 'GENERIC_GRID_DELETE', 'Generic', 'Update', 0, 'Active'), 
(92, 'GENERIC_GRID_ADD_NEW', 'Generic', 'Update', 0, 'Active'), 
(93, 'GENERIC_GRID_CANCEL', 'Generic', 'Update', 0, 'Active'), 
(94, 'GENERIC_GRID_SEARCH', 'Generic', 'Update', 0, 'Active'), 
(95, 'GENERIC_GRID_ADVANCE_SEARCH', 'Generic', 'Update', 0, 'Active'), 
(96, 'GENERIC_GRID_EXPORT', 'Generic', 'Update', 0, 'Active'), 
(97, 'GENERIC_GRID_SHOW_ALL', 'Generic', 'Update', 0, 'Active'), 
(98, 'GENERIC_GRID_COLUMNS', 'Generic', 'Update', 0, 'Active'), 
(99, 'GENERIC_GRID_NO_RECORDS_FOUND', 'Generic', 'Update', 0, 'Active'), 
(100, 'GENERIC_GRID_SHOW_ALL_LISTING_RECORDS', 'Generic', 'Update', 0, 'Active'), 
(101, 'GENERIC_GRID_PLEASE_SELECT_ANY_RECORD', 'Generic', 'Update', 0, 'Active'), 
(102, 'GENERIC_GRID_ARE_YOU_SURE_WANT_TO_DELETE_SELECTED_RECORDS', 'Generic', 'Update', 0, 'Active'), 
(103, 'GENERIC_GRID_RECORDS_DELETED_SUCCESSFULLY', 'Generic', 'Update', 0, 'Active'), 
(104, 'GENERIC_GRID_ERROR_IN_DELETION', 'Generic', 'Update', 0, 'Active'), 
(105, 'GENERIC_GRID_FIND', 'Generic', 'Update', 0, 'Active'), 
(106, 'GENERIC_GRID_RESET', 'Generic', 'Update', 0, 'Active'), 
(107, 'GENERIC_GRID_HIDESHOW_COLUMNS', 'Generic', 'Update', 0, 'Active'), 
(108, 'GENERIC_GRID_PLEASE_SELECT_ATLEAST_ONE_COLUMN', 'Generic', 'Update', 0, 'Active'), 
(109, 'GENERIC_GRID_EXPORT_ALL', 'Generic', 'Update', 0, 'Active'), 
(110, 'GENERIC_GRID_RECORDS', 'Generic', 'Update', 0, 'Active'), 
(111, 'GENERIC_GRID_EXPORT_CURRENT_PAGE_RECORDS', 'Generic', 'Update', 0, 'Active'), 
(112, 'GENERIC_GRID_SELECT_COLUMNS', 'Generic', 'Update', 0, 'Active'), 
(113, 'GENERIC_GRID_ERROR', 'Generic', 'Update', 0, 'Active'), 
(114, 'GENERIC_GRID_OK', 'Generic', 'Update', 0, 'Active'), 
(115, 'GENERIC_GRID_SAVE_ALL', 'Generic', 'Update', 0, 'Active'), 
(116, 'GENERIC_GRID_CANCEL_ALL', 'Generic', 'Update', 0, 'Active'), 
(117, 'GENERIC_GRID_ERROR_IN_UPDATION', 'Generic', 'Update', 0, 'Active'), 
(118, 'GENERIC_GRID_NO_DATA_FIELDS_FOUND_FOR_SAVING', 'Generic', 'Update', 0, 'Active'), 
(119, 'GENERIC_GRID_NO_DATA_FIELDS', 'Generic', 'Update', 0, 'Active'), 
(120, 'GENERIC_GRID_NO_RECORDS', 'Generic', 'Update', 0, 'Active'), 
(121, 'GENERIC_GRID_RECORD_ADDED_SUCCESSFULLY', 'Generic', 'Update', 0, 'Active'), 
(122, 'GENERIC_GRID_ERROR_IN_ADDING_RECORD', 'Generic', 'Update', 0, 'Active'), 
(123, 'GENERIC_GRID_ARE_YOU_SURE_WANT_TO_DELETE_ADDED_RECORD', 'Generic', 'Update', 0, 'Active'), 
(124, 'GENERIC_GRID_NO_NEW_RECORDS_FOUND_FOR_DELETE', 'Generic', 'Update', 0, 'Active'), 
(125, 'GENERIC_GRID_ARE_YOU_SURE_WANT_TO_DELETE_ALL_NEW_RECORDS', 'Generic', 'Update', 0, 'Active'), 
(126, 'GENERIC_GRID_EXPORT_MODE', 'Generic', 'Update', 0, 'Active'), 
(127, 'GENERIC_GRID_EXPORT_TO', 'Generic', 'Update', 0, 'Active'), 
(128, 'GENERIC_GRID_EXPORT_TO_CSV', 'Generic', 'Update', 0, 'Active'), 
(129, 'GENERIC_GRID_EXPORT_TO_PDF', 'Generic', 'Update', 0, 'Active'), 
(130, 'GENERIC_GRID_SELECT_ALL', 'Generic', 'Update', 0, 'Active'), 
(131, 'GENERIC_GRID_ALL', 'Generic', 'Update', 0, 'Active'), 
(132, 'GENERIC_GRID_RECORDS_ARE_SELECTED', 'Generic', 'Update', 0, 'Active'), 
(133, 'GENERIC_GRID_CLEAR_SELECTIONS', 'Generic', 'Update', 0, 'Active'), 
(134, 'GENERIC_GRID_SELECTED', 'Generic', 'Update', 0, 'Active'), 
(135, 'GENERIC_GRID_SUCCESS_MESSAGE', 'Generic', 'Update', 0, 'Active'), 
(136, 'GENERIC_GRID_VIEW', 'Generic', 'Update', 0, 'Active'), 
(137, 'GENERIC_GRID_OF', 'Generic', 'Update', 0, 'Active'), 
(138, 'GENERIC_GRID_NO_RECORDS_TO_VIEW', 'Generic', 'Update', 0, 'Active'), 
(139, 'GENERIC_GRID_LOADING', 'Generic', 'Update', 0, 'Active'), 
(140, 'GENERIC_GRID_PAGE', 'Generic', 'Update', 0, 'Active'), 
(141, 'GENERIC_GRID_ANY', 'Generic', 'Update', 0, 'Active'), 
(142, 'GENERIC_GRID_ADD_RECORD', 'Generic', 'Update', 0, 'Active'), 
(143, 'GENERIC_GRID_EDIT_RECORD', 'Generic', 'Update', 0, 'Active'), 
(144, 'GENERIC_GRID_SUBMIT', 'Generic', 'Update', 0, 'Active'), 
(145, 'GENERIC_GRID_CLOSE', 'Generic', 'Update', 0, 'Active'), 
(146, 'GENERIC_GRID_DATA_HAS_BEEN_CHANGED_SAVE_CHANGES', 'Generic', 'Update', 0, 'Active'), 
(147, 'GENERIC_GRID_YES', 'Generic', 'Update', 0, 'Active'), 
(148, 'GENERIC_GRID_NO', 'Generic', 'Update', 0, 'Active'), 
(149, 'GENERIC_GRID_FIELD_IS_REQUIRED', 'Generic', 'Update', 0, 'Active'), 
(150, 'GENERIC_GRID_PLEASE_ENTER_VALID_NUMBER', 'Generic', 'Update', 0, 'Active'), 
(151, 'GENERIC_GRID_VALUE_MUST_BE_GREATER_THAN_OR_EQUAL_TO', 'Generic', 'Update', 0, 'Active'), 
(152, 'GENERIC_GRID_VALUE_MUST_BE_LESS_THAN_OR_EQUAL_TO', 'Generic', 'Update', 0, 'Active'), 
(153, 'GENERIC_GRID_IS_NOT_A_VALID_EMAIL', 'Generic', 'Update', 0, 'Active'), 
(154, 'GENERIC_GRID_PLEASE_ENTER_VALID_INTEGER_VALUE', 'Generic', 'Update', 0, 'Active'), 
(155, 'GENERIC_GRID_PLEASE_ENTER_VALID_DATE_VALUE', 'Generic', 'Update', 0, 'Active'), 
(156, 'GENERIC_GRID_IS_NOT_A_VALID_URL_PREFIX_REQUIRED_HTTP_OR_HTTPS', 'Generic', 'Update', 0, 'Active'), 
(157, 'GENERIC_GRID_IS_NOT_DEFINED', 'Generic', 'Update', 0, 'Active'), 
(158, 'GENERIC_GRID_RETURN_VALUE_IS_REQUIRED', 'Generic', 'Update', 0, 'Active'), 
(159, 'GENERIC_GRID_CUSTOM_FUNCTION_SHOULD_RETURN_ARRAY', 'Generic', 'Update', 0, 'Active'), 
(160, 'GENERIC_GRID_CUSTOM_FUNCTION_SHOULD_BE_PRESENT_IN_CASE_OF_CUSTOM_CHECKING', 'Generic', 'Update', 0, 'Active'), 
(161, 'GENERIC_GRID_VIEW_RECORD', 'Generic', 'Update', 0, 'Active'), 
(162, 'GENERIC_GRID_DELETE_SELECTED_RECORDS', 'Generic', 'Update', 0, 'Active'), 
(163, 'GENERIC_GRID_EDIT_SELECTED_ROW', 'Generic', 'Update', 0, 'Active'), 
(164, 'GENERIC_GRID_ADD_NEW_ROW', 'Generic', 'Update', 0, 'Active'), 
(165, 'GENERIC_GRID_DELETE_SELECTED_ROW', 'Generic', 'Update', 0, 'Active'), 
(166, 'GENERIC_GRID_FIND_RECORDS', 'Generic', 'Update', 0, 'Active'), 
(167, 'GENERIC_GRID_RELOAD_GRID', 'Generic', 'Update', 0, 'Active'), 
(168, 'GENERIC_GRID_WARNING', 'Generic', 'Update', 0, 'Active'), 
(169, 'GENERIC_GRID_PLEASE_SELECT_ROW', 'Generic', 'Update', 0, 'Active'), 
(170, 'GENERIC_GRID_VIEW_SELECTED_ROW', 'Generic', 'Update', 0, 'Active'), 
(171, 'GENERIC_GRID_NO_URL_IS_SET', 'Generic', 'Update', 0, 'Active'), 
(172, 'GENERIC_GRID_NO_RECORDS_TO_PROCESS', 'Generic', 'Update', 0, 'Active'), 
(173, 'GENERIC_GRID_LENGTH_OF_COLNAMES_DOES_NOT_MATCH_WITH_COLMODEL', 'Generic', 'Update', 0, 'Active'), 
(174, 'GENERIC_ARE_YOU_WANT_CHANGE_STATUS', 'Generic', 'Update', 0, 'Active'), 
(175, 'GENERIC_PLEASE_SELECT_REC_TO_CHANGE_STATUS', 'Generic', 'Update', 0, 'Active'), 
(176, 'GENERIC_RECORDS_STATUS_CHANGED_SUCCESS', 'Generic', 'Update', 0, 'Active'), 
(177, 'GENERIC_ERROR_IN_UPDATE_STATUS', 'Generic', 'Update', 0, 'Active'), 
(178, 'GENERIC_OK', 'Generic', 'Update', 0, 'Active'), 
(179, 'GENERIC_CANCEL', 'Generic', 'Update', 0, 'Active'), 
(180, 'GENERIC_DASHBOARD', 'Generic', 'Update', 0, 'Active'), 
(181, 'GENERIC_VIEW', 'Generic', 'Update', 0, 'Active'), 
(182, 'GENERIC_ADD_NEW_RECORD', 'Generic', 'Update', 0, 'Active'), 
(183, 'GENERIC_SELECT_ALL', 'Generic', 'Update', 0, 'Active'), 
(184, 'GENERIC_DESELECT_ALL', 'Generic', 'Update', 0, 'Active'), 
(185, 'GENERIC_VALID_EXTENSIONS', 'Generic', 'Update', 0, 'Active'), 
(186, 'GENERIC_VALID_SIZE', 'Generic', 'Update', 0, 'Active'), 
(187, 'GENERIC_LESS_THAN', 'Generic', 'Update', 0, 'Active'), 
(188, 'GENERIC_SHOW_ALL', 'Generic', 'Update', 0, 'Active'), 
(189, 'GENERIC_HIDE_ALL', 'Generic', 'Update', 0, 'Active'), 
(190, 'GENERIC_CLICK_THIS_TO_SHOW_PASSWORD', 'Generic', 'Update', 0, 'Active'), 
(191, 'GENERIC_CAPTURE_PHOTO', 'Generic', 'Update', 0, 'Active'), 
(192, 'GENERIC_ARE_YOU_SURE_WANT_TO_DELETE_THIS', 'Generic', 'Update', 0, 'Active'), 
(193, 'GENERIC_ARE_YOU_SURE_WANT_TO_DELETE_THIS_RECORD', 'Generic', 'Update', 0, 'Active'), 
(194, 'GENERIC_ARE_YOU_SURE_WANT_TO_DELETE_THIS_ROW', 'Generic', 'Update', 0, 'Active'), 
(195, 'GENERIC_ERROR_IN_DELETION_OF_RECORD', 'Generic', 'Update', 0, 'Active'), 
(196, 'GENERIC_RECORD_SAVED_SUCCESSFULLY', 'Generic', 'Update', 0, 'Active'), 
(197, 'GENERIC_ARE_YOU_SURE_WANT_TO_DELETE_THIS_RECORD_FROM_DATABASE', 'Generic', 'Update', 0, 'Active'), 
(198, 'GENERIC_RECORD_DELETED_SUCCESSFULLY', 'Generic', 'Update', 0, 'Active'), 
(199, 'GENERIC_ERROR_IN_UPDATION', 'Generic', 'Update', 0, 'Active'), 
(200, 'GENERIC_ESTABLISHMENTS', 'Generic', 'Update', 0, 'Active'), 
(201, 'GENERIC_GEOCODES', 'Generic', 'Update', 0, 'Active'), 
(202, 'GENERIC_ERROR_IN_FILE_DELETION', 'Generic', 'Update', 0, 'Active'), 
(203, 'GENERIC_DO_YOU_WANT_TO_CLEAR_CACHE_QUERIES', 'Generic', 'Update', 0, 'Active'), 
(204, 'GENERIC_PLEASE_ENTER_PROPER_DATA', 'Generic', 'Update', 0, 'Active'), 
(205, 'GENERIC_MUST_BE_EQUAL_TO', 'Generic', 'Update', 0, 'Active'), 
(206, 'GENERIC_MUST_BE_GREATER_THAN', 'Generic', 'Update', 0, 'Active'), 
(207, 'GENERIC_MUST_BE_LESS_THAN', 'Generic', 'Update', 0, 'Active'), 
(208, 'GENERIC_MUST_BE_GREATER_THAN_OR_EQUAL_TO', 'Generic', 'Update', 0, 'Active'), 
(209, 'GENERIC_MUST_BE_LESS_THAN_OR_EQUAL_TO', 'Generic', 'Update', 0, 'Active'), 
(210, 'GENERIC_HIDE_LEFT_SEARCH_PANEL', 'Generic', 'Update', 0, 'Active'), 
(211, 'GENERIC_SHOW_LEFT_SEARCH_PANEL', 'Generic', 'Update', 0, 'Active'), 
(212, 'GENERIC_ARE_YOU_SURE_TO_FLUSH_THE_LOGS', 'Generic', 'Update', 0, 'Active'), 
(213, 'GENERIC_OLD_PATTERN', 'Generic', 'Update', 0, 'Active'), 
(214, 'GENERIC_CAPTURE', 'Generic', 'Update', 0, 'Active'), 
(215, 'GENERIC_LIVE', 'Generic', 'Update', 0, 'Active'), 
(216, 'GENERIC_CLICK_ME_TO_SEE_DIFFERENT_FILTERS', 'Generic', 'Update', 0, 'Active'), 
(217, 'GENERIC_CLICK_THE_VIDEO_TO_SEE_DIFFERENT_CSS_FILTERS', 'Generic', 'Update', 0, 'Active'), 
(218, 'GENERIC_NO_CAMERA_AVAILABLE_FOR_CAPTURING_PICTURES', 'Generic', 'Update', 0, 'Active'), 
(224, 'GENERIC_PLEASE_SELECT_ANY_RECORD', 'Generic', 'Update', 0, 'Active'), 
(225, 'GENERIC_REFRESH', 'Generic', 'Update', 0, 'Active'), 
(226, 'GENERIC_REFRESH_LISTING', 'Generic', 'Update', 0, 'Active'), 
(227, 'GENERIC_ARE_YOU_SURE_WANT_TO_DELETE_SELECTED_RECORDS', 'Generic', 'Update', 0, 'Active'), 
(228, 'GENERIC_CREATE_BACKUP', 'Generic', 'Update', 0, 'Active'), 
(229, 'GENERIC_PLEASE_SELECT_ANY_RECORD_TO_TAKE_BACKUP', 'Generic', 'Update', 0, 'Active'), 
(230, 'GENERIC_BACKUP_AND_DOWNLOAD', 'Generic', 'Update', 0, 'Active'), 
(231, 'GENERIC_PLEASE_SELECT_ANY_RECORD_TO_BACKUP_AND_DOWNLOAD', 'Generic', 'Update', 0, 'Active'), 
(232, 'GENERIC_DOWNLOAD_FILE', 'Generic', 'Update', 0, 'Active'), 
(233, 'GENERIC_PLEASE_ENTER_A_VALUE_FOR_THE_GROUP_NAME_FIELD', 'Generic', 'Update', 0, 'Active'), 
(234, 'GENERIC_PLEASE_ENTER_A_VALUE_FOR_THE_GROUP_CODE_FIELD', 'Generic', 'Update', 0, 'Active'), 
(235, 'GENERIC_PLEASE_ENTER_A_VALUE_FOR_THE_STATUS_FIELD', 'Generic', 'Update', 0, 'Active'), 
(236, 'GENERIC_PLEASE_SELECT_USERS', 'Generic', 'Update', 0, 'Active'), 
(237, 'GENERIC_PLEASE_ENTER_VALID_EMAIL', 'Generic', 'Update', 0, 'Active'), 
(238, 'GENERIC_PLEASE_ENTER_EMAIL_ADDRESS', 'Generic', 'Update', 0, 'Active'), 
(239, 'GENERIC_RESPONSIVE_FILEMANAGER', 'Generic', 'Update', 0, 'Active'), 
(240, 'GENERIC_UPLOAD_FILE', 'Generic', 'Update', 0, 'Active'), 
(241, 'GENERIC_PLEASE_ENTER_EMAIL_CODE', 'Generic', 'Update', 0, 'Active'), 
(242, 'GENERIC_PLEASE_ENTER_EMAIL_TITLE', 'Generic', 'Update', 0, 'Active'), 
(243, 'GENERIC_PLEASE_ENTER_VARIABLE', 'Generic', 'Update', 0, 'Active'), 
(244, 'GENERIC_PLEASE_ENTER_DIFFERENT_VARIABLE', 'Generic', 'Update', 0, 'Active'), 
(245, 'GENERIC_PLEASE_ENTER_DESCRIPTION', 'Generic', 'Update', 0, 'Active'), 
(246, 'GENERIC_ARE_YOU_SURE_TO_DELETE_THIS_VARIABLE', 'Generic', 'Update', 0, 'Active'), 
(247, 'GENERIC_DELETE_VARIABLE', 'Generic', 'Update', 0, 'Active'), 
(248, 'GENERIC_PLEASE_REENTER_NEW_PASSWORD', 'Generic', 'Update', 0, 'Active'), 
(249, 'GENERIC_PASSWORD_DOES_NOT_MATCH', 'Generic', 'Update', 0, 'Active'), 
(250, 'GENERIC_UPLOAD', 'Generic', 'Update', 0, 'Active'), 
(251, 'GENERIC_PLEASE_SELECT_EXPORT_TYPE', 'Generic', 'Update', 0, 'Active'), 
(252, 'GENERIC_THERE_IS_NO_DATA_TO_EXPORT', 'Generic', 'Update', 0, 'Active'), 
(253, 'GENERIC_COLUMNS_ORDER_SAVED_SUCCESSFULLY', 'Generic', 'Update', 0, 'Active'), 
(254, 'GENERIC_COLUMNS_WIDTH_SAVED_SUCCESSFULLY', 'Generic', 'Update', 0, 'Active'), 
(255, 'GENERIC_FILE_DOWNLOAD', 'Generic', 'Update', 0, 'Active'), 
(256, 'GENERIC_FILE_VIEW', 'Generic', 'Update', 0, 'Active'), 
(257, 'GENERIC_TYPE_IN_A_SEARCH_TERM', 'Generic', 'Update', 0, 'Active'), 
(258, 'GENERIC_NO_RESULTS', 'Generic', 'Update', 0, 'Active'), 
(259, 'GENERIC_SEARCHING', 'Generic', 'Update', 0, 'Active'), 
(260, 'GENERIC_FROM', 'Generic', 'Update', 0, 'Active'), 
(261, 'GENERIC_TO', 'Generic', 'Update', 0, 'Active'), 
(262, 'GENERIC_CUSTOM_RANGE', 'Generic', 'Update', 0, 'Active'), 
(263, 'GENERIC_EMAIL_TEMPLATE', 'Generic', 'Update', 0, 'Active'), 
(264, 'GENERIC_BACK_TO_MODULE_LISTING', 'Generic', 'Update', 0, 'Active'), 
(265, 'LANGUAGELABELS_LANGUAGE_LABELS', 'Generic', 'Update', 0, 'Active'), 
(266, 'LANGUAGELABELS_EDIT_LANGUAGE_LABELS', 'Generic', 'Update', 0, 'Active'), 
(267, 'LANGUAGELABELS_BACK_TO_LANGUAGE_LABELS_LISTING', 'Generic', 'Update', 0, 'Active'), 
(268, 'LANGUAGELABELS_MODULE', 'Generic', 'Update', 0, 'Active'), 
(269, 'LANGUAGELABELS_PAGE', 'Generic', 'Update', 0, 'Active'), 
(270, 'LANGUAGELABELS_STATUS', 'Generic', 'Update', 0, 'Active'), 
(271, 'LANGUAGELABELS_LABEL', 'Generic', 'Update', 0, 'Active'), 
(272, 'LANGUAGELABELS_ACTIVE', 'Generic', 'Update', 0, 'Active'), 
(273, 'LANGUAGELABELS_INACTIVE', 'Generic', 'Update', 0, 'Active'), 
(274, 'LANGUAGELABELS_ARCHIVE', 'Generic', 'Update', 0, 'Active'), 
(275, 'LANGUAGELABELS_LANG_CODE', 'Generic', 'Update', 0, 'Active'), 
(276, 'LANGUAGELABELS_CUSTOM_FIELD__1', 'Generic', 'Update', 0, 'Active'), 
(277, 'LANGUAGELABELS_VALUE', 'Generic', 'Update', 0, 'Active'), 
(278, 'LANGUAGELABELS_LANGUAGE_LABEL', 'Generic', 'Update', 0, 'Active'), 
(279, 'LANGUAGELABELS_SELECT_PAGE', 'Generic', 'Update', 0, 'Active'), 
(280, 'LANGUAGELABELS_UPDATE', 'Generic', 'Update', 0, 'Active'), 
(281, 'LANGUAGELABELS_LISTING', 'Generic', 'Update', 0, 'Active'), 
(282, 'LANGUAGELABELS_DASHBOARD', 'Generic', 'Update', 0, 'Active'), 
(283, 'LANGUAGELABELS_MESSAGES', 'Generic', 'Update', 0, 'Active'), 
(284, 'LANGUAGELABELS_MENU', 'Generic', 'Update', 0, 'Active'), 
(285, 'LANGUAGELABELS_JAVASCRIPT', 'Generic', 'Update', 0, 'Active'), 
(286, 'LANGUAGELABELS_PLEASE_ONLY_ENTER_LETTERS_AND_NUMBERS_WITHOUT_SPACE_FOR_THE_FIELD_FIELD', 'Generic', 'Update', 0, 'Active'), 
(287, 'LANGUAGELABELS_PLEASE_ENTER_A_VALUE_FOR_THE_FIELD_FIELD', 'Generic', 'Update', 0, 'Active'), 
(288, 'LANGUAGELABELS_GENERIC', 'Generic', 'Update', 0, 'Active'), 
(289, 'LANGUAGELABELS_ACTION', 'Generic', 'Update', 0, 'Active'), 
(291, 'ACTION_PLEASE_VISIT_THE_LINK_WHICH_HAS_BEEN_SENT_TO_YOUR_MAIL', 'Action', 'Messages', 0, 'Active'), 
(299, 'ACTION_OLD_PASSWORD_IS_INCORRECT', 'Action', 'Messages', 0, 'Active'), 
(348, 'ADMIN_ADMIN', 'admin', 'Update', 0, 'Active'), 
(349, 'ADMIN_NAME', 'admin', 'Listing', 0, 'Active'), 
(350, 'ADMIN_EMAIL', 'admin', 'Listing', 0, 'Active'), 
(351, 'ADMIN_USER_NAME', 'admin', 'Listing', 0, 'Active'), 
(352, 'ADMIN_LAST_ACCESS', 'admin', 'Listing', 0, 'Active'), 
(353, 'ADMIN_STATUS', 'admin', 'Listing', 0, 'Active'), 
(354, 'ADMIN_GROUP_NAME', 'admin', 'Listing', 0, 'Active'), 
(356, 'GENERIC_PLEASE_ENTER_PROPER_VALUE_FOR_FIELD_FIELD', 'Generic', 'Update', 0, 'Active'), 
(357, 'GENERIC_PLEASE_ENTER_VALUE_FOR_RETYPE_FIELD_FIELD', 'Generic', 'Update', 0, 'Active'), 
(358, 'GENERIC_FIELD_DOES_NOT_MATCH', 'Generic', 'Update', 0, 'Active'), 
(360, 'ADMIN_PASSWORD', 'admin', 'Update', 0, 'Active'), 
(361, 'ADMIN_PHONENUMBER', 'admin', 'Update', 0, 'Active'), 
(362, 'ADMIN_GROUP', 'admin', 'Update', 0, 'Active'), 
(363, 'ADMIN_ACTIVE', 'admin', 'Update', 0, 'Active'), 
(364, 'ADMIN_INACTIVE', 'admin', 'Update', 0, 'Active'), 
(365, 'COUNTRY_COUNTRY', 'country', 'Update', 0, 'Active'), 
(366, 'COUNTRY_COUNTRY_CODE', 'country', 'Listing', 0, 'Active'), 
(368, 'COUNTRY_STATUS', 'country', 'Listing', 0, 'Active'), 
(371, 'COUNTRY_DESCRIPTION', 'country', 'Update', 0, 'Active'), 
(372, 'COUNTRY_ACTIVE', 'country', 'Update', 0, 'Active'), 
(373, 'COUNTRY_INACTIVE', 'country', 'Update', 0, 'Active'), 
(374, 'GROUP_GROUP', 'group', 'Update', 0, 'Active'), 
(375, 'GROUP_GROUP_NAME', 'group', 'Listing', 0, 'Active'), 
(376, 'GROUP_GROUP_CODE', 'group', 'Listing', 0, 'Active'), 
(377, 'GROUP_STATUS', 'group', 'Listing', 0, 'Active'), 
(378, 'GROUP_ACTIVE', 'group', 'Update', 0, 'Active'), 
(379, 'GROUP_INACTIVE', 'group', 'Update', 0, 'Active'), 
(380, 'LOGHISTORY_LOG_HISTORY', 'loghistory', 'Update', 0, 'Active'), 
(381, 'LOGHISTORY_NAME', 'loghistory', 'Listing', 0, 'Active'), 
(382, 'LOGHISTORY_IP_ADDRESS', 'loghistory', 'Listing', 0, 'Active'), 
(383, 'LOGHISTORY_LOGIN_DATE', 'loghistory', 'Listing', 0, 'Active'), 
(384, 'LOGHISTORY_LOGOUT_DATE', 'loghistory', 'Listing', 0, 'Active'), 
(387, 'LOGHISTORY_USER_TYPE', 'loghistory', 'Update', 0, 'Active'), 
(388, 'LOGHISTORY_CURRENT_URL', 'loghistory', 'Update', 0, 'Active'), 
(389, 'LOGHISTORY_EXTRA_PARAM', 'loghistory', 'Update', 0, 'Active'), 
(390, 'LOGHISTORY_ADMIN', 'loghistory', 'Update', 0, 'Active'), 
(391, 'LOGHISTORY_MEMBER', 'loghistory', 'Update', 0, 'Active'), 
(392, 'STATE_STATE', 'state', 'Update', 0, 'Active'), 
(393, 'STATE_STATE_CODE', 'state', 'Listing', 0, 'Active'), 
(394, 'STATE_COUNTRY_CODE', 'state', 'Listing', 0, 'Active'), 
(395, 'STATE_STATUS', 'state', 'Listing', 0, 'Active'), 
(396, 'STATE_COUNTRY', 'state', 'Listing', 0, 'Active'), 
(397, 'STATE_ACTIVE', 'state', 'Update', 0, 'Active'), 
(398, 'STATE_INACTIVE', 'state', 'Update', 0, 'Active'), 
(399, 'STATICPAGES_STATIC_PAGES', 'staticpages', 'Update', 0, 'Active'), 
(400, 'STATICPAGES_PAGE_TITLE', 'staticpages', 'Listing', 0, 'Active'), 
(401, 'STATICPAGES_PAGE_CODE', 'staticpages', 'Update', 0, 'Active'), 
(402, 'STATICPAGES_URL', 'staticpages', 'Update', 0, 'Active'), 
(403, 'STATICPAGES_META_TITLE', 'staticpages', 'Update', 0, 'Active'), 
(404, 'STATICPAGES_META_KEYWORD', 'staticpages', 'Update', 0, 'Active'), 
(405, 'STATICPAGES_META_DESC', 'staticpages', 'Update', 0, 'Active'), 
(406, 'STATICPAGES_T_DATECREATED', 'staticpages', 'Update', 0, 'Active'), 
(407, 'STATICPAGES_STATUS', 'staticpages', 'Update', 0, 'Active'), 
(408, 'STATICPAGES_CONTENT', 'staticpages', 'Update', 0, 'Active'), 
(409, 'STATICPAGES_ACTIVE', 'staticpages', 'Update', 0, 'Active'), 
(410, 'STATICPAGES_INACTIVE', 'staticpages', 'Update', 0, 'Active'), 
(411, 'SYSTEMEMAILS_SYSTEM_EMAILS', 'systememails', 'Update', 0, 'Active'), 
(412, 'SYSTEMEMAILS_EMAIL_TITLE', 'systememails', 'Listing', 0, 'Active'), 
(413, 'SYSTEMEMAILS_EMAIL_CODE', 'systememails', 'Listing', 0, 'Active'), 
(414, 'SYSTEMEMAILS_FROM_NAME', 'systememails', 'Listing', 0, 'Active'), 
(415, 'SYSTEMEMAILS_STATUS', 'systememails', 'Listing', 0, 'Active'), 
(416, 'SYSTEMEMAILS_FROM_EMAIL', 'systememails', 'Update', 0, 'Active'), 
(417, 'SYSTEMEMAILS_BCC_EMAIL', 'systememails', 'Update', 0, 'Active'), 
(418, 'SYSTEMEMAILS_EMAIL_FORMAT', 'systememails', 'Update', 0, 'Active'), 
(419, 'SYSTEMEMAILS_EMAIL_SUBJECT', 'systememails', 'Update', 0, 'Active'), 
(420, 'SYSTEMEMAILS_EMAIL_MESSAGE', 'systememails', 'Update', 0, 'Active'), 
(421, 'SYSTEMEMAILS_EMAIL_FOOTER', 'systememails', 'Update', 0, 'Active'), 
(422, 'SYSTEMEMAILS_ACTIVE', 'systememails', 'Update', 0, 'Active'), 
(423, 'SYSTEMEMAILS_INACTIVE', 'systememails', 'Update', 0, 'Active'), 
(445, 'ACTION_FILE_UPLOADED_SUCCESSFULLY', 'Action', 'Messages', 0, 'Active'), 
(460, 'GENERIC_HOME', 'Generic', 'Menu', 0, 'Active'), 
(461, 'GENERIC_USERS', 'Generic', 'Menu', 0, 'Active'), 
(462, 'GENERIC_ADMIN', 'Generic', 'Menu', 0, 'Active'), 
(463, 'GENERIC_TOOLS', 'Generic', 'Menu', 0, 'Active'), 
(464, 'GENERIC_COUNTRY', 'Generic', 'Menu', 0, 'Active'), 
(465, 'GENERIC_STATE', 'Generic', 'Menu', 0, 'Active'), 
(466, 'GENERIC_SETTINGS', 'Generic', 'Menu', 0, 'Active'), 
(467, 'GENERIC_APPEARANCE', 'Generic', 'Menu', 0, 'Active'), 
(468, 'GENERIC_EMAIL', 'Generic', 'Menu', 0, 'Active'), 
(469, 'GENERIC_COMPANY', 'Generic', 'Menu', 0, 'Active'), 
(470, 'GENERIC_PRICES', 'Generic', 'Menu', 0, 'Active'), 
(471, 'GENERIC_UTILITIES', 'Generic', 'Menu', 0, 'Active'), 
(472, 'GENERIC_BACKUP', 'Generic', 'Menu', 0, 'Active'), 
(473, 'GENERIC_RESOURCES', 'Generic', 'Menu', 0, 'Active'), 
(474, 'GENERIC_BULK_EMAIL', 'Generic', 'Menu', 0, 'Active'), 
(475, 'GENERIC_LOG_HISTORY', 'Generic', 'Menu', 0, 'Active'), 
(476, 'GENERIC_STATIC_PAGES', 'Generic', 'Menu', 0, 'Active'), 
(477, 'GENERIC_SMS', 'Generic', 'Menu', 0, 'Active'), 
(478, 'GENERIC_BULKEMAIL', 'Generic', 'Menu', 0, 'Active'), 
(479, 'GENERIC_SUM_OF', 'Generic', 'Dashboard', 0, 'Active'), 
(480, 'GENERIC_COUNT_OF', 'Generic', 'Dashboard', 0, 'Active'), 
(481, 'GENERIC_AVG_OF', 'Generic', 'Dashboard', 0, 'Active'), 
(482, 'GENERIC_MAX_OF', 'Generic', 'Dashboard', 0, 'Active'), 
(483, 'GENERIC_MIN_OF', 'Generic', 'Dashboard', 0, 'Active'), 
(484, 'GENERIC_AND_BELOW', 'Generic', 'Listing', 0, 'Active'), 
(485, 'GENERIC_AND_ABOVE', 'Generic', 'Listing', 0, 'Active'), 
(486, 'GENERIC_LANGUAGE_LABELS', 'Generic', 'Dashboard', 0, 'Active'), 
(487, 'LANGUAGELABELS_FRONT', 'Generic', 'Update', 0, 'Active'), 
(488, 'GENERIC_PREFERENCES', 'Generic', 'Menu', 0, 'Active'), 
(489, 'GENERIC_ADD_CC', 'Generic', 'Update', 0, 'Active'), 
(490, 'GENERIC_ADD_BCC', 'Generic', 'Update', 0, 'Active'), 
(491, 'GENERIC_PUSH_NOTIFY', 'Generic', 'Update', 0, 'Active'), 
(492, 'GENERIC_PUSH_NOTIFY_SENDTO', 'Generic', 'Update', 0, 'Active'), 
(493, 'GENERIC_PUSH_NOTIFY_ENTER_DEVICE_ID', 'Generic', 'Update', 0, 'Active'), 
(494, 'GENERIC_PUSH_NOTIFY_HELP_DEVICE_ID', 'Generic', 'Update', 0, 'Active'), 
(495, 'GENERIC_PUSH_NOTIFY_CODE', 'Generic', 'Update', 0, 'Active'), 
(496, 'GENERIC_PUSH_NOTIFY_SOUND', 'Generic', 'Update', 0, 'Active'), 
(497, 'GENERIC_PUSH_NOTIFY_BADGE', 'Generic', 'Update', 0, 'Active'), 
(498, 'GENERIC_PUSH_NOTIFY_BUTTON_TITLE', 'Generic', 'Update', 0, 'Active'), 
(499, 'GENERIC_PUSH_NOTIFY_MESSAGE', 'Generic', 'Update', 0, 'Active'), 
(500, 'GENERIC_PUSH_NOTIFY_BUTTON', 'Generic', 'Update', 0, 'Active'), 
(501, 'GENERIC_PUSH_NOTIFY_DISCARD', 'Generic', 'Update', 0, 'Active'), 
(502, 'GENERIC_PUSH_NOTIFY_SELECT_DEVICE_TOKEN', 'Generic', 'Update', 0, 'Active'), 
(503, 'GENERIC_SELECT_FIELDS', 'Generic', 'Update', 0, 'Active'), 
(504, 'GENERIC_COMPULSORY', 'Generic', 'Update', 0, 'Active'), 
(505, 'GENERIC_CLICK_TO_SELECT_SEARCH_OPERATION', 'Generic', 'Update', 0, 'Active'), 
(506, 'GENERIC_CLEAR_SEARCH_VALUE', 'Generic', 'Update', 0, 'Active'), 
(507, 'NOTIFICATIONS_NOTIFICATIONS', 'notifications', 'Update', 0, 'Active'), 
(508, 'NOTIFICATIONS_ENTITY_TYPE', 'notifications', 'Update', 0, 'Active'), 
(509, 'NOTIFICATIONS_RECEIVER', 'notifications', 'Update', 0, 'Active'), 
(510, 'NOTIFICATIONS_NOTIFICATION_TYPE', 'notifications', 'Update', 0, 'Active'), 
(511, 'NOTIFICATIONS_REDIRECT_LINK', 'notifications', 'Update', 0, 'Active'), 
(512, 'NOTIFICATIONS_SUBJECT', 'notifications', 'Update', 0, 'Active'), 
(513, 'NOTIFICATIONS_CONTENT', 'notifications', 'Update', 0, 'Active'), 
(514, 'NOTIFICATIONS_STATUS', 'notifications', 'Update', 0, 'Active'), 
(515, 'GENERIC_PLEASE_SELECT_FIELD', 'Generic', 'Update', 0, 'Active'), 
(516, 'NOTIFICATIONS_ADMIN', 'notifications', 'Update', 0, 'Active'), 
(517, 'NOTIFICATIONS_MEMBER', 'notifications', 'Update', 0, 'Active'), 
(518, 'NOTIFICATIONS_GENERAL', 'notifications', 'Update', 0, 'Active'), 
(519, 'NOTIFICATIONS_SMS', 'notifications', 'Update', 0, 'Active'), 
(520, 'NOTIFICATIONS_PENDING', 'notifications', 'Update', 0, 'Active'), 
(521, 'NOTIFICATIONS_EXECUTED', 'notifications', 'Update', 0, 'Active'), 
(523, 'NOTIFICATIONS_SENT_ON', 'notifications', 'Listing', 0, 'Active'), 
(524, 'NOTIFICATIONS_RECEIVER_NAME', 'notifications', 'Listing', 0, 'Active'), 
(526, 'NOTIFICATIONS_GROUP_NAME', 'notifications', 'Update', 0, 'Active'), 
(527, 'NOTIFICATIONS_EMAIL_NOTIFY', 'notifications', 'Update', 0, 'Active'), 
(528, 'NOTIFICATIONS_PUSH_NOTIFY', 'notifications', 'Update', 0, 'Active'), 
(529, 'NOTIFICATIONS_DESKTOP_NOTIFY', 'notifications', 'Update', 0, 'Active'), 
(530, 'NOTIFICATIONS_SEND_DATE_TIME', 'notifications', 'Update', 0, 'Active'), 
(531, 'GENERIC_WELLCOME_TO_ADMINPANEL', 'Generic', 'Listing', 0, 'Active'), 
(532, 'GENERIC_PUSH_NOTIFY_MODE', 'Generic', 'Listing', 0, 'Active'), 
(533, 'GENERIC_PUSH_NOTIFICATION', 'Generic', 'Menu', 0, 'Active'), 
(534, 'GENERIC_ADMIN_LOGIN_INFO', 'Generic', 'Update', 0, 'Active'), 
(535, 'GENERIC_ADMIN_FORGOT_PASSWORD', 'Generic', 'Update', 0, 'Active'), 
(536, 'GENERIC_ADMIN_FORGOT_PASSWORD_INFO', 'Generic', 'Update', 0, 'Active'), 
(537, 'GENERIC_FORGOT_PASSWORD_USERNAME_ERR', 'Generic', 'Update', 0, 'Active'), 
(538, 'GENERIC_LOGIN_PASSWORD_ERR', 'Generic', 'Update', 0, 'Active'), 
(539, 'GENERIC_RESET_PASSWORD_ERR', 'Generic', 'Update', 0, 'Active'), 
(540, 'GENERIC_RESET_RETYPE_PASSWORD_ERR', 'Generic', 'Update', 0, 'Active'), 
(541, 'GENERIC_RESET_RETYPE_NOT_MATCH_ERR', 'Generic', 'Update', 0, 'Active'), 
(542, 'GENERIC_RESET_SECURITY_CODE_ERR', 'Generic', 'Update', 0, 'Active'), 
(543, 'GENERIC_CONFIG', 'Generic', 'Menu', 0, 'Active'), 
(544, 'ACTION_YOUR_ACCOUNT_EXPIRED_PLEASE_TRY_AGAIN_OR_CONTACT_ADMINISTRATOR', 'Action', 'Messages', 0, 'Active'), 
(545, 'ACTION_YOUR_ACCOUNT_CLOSED_PLEASE_TRY_AGAIN_OR_CONTACT_ADMINISTRATOR', 'Action', 'Messages', 0, 'Active'), 
(546, 'GENERIC_GRID_NO_RECORDS_FOUND_C46_C46_C33', 'Generic', 'Update', 0, 'Active'), 
(547, 'GENERIC_NO_CAMERA_AVAILABLE_FOR_CAPTURING_PICTURES_C46_C46_C33', 'Generic', 'Update', 0, 'Active'), 
(548, 'GENERIC_USER_DENIED_ACCESS_TO_USE_CAMERA_FOR_CAPTURING_PICTURES_C46_C46_C33', 'Generic', 'Update', 0, 'Active'), 
(549, 'GENERIC_SYSTEM_HARDWARE_DOES_NOT_SUPPORT_FOR_CAPTURING_PICTURES_C46_C46_C33', 'Generic', 'Update', 0, 'Active'), 
(550, 'GENERIC_PLEASE_CAPTURE_PHOTO_FOR_SAVING_C46_C46_C33', 'Generic', 'Update', 0, 'Active'), 
(551, 'GENERIC_NO_DATA_FOUND_C46_C46_C33', 'Generic', 'Update', 0, 'Active'), 
(552, 'ACTION_FAILURE_IN_SENDING_MAIL_C46_C46_C33', 'Action', 'Messages', 0, 'Active'), 
(553, 'ACTION_PLEASE_VISIT_THE_LINK_WHICH_HAS_BEEN_SENT_TO_YOUR_MAIL_C46_C46_C33', 'Action', 'Messages', 0, 'Active'), 
(554, 'ACTION_PLEASE_CHECK_YOUR_MAIL_FOR_LOGIN_NAME_AND_PASSWORD_C46_C46_C33', 'Action', 'Messages', 0, 'Active'), 
(555, 'ACTION_UNABLE_TO_FIND_A_USER_WITH_THIS_LOGIN_NAME_C46_C46_C33', 'Action', 'Messages', 0, 'Active'), 
(556, 'ACTION_PLEASE_ENTER_LOGIN_NAME_C46_C46_C33', 'Action', 'Messages', 0, 'Active'), 
(557, 'ACTION_PASSWORD_CHANGED_SUCCESSFULLY_C46_C46_C33', 'Action', 'Messages', 0, 'Active'), 
(558, 'ACTION_FALIURE_IN_CHANGING_PASSWORD_C46_C46_C33', 'Action', 'Messages', 0, 'Active'), 
(559, 'ACTION_NEW_PASSWORD_AND_CONFIRM_PASSWORD_DOES_NOT_MATCH_C46_C46_C33', 'Action', 'Messages', 0, 'Active'), 
(560, 'ACTION_PLEASE_ENTER_NEW_PASSWORD_C46_C46_C33', 'Action', 'Messages', 0, 'Active'), 
(561, 'ACTION_OLD_PASSWORD_IS_INCORRECT_C46_C46_C33', 'Action', 'Messages', 0, 'Active'), 
(562, 'ACTION_YOU_ARE_NOT_AUTHORIZED_TO_VIEW_THIS_PAGE_C46_C46_C33', 'Action', 'Messages', 0, 'Active'), 
(563, 'ACTION_RECORDS_DELETED_SUCCESSFULLY_C46_C46_C33', 'Action', 'Messages', 0, 'Active'), 
(564, 'ACTION_FAILURE_IN_DELETION_OF_BACKUP_FILE_C46_C46_C33', 'Action', 'Messages', 0, 'Active'), 
(565, 'ACTION_BACKUP_FILE_NOT_FOUND_C46_C46_C33', 'Action', 'Messages', 0, 'Active'), 
(566, 'ACTION_CAN_NOT_UPDATE_ADMIN_DATA_C46_C46_C33', 'Action', 'Messages', 0, 'Active'), 
(567, 'ACTION_CAN_NOT_UPDATE_YOUR_SELF_C46_C46_C33', 'Action', 'Messages', 0, 'Active'), 
(568, 'ACTION_CAN_NOT_DELETE_ADMIN_RECORD_C46_C46_C33', 'Action', 'Messages', 0, 'Active'), 
(569, 'ACTION_CAN_NOT_DELETE_BY_YOURSELF_C46_C46_C33', 'Action', 'Messages', 0, 'Active'), 
(570, 'ACTION_CAN_NOT_CHANGE_STATUS_OF_ADMIN_C46_C46_C33', 'Action', 'Messages', 0, 'Active'), 
(571, 'ACTION_CAN_NOT_CHANGE_STATUS_OF_YOURSELF_C46_C46_C33', 'Action', 'Messages', 0, 'Active'), 
(572, 'ACTION_QUERY_LOG_PAGES_DELETED_SUCCESSFULLY_C46_C46_C33', 'Action', 'Messages', 0, 'Active'), 
(573, 'ACTION_NO_QUERY_LOG_PAGES_FOUND_OR_PAGE_DELETION_FAILED_C46_C46_C33', 'Action', 'Messages', 0, 'Active'), 
(574, 'ACTION_NO_QUERIES_BE_CACHED_OR_CACHE_CLEARING_FAILED_C46_C46_C33', 'Action', 'Messages', 0, 'Active'), 
(575, 'ACTION_QUERY_CACHE_CLEARED_SUCCESSFULLY_C46_C46_C33', 'Action', 'Messages', 0, 'Active'), 
(576, 'ACTION_YOU_ARE_NOT_AUTHORIZED_TO_ADD_OR_MODIFY_THESE_DETAILS_C46_C46_C33', 'Action', 'Messages', 0, 'Active'), 
(577, 'ACTION_FAILURE_IN_DATABASE_BACKUP_CREATION_C46_C46_C33', 'Action', 'Messages', 0, 'Active'), 
(578, 'ACTION_DATABASE_BACKUP_CREATED_SUCCESSFULLY_C46_C46_C33', 'Action', 'Messages', 0, 'Active'), 
(579, 'ACTION_YOU_HAVE_ENTERED_WRONG_LOGIN_NAME_OR_PASSWORD_PATTERN_PLEASE_TRY_AGAIN_C46_C46_C33', 'Action', 'Messages', 0, 'Active'), 
(580, 'ACTION_YOU_HAVE_ENTERED_WRONG_LOGIN_NAME_OR_PASSWORD_PLEASE_TRY_AGAIN_C46_C46_C33', 'Action', 'Messages', 0, 'Active'), 
(581, 'ACTION_YOUR_ADMIN_LOGIN_TEMPORARILY_INACTIVATED_PLEASE_CONTACT_ADMINISTRATOR_C46_C46_C33', 'Action', 'Messages', 0, 'Active'), 
(582, 'ACTION_YOUR_GROUP_LOGIN_TEMPORARILY_INACTIVATED_PLEASE_CONTACT_ADMINISTRATOR_C46_C46_C33', 'Action', 'Messages', 0, 'Active'), 
(583, 'ACTION_SECURITY_CODE_FAILED_C46_C46_C33', 'Action', 'Messages', 0, 'Active'), 
(584, 'ACTION_RESET_PASSWORD_FAILED_C46_C46_C33', 'Action', 'Messages', 0, 'Active'), 
(585, 'ACTION_PLEASE_LOGIN_WITH_YOUR_NEW_PASSWORD_C46_C46_C33', 'Action', 'Messages', 0, 'Active'), 
(586, 'ACTION_TIME_EXCEEDED_TO_RESET_THE_PASSWORD_C46_C46_C33', 'Action', 'Messages', 0, 'Active'), 
(587, 'ACTION_FAILURE_IN_FILE_DELETION_C46_C46_C33', 'Action', 'Messages', 0, 'Active'), 
(588, 'ACTION_FILE_DELETED_SUCCESSFULLY_C46_C46_C33', 'Action', 'Messages', 0, 'Active'), 
(589, 'ACTION_PLEASE_SPECIFY_THE_UPLOAD_FOLDER_NAME_C46_C46_C33', 'Action', 'Messages', 0, 'Active'), 
(590, 'ACTION_UPLOAD_FILE_NOT_FOUND_C46_C46_C33', 'Action', 'Messages', 0, 'Active'), 
(591, 'ACTION_FILE_SIZE_NOT_A_VALID_ONE_C46_C46_C33', 'Action', 'Messages', 0, 'Active'), 
(592, 'ACTION_FAILURE_IN_UPLOADING_C46_C46_C33', 'Action', 'Messages', 0, 'Active'), 
(593, 'ACTION_UPLOADED_SUCCESSFULLY_C46_C46_C33', 'Action', 'Messages', 0, 'Active'), 
(594, 'ACTION_FALIURE_IN_UPDATING_OF_GENERAL_SETTINGS_C46_C46_C33', 'Action', 'Messages', 0, 'Active'), 
(595, 'ACTION_GENERAL_SETTINGS_UPDATED_SUCCESSFULLY_C46_C46_C33', 'Action', 'Messages', 0, 'Active'), 
(596, 'ACTION_YOU_ARE_NOT_AUTHORIZED_TO_SEND_MAIL_C46_C46_C33', 'Action', 'Messages', 0, 'Active'), 
(597, 'ACTION_NO_RECORDS_FOUND_TO_MAIL_C46_C46_C33', 'Action', 'Messages', 0, 'Active'), 
(598, 'ACTION_EMAIL_BODY_SHOULD_NOT_EMPTY_C46_C46_C33', 'Action', 'Messages', 0, 'Active'), 
(599, 'ACTION_EMAIL_SEND_SUCCESSFULLY_C46_C46_C33', 'Action', 'Messages', 0, 'Active'), 
(600, 'ACTION_DASHBOARD_CONFIGURATION_NOT_FOUND_C46_C46_C33', 'Action', 'Messages', 0, 'Active'), 
(601, 'ACTION_DASHBOARD_IS_UNAVAILABLE_C46_C46_C33', 'Action', 'Messages', 0, 'Active'), 
(602, 'ACTION_YOU_ARE_NOT_AUTHORIZED_TO_EDIT_THIS_PAGE_C46_C46_C33', 'Action', 'Messages', 0, 'Active'), 
(603, 'ACTION_RECORDS_UPDATED_SUCCESSFULLY_C46_C46_C33', 'Action', 'Messages', 0, 'Active'), 
(604, 'ACTION_FALIURE_IN_UPDATING_C46_C46_C33', 'Action', 'Messages', 0, 'Active'), 
(605, 'ACTION_FAILURE_IN_STATIC_PAGE_CREATION_C46_C46_C33', 'Action', 'Messages', 0, 'Active');

INSERT INTO `mod_language_label` (`iLanguageLabelId`, `vLabel`, `vModule`, `vPage`, `iSysRecDeleted`, `eStatus`) VALUES 
(606, 'ACTION_FAILURE_IN_STATIC_PAGE_DATA_APPENDING_C46_C46_C33', 'Action', 'Messages', 0, 'Active'), 
(607, 'ACTION_MODULE_CONFIGURATION_NOT_DONE_C46_C46_C33', 'Action', 'Messages', 0, 'Active'), 
(608, 'ACTION_LISTING_CONFIGURATION_NOT_DONE_C46_C46_C33', 'Action', 'Messages', 0, 'Active'), 
(609, 'ACTION_FORM_CONFIGURING_NOT_DONE_C46_C46_C33', 'Action', 'Messages', 0, 'Active'), 
(610, 'ACTION_EITHER_TABLE_NAME_OR_PRIMARY_KEY_IS_MISSING_C46_C46_C33', 'Action', 'Messages', 0, 'Active'), 
(611, 'ACTION_RELATION_BETWEEN_MODULES_NOT_FOUND_C46_C46_C33', 'Action', 'Messages', 0, 'Active'), 
(612, 'ACTION_ADD_MORE_IS_NOT_ALLOWED_FOR_THIS_MODULE_C46_C46_C33', 'Action', 'Messages', 0, 'Active'), 
(613, 'ACTION_YOU_ARE_NOT_AUTHORIZED_TO_DELETE_THESE_DETAILS_C46_C46_C33', 'Action', 'Messages', 0, 'Active'), 
(614, 'ACTION_FAILURE_IN_ADDING_RECORD_C46_C46_C33', 'Action', 'Messages', 0, 'Active'), 
(615, 'ACTION_RECORD_ADDED_SUCCESSFULLY_C46_C46_C33', 'Action', 'Messages', 0, 'Active'), 
(616, 'ACTION_FAILURE_IN_UPDATING_OF_THIS_RECORD_C46_C46_C33', 'Action', 'Messages', 0, 'Active'), 
(617, 'ACTION_RECORD_SUCCESSFULLY_UPDATED_C46_C46_C33', 'Action', 'Messages', 0, 'Active'), 
(618, 'ACTION_FAILURE_IN_DELETION_THIS_RECORD_C46_C46_C33', 'Action', 'Messages', 0, 'Active'), 
(619, 'ACTION_FAILURE_IN_MODIFYING_THESE_RECORDS_C46_C46_C33', 'Action', 'Messages', 0, 'Active'), 
(620, 'ACTION_RECORDS_MODIFIED_SUCCESSFULLY_C46_C46_C33', 'Action', 'Messages', 0, 'Active'), 
(621, 'ACTION_RECORD_ALREADY_EXISTS_WITH_THESE_DETAILS_OF_FIELD_NAME_C46_C46_C33', 'Action', 'Messages', 0, 'Active'), 
(622, 'ACTION_RECORDS_WHICH_YOU_ARE_TRYING_TO_ACCESS_ARE_NOT_AVAILABLE_C46_C46_C33', 'Action', 'Messages', 0, 'Active'), 
(623, 'ACTION_FAILURE_IN_PERFORMING_THIS_OPERATION_C46_C46_C33', 'Action', 'Messages', 0, 'Active'), 
(624, 'ACTION_NO_MODULE_NAME_DATA_FOUND_C46_C46_C33', 'Action', 'Messages', 0, 'Active'), 
(625, 'ACTION_BEFORE_EVENT_HAS_BEEN_FAILED_C46_C46_C33', 'Action', 'Messages', 0, 'Active'), 
(626, 'ACTION_AFTER_EVENT_HAS_BEEN_FAILED_C46_C46_C33', 'Action', 'Messages', 0, 'Active'), 
(627, 'ACTION_DELETE_EVENT_HAS_BEEN_FAILED_C46_C46_C33', 'Action', 'Messages', 0, 'Active'), 
(628, 'ACTION_FILE_UPLOADED_SUCCESSFULLY_C46_C46_C33', 'Action', 'Messages', 0, 'Active'), 
(629, 'ACTION_RECORD_ALREADY_EXISTS_WITH_THESE_DETAILS_OF_EMAILANDUSER_NAME_C46_C46_C33', 'Action', 'Messages', 0, 'Active'), 
(630, 'ACTION_NO_ADMIN_DATA_FOUND_C46_C46_C33', 'Action', 'Messages', 0, 'Active'), 
(631, 'ACTION_RECORD_ALREADY_EXISTS_WITH_THESE_DETAILS_OF_COUNTRY_CODE_C46_C46_C33', 'Action', 'Messages', 0, 'Active'), 
(632, 'ACTION_NO_COUNTRY_DATA_FOUND_C46_C46_C33', 'Action', 'Messages', 0, 'Active'), 
(633, 'ACTION_RECORD_ALREADY_EXISTS_WITH_THESE_DETAILS_OF_GROUP_CODE_C46_C46_C33', 'Action', 'Messages', 0, 'Active'), 
(634, 'ACTION_NO_GROUP_DATA_FOUND_C46_C46_C33', 'Action', 'Messages', 0, 'Active'), 
(635, 'ACTION_RECORD_ALREADY_EXISTS_WITH_THESE_DETAILS_OF_C46_C46_C33', 'Action', 'Messages', 0, 'Active'), 
(636, 'ACTION_NO_LOGHISTORY_DATA_FOUND_C46_C46_C33', 'Action', 'Messages', 0, 'Active'), 
(637, 'ACTION_RECORD_ALREADY_EXISTS_WITH_THESE_DETAILS_OF_STATE_CODEANDCOUNTRY_C46_C46_C33', 'Action', 'Messages', 0, 'Active'), 
(638, 'ACTION_NO_STATE_DATA_FOUND_C46_C46_C33', 'Action', 'Messages', 0, 'Active'), 
(639, 'ACTION_RECORD_ALREADY_EXISTS_WITH_THESE_DETAILS_OF_PAGE_CODE_C46_C46_C33', 'Action', 'Messages', 0, 'Active'), 
(640, 'ACTION_NO_STATICPAGES_DATA_FOUND_C46_C46_C33', 'Action', 'Messages', 0, 'Active'), 
(641, 'ACTION_RECORD_ALREADY_EXISTS_WITH_THESE_DETAILS_OF_EMAIL_CODE_C46_C46_C33', 'Action', 'Messages', 0, 'Active'), 
(642, 'ACTION_NO_SYSTEMEMAILS_DATA_FOUND_C46_C46_C33', 'Action', 'Messages', 0, 'Active'), 
(643, 'ACTION_NO_NOTIFICATIONS_DATA_FOUND_C46_C46_C33', 'Action', 'Messages', 0, 'Active'), 
(644, 'GENERIC_LOGIN_USERNAME_ERR', 'Generic', 'Update', 0, 'Active'), 
(645, 'ACTION_FILE_TYPE_IS_NOT_ACCEPTABLE', 'Generic', 'Update', 0, 'Active'), 
(646, 'ACTION_FILE_SIZE_IS_TOO_LARGE', 'Generic', 'Update', 0, 'Active'), 
(647, 'GENERIC_RESET_SEARCH_VALUE', 'Generic', 'Update', 0, 'Active'), 
(648, 'GENERIC_PLEASE_ONLY_ENTER_LETTERS_AND_NUMBERS_WITHOUT_SPACE_FOR_THE_FIELD_FIELD', 'Generic', 'Update', 0, 'Active'), 
(649, 'GENERIC_PLEASE_ENTER_A_VALUE_FOR_THE__C35FIELD_C35_FIELD_C46', 'Generic', 'Update', 0, 'Active'), 
(650, 'GENERIC_PLEASE_ENTER_MINIMUM_LENGTH_FOR_THE__C35FIELD_C35_FIELD_C46', 'Generic', 'Update', 0, 'Active'), 
(651, 'GENERIC_PLEASE_ENTER_MAXIMUM_LENGTH_FOR_THE__C35FIELD_C35_FIELD_C46', 'Generic', 'Update', 0, 'Active'), 
(652, 'COUNTRY_COUNTRY_CODE_ISO_C453', 'Generic', 'Update', 0, 'Active'), 
(653, 'GENERIC_PLEASE_ENTER_VALID_EMAIL_ADDRESS_FOR_THE__C35FIELD_C35_FIELD_C46', 'Generic', 'Update', 0, 'Active'), 
(654, 'GENERIC_GRID_ADD_CANCEL', 'Generic', 'Update', 0, 'Active'), 
(655, 'GENERIC_GRID_GENERIC_GRID_DATA_HAS_BEEN_CHANGED_SAVE_CHANGES', 'Generic', 'Update', 0, 'Active'), 
(656, 'ACTION_RECORD_C40S_C41_UPDATED_SUCCESSFULLY_C46_C46_C33', 'Generic', 'Update', 0, 'Active'), 
(657, 'ACTION_RECORD_ALREADY_EXISTS_WITH_THESE_DETAILS', 'Generic', 'Update', 0, 'Active'), 
(658, 'ACTION_YOU_ARE_NOT_AUTHORIZED_TO_ADD_THESE_DETAILS_C46_C46_C33', 'Generic', 'Update', 0, 'Active'), 
(659, 'ACTION_YOU_ARE_NOT_AUTHORIZED_TO_MODIFY_THESE_DETAILS_C46_C46_C33', 'Generic', 'Update', 0, 'Active'), 
(660, 'ACTION_RECORD_C40S_C41_DELETED_SUCCESSFULLY_C46_C46_C33', 'Generic', 'Update', 0, 'Active'), 
(661, 'ACTION_RECORD_C40S_C41_MODIFIED_SUCCESSFULLY_C46_C46_C33', 'Generic', 'Update', 0, 'Active'), 
(662, 'GENERIC_AREA_CHART', 'Generic', 'Update', 0, 'Active'), 
(663, 'GENERIC_LINE_CHART', 'Generic', 'Update', 0, 'Active'), 
(664, 'GENERIC_STACKED_BAR_CHART', 'Generic', 'Update', 0, 'Active'), 
(665, 'GENERIC_STACKED_HORIZONTAL_BAR_CHART', 'Generic', 'Update', 0, 'Active'), 
(666, 'GENERIC_FORMATS', 'Generic', 'Update', 0, 'Active'), 
(667, 'GENERIC_AUTHENTICATE', 'Generic', 'Update', 0, 'Active'), 
(668, 'GENERIC_WIDGET_POISTIONS_HERE', 'Generic', 'Update', 0, 'Active'), 
(669, 'ACTION_YOU_ARE_NOT_AUTHORIZED_TO_ADD_THESE_DETAILS_C46_C46_C33', 'Action', 'Messages', 0, 'Active'), 
(670, 'ACTION_YOU_ARE_NOT_AUTHORIZED_TO_MODIFY_THESE_DETAILS_C46_C46_C33', 'Action', 'Messages', 0, 'Active'), 
(671, 'ACTION_RECORD_C40S_C41_DELETED_SUCCESSFULLY_C46_C46_C33', 'Action', 'Messages', 0, 'Active'), 
(672, 'ACTION_RECORD_C40S_C41_MODIFIED_SUCCESSFULLY_C46_C46_C33', 'Action', 'Messages', 0, 'Active'), 
(673, 'ACTION_RECORD_ALREADY_EXISTS_WITH_THESE_DETAILS_OF_EMAIL_OR_USER_NAME_C46_C46_C33', 'Action', 'Messages', 0, 'Active'), 
(674, 'GENERIC_PLEASE_ENTER_PROPER_VALUE_FOR__C35FIELD_C35_FIELD', 'Generic', 'Update', 0, 'Active'), 
(675, 'GENERIC_PLEASE_ENTER_VALUE_FOR_RE_C45TYPE__C35FIELD_C35_FIELD', 'Generic', 'Update', 0, 'Active'), 
(676, 'GENERIC_C35FIELD_C35_DOES_NOT_MATCH', 'Generic', 'Update', 0, 'Active'), 
(677, 'COUNTRY_STATE', 'country', 'Update', 0, 'Active'), 
(678, 'COUNTRY_COUNTRY_CODE_ISO_C453', 'country', 'Listing', 0, 'Active'), 
(679, 'COUNTRY_NUMBER_OF_STATES', 'country', 'Listing', 0, 'Active'), 
(680, 'LOGHISTORY_C45_TOTAL__C45', 'loghistory', 'Update', 0, 'Active'), 
(681, 'LOGHISTORY_USER', 'loghistory', 'Update', 0, 'Active'), 
(682, 'LOGHISTORY_IP', 'loghistory', 'Update', 0, 'Active'), 
(683, 'STATE_C45_STATES__C45', 'state', 'Update', 0, 'Active'), 
(684, 'GENERIC_GRID_FILTER', 'Generic', 'Update', 0, 'Active'), 
(685, 'GENERIC_GROUP_LANDING_PAGE', 'Generic', 'Update', 0, 'Active'), 
(686, 'GENERIC_GROUP_PLEASE_SELECT_LANDING_PAGE', 'Generic', 'Update', 0, 'Active'), 
(687, 'GENERIC_GROUP_PHP_FUNCTION', 'Generic', 'Update', 0, 'Active'), 
(688, 'GENERIC_INVALID_CONFIGURATION_SETTINGS', 'Generic', 'Update', 0, 'Active'), 
(689, 'GENERIC_DATABASE_ERRORS_OCCURRED', 'Generic', 'Update', 0, 'Active'), 
(690, 'GENERIC_CLICK_HERE_TO_VIEW', 'Generic', 'Update', 0, 'Active'), 
(691, 'GENERIC_SENT_NOTIFICATIONS', 'Generic', 'Update', 0, 'Active'), 
(692, 'GENERIC_GRID_TABLE_VIEW', 'Generic', 'Update', 0, 'Active'), 
(693, 'GENERIC_GRID_LIST_VIEW', 'Generic', 'Update', 0, 'Active'), 
(694, 'GENERIC_GRID_GRID_VIEW', 'Generic', 'Update', 0, 'Active'), 
(695, 'GENERIC_GRID_QUICK_SEARCH', 'Generic', 'Update', 0, 'Active'), 
(696, 'GENERIC_GRID_CHANGE_VIEW', 'Generic', 'Update', 0, 'Active'), 
(697, 'GENERIC_GRID_CHANGE_GROUPING', 'Generic', 'Update', 0, 'Active'), 
(698, 'GENERIC_GRID_SELECT_DATES_TO_FILTER_DATA', 'Generic', 'Update', 0, 'Active'), 
(699, 'GENERIC_AUTO_UPDATING_CHART', 'Generic', 'Update', 0, 'Active'), 
(700, 'ACTION_NO_NOTIFICATIONS_DATA_FOUND', 'Action', 'Messages', 0, 'Active'), 
(701, 'ACTION_FILE_TYPE_IS_NOT_ACCEPTABLE', 'Action', 'Messages', 0, 'Active'), 
(702, 'ACTION_FILE_SIZE_IS_TOO_LARGE', 'Action', 'Messages', 0, 'Active');


-- --------------------------------------------------------

--
-- Table structure for table `mod_language_label_lang`
--
DROP TABLE IF EXISTS `mod_language_label_lang`;

CREATE TABLE `mod_language_label_lang` (
  `iLanguageLabelId` int(12) NOT NULL,
  `vLangCode` varchar(255) NOT NULL,
  `vTitle` varchar(500) NOT NULL,
  `iSysRecDeleted` int(11) DEFAULT '0',
  UNIQUE KEY `iLanguageLabelId` (`iLanguageLabelId`,`vLangCode`)
) ENGINE=InnoDB DEFAULT CHARSET=utf8;


--
-- Dumping data for table `mod_language_label_lang`
--

INSERT INTO `mod_language_label_lang` (`iLanguageLabelId`, `vLangCode`, `vTitle`, `iSysRecDeleted`) VALUES 
(1, 'EN', 'Sign In', 0), 
(2, 'EN', 'Login', 0), 
(3, 'EN', 'Password', 0), 
(4, 'EN', 'Remember me', 0), 
(5, 'EN', 'Forgot Password', 0), 
(6, 'EN', 'Make it secret', 0), 
(7, 'EN', 'Username', 0), 
(8, 'EN', 'Group Name', 0), 
(9, 'EN', 'Group Code', 0), 
(10, 'EN', 'Status', 0), 
(11, 'EN', 'Select Modules', 0), 
(12, 'EN', 'Back to Group Listing', 0), 
(13, 'EN', 'Group', 0), 
(14, 'EN', 'Next', 0), 
(15, 'EN', 'Prev', 0), 
(16, 'EN', 'Email Title', 0), 
(17, 'EN', 'Email Code', 0), 
(18, 'EN', 'Email Subject', 0), 
(19, 'EN', 'From Name', 0), 
(20, 'EN', 'From Email', 0), 
(21, 'EN', 'System Emails', 0), 
(22, 'EN', 'Back to System Emails Listing', 0), 
(23, 'EN', 'Variables', 0), 
(24, 'EN', 'Add New', 0), 
(25, 'EN', 'Minimize', 0), 
(26, 'EN', 'Description', 0), 
(27, 'EN', 'Actions', 0), 
(28, 'EN', 'Delete', 0), 
(29, 'EN', 'Email Message', 0), 
(30, 'EN', 'Send To ', 0), 
(31, 'EN', 'Enter Email Address', 0), 
(32, 'EN', 'No group present', 0), 
(33, 'EN', 'Please Enter From Name', 0), 
(34, 'EN', 'Please Enter Email Subject', 0), 
(35, 'EN', 'Please Enter From Email', 0), 
(36, 'EN', 'Email Content', 0), 
(37, 'EN', 'Send Mail', 0), 
(38, 'EN', 'Navigation Log', 0), 
(39, 'EN', 'Menu', 0), 
(40, 'EN', 'Navigation', 0), 
(41, 'EN', 'Action', 0), 
(42, 'EN', 'Timestamp', 0), 
(43, 'EN', 'Hide Navigation Log', 0), 
(44, 'EN', 'Database Query Log', 0), 
(45, 'EN', 'Flush', 0), 
(46, 'EN', 'Query log file not found', 0), 
(47, 'EN', 'All', 0), 
(48, 'EN', 'First', 0), 
(49, 'EN', 'Last', 0), 
(50, 'EN', 'DB Query', 0), 
(51, 'EN', 'Execution Time (ms)', 0), 
(52, 'EN', 'From IP', 0), 
(53, 'EN', 'Pages', 0), 
(54, 'EN', 'Go', 0), 
(55, 'EN', 'Hide DB Queries Log', 0), 
(56, 'EN', 'Change Password', 0), 
(57, 'EN', 'Edit Profile', 0), 
(58, 'EN', 'Logout', 0), 
(59, 'EN', 'Logged User', 0), 
(60, 'EN', 'Full Backup', 0), 
(61, 'EN', 'Table Backup', 0), 
(62, 'EN', 'Old Password', 0), 
(63, 'EN', 'New Password', 0), 
(64, 'EN', 'Confirm Password ', 0), 
(65, 'EN', 'Please Enter Old Password', 0), 
(66, 'EN', 'Please Enter New Password', 0), 
(67, 'EN', 'Please Re-enter Password', 0), 
(68, 'EN', 'Reset Password', 0), 
(69, 'EN', 'Re-type Password', 0), 
(70, 'EN', 'Reset code', 0), 
(71, 'EN', 'Go back', 0), 
(72, 'EN', 'Sitemap', 0), 
(73, 'EN', 'Forbidden', 0), 
(74, 'EN', 'List', 0), 
(75, 'EN', 'Edit', 0), 
(76, 'EN', 'Update', 0), 
(77, 'EN', 'Add', 0), 
(78, 'EN', 'List', 0), 
(79, 'EN', 'Stay', 0), 
(80, 'EN', 'Save', 0), 
(81, 'EN', 'Discard', 0), 
(82, 'EN', 'Listing', 0), 
(83, 'EN', 'Show View', 0), 
(84, 'EN', 'Hide View', 0), 
(85, 'EN', 'Pivot Table', 0), 
(86, 'EN', 'Charts', 0), 
(87, 'EN', 'Bar Chart', 0), 
(88, 'EN', 'Pie Chart', 0), 
(89, 'EN', 'Horizontal Bar Chart', 0), 
(90, 'EN', 'Donut Chart', 0), 
(91, 'EN', 'Delete', 0), 
(92, 'EN', 'Add New', 0), 
(93, 'EN', 'Cancel', 0), 
(94, 'EN', 'Search', 0), 
(95, 'EN', 'Advance Search', 0), 
(96, 'EN', 'Export', 0), 
(97, 'EN', 'Show All', 0), 
(98, 'EN', 'Columns', 0), 
(99, 'EN', 'No records found..!', 0), 
(100, 'EN', 'Show All Listing Records', 0), 
(101, 'EN', 'Please select any record', 0), 
(102, 'EN', 'Are you sure want to delete selected record(s)', 0), 
(103, 'EN', 'Record(s) deleted successfully', 0), 
(104, 'EN', 'Error in deletion', 0), 
(105, 'EN', 'Find', 0), 
(106, 'EN', 'Reset', 0), 
(107, 'EN', 'Hide/Show Columns', 0), 
(108, 'EN', 'Please select atleast one column', 0), 
(109, 'EN', 'Export all', 0), 
(110, 'EN', 'Records', 0), 
(111, 'EN', 'Export current page records', 0), 
(112, 'EN', 'Select Columns', 0), 
(113, 'EN', 'Error', 0), 
(114, 'EN', 'Ok', 0), 
(115, 'EN', 'Save All', 0), 
(116, 'EN', 'Cancel All', 0), 
(117, 'EN', 'Error in  updation', 0), 
(118, 'EN', 'No data fields found for saving', 0), 
(119, 'EN', 'No Data Fields', 0), 
(120, 'EN', 'No Records', 0), 
(121, 'EN', 'Record added successfully', 0), 
(122, 'EN', 'Error in adding record', 0), 
(123, 'EN', 'Are you sure want to delete added record?', 0), 
(124, 'EN', 'No new records found for delete.!', 0), 
(125, 'EN', 'Are you sure want to delete all new record(s)?', 0), 
(126, 'EN', 'Export Mode', 0), 
(127, 'EN', 'Export To', 0), 
(128, 'EN', 'Export to csv', 0), 
(129, 'EN', 'Export to pdf', 0), 
(130, 'EN', 'Select All', 0), 
(131, 'EN', 'All', 0), 
(132, 'EN', 'records are selected', 0), 
(133, 'EN', 'Clear selections', 0), 
(134, 'EN', 'Selected', 0), 
(135, 'EN', 'Success Message', 0), 
(136, 'EN', 'View', 0), 
(137, 'EN', 'of', 0), 
(138, 'EN', 'No records to view', 0), 
(139, 'EN', 'Loading', 0), 
(140, 'EN', 'Page', 0), 
(141, 'EN', 'Any', 0), 
(142, 'EN', 'Add Record', 0), 
(143, 'EN', 'Edit Record', 0), 
(144, 'EN', 'Submit', 0), 
(145, 'EN', 'Close', 0), 
(146, 'EN', 'Data has been changed! Save changes', 0), 
(147, 'EN', 'Yes', 0), 
(148, 'EN', 'No', 0), 
(149, 'EN', 'Field is required', 0), 
(150, 'EN', 'Please, enter valid number', 0), 
(151, 'EN', 'value must be greater than or equal to ', 0), 
(152, 'EN', 'value must be less than or equal to', 0), 
(153, 'EN', 'is not a valid e-mail', 0), 
(154, 'EN', 'Please, enter valid integer value', 0), 
(155, 'EN', 'Please, enter valid date value', 0), 
(156, 'EN', 'is not a valid URL. Prefix required (http:// or https://)', 0), 
(157, 'EN', 'is not defined!', 0), 
(158, 'EN', 'return value is required!', 0), 
(159, 'EN', 'Custom function should return array!', 0), 
(160, 'EN', 'Custom function should be present in case of custom checking!', 0), 
(161, 'EN', 'View Record', 0), 
(162, 'EN', 'Delete selected record(s)?', 0), 
(163, 'EN', 'Edit selected row', 0), 
(164, 'EN', 'Add new row', 0), 
(165, 'EN', 'Delete selected row', 0), 
(166, 'EN', 'Find records', 0), 
(167, 'EN', 'Reload Grid', 0), 
(168, 'EN', 'Warning', 0), 
(169, 'EN', 'Please, select row', 0), 
(170, 'EN', 'View selected row', 0), 
(171, 'EN', 'No url is set', 0), 
(172, 'EN', 'No records to process', 0), 
(173, 'EN', 'Length of colNames does not match with colModel!', 0), 
(174, 'EN', 'Are you sure want to #STATUS# this records?', 0), 
(175, 'EN', 'Please select any record to #STATUS#', 0), 
(176, 'EN', 'Record(s) #STATUS# successfully', 0), 
(177, 'EN', 'Error in #STATUS# updation', 0), 
(178, 'EN', 'Ok', 0), 
(179, 'EN', 'Cancel', 0), 
(180, 'EN', 'Dashboard', 0), 
(181, 'EN', 'View', 0), 
(182, 'EN', 'Add new record', 0), 
(183, 'EN', 'Select all', 0), 
(184, 'EN', 'Deselect all', 0), 
(185, 'EN', 'Valid Extensions', 0), 
(186, 'EN', 'Valid size', 0), 
(187, 'EN', 'Less than', 0), 
(188, 'EN', 'Show all', 0), 
(189, 'EN', 'Hide all', 0), 
(190, 'EN', 'Click this to show password', 0), 
(191, 'EN', 'Capture photo', 0), 
(192, 'EN', 'Are you sure want to delete this?', 0), 
(193, 'EN', 'Are you sure want to delete this record?', 0), 
(194, 'EN', 'Are you sure want to delete this row?', 0), 
(195, 'EN', 'Error in deletion of record', 0), 
(196, 'EN', 'Record saved successfully', 0), 
(197, 'EN', 'Are you sure want to delete this record from database?', 0), 
(198, 'EN', 'Record deleted successfully', 0), 
(199, 'EN', 'Error in updation', 0), 
(200, 'EN', 'Establishments', 0), 
(201, 'EN', 'Geocodes', 0), 
(202, 'EN', 'Error in file deletion.!', 0), 
(203, 'EN', 'Do you want to clear cache queries?', 0), 
(204, 'EN', 'Please enter proper data.!', 0), 
(205, 'EN', 'Must be equal to', 0), 
(206, 'EN', 'Must be greater than', 0), 
(207, 'EN', 'Must be less than', 0), 
(208, 'EN', 'Must be greater than or equal to', 0), 
(209, 'EN', 'Must be less than or equal to', 0), 
(210, 'EN', 'Hide Left Search Panel', 0), 
(211, 'EN', 'Show Left Search Panel', 0), 
(212, 'EN', 'Are you sure to flush the logs?', 0), 
(213, 'EN', 'Old Pattern', 0), 
(214, 'EN', 'Capture', 0), 
(215, 'EN', 'LIVE', 0), 
(216, 'EN', 'Click me to see different filters', 0), 
(217, 'EN', 'Click the video to see different CSS filters', 0), 
(218, 'EN', 'No camera available for capturing pictures..!', 0), 
(224, 'EN', 'Please select any record', 0), 
(225, 'EN', 'Refresh', 0), 
(226, 'EN', 'Refresh Listing', 0), 
(227, 'EN', 'Are you sure want to delete selected record(s)?', 0), 
(228, 'EN', 'Create Backup', 0), 
(229, 'EN', 'Please select any record to take backup', 0), 
(230, 'EN', 'Backup and Download', 0), 
(231, 'EN', 'Please select any record to backup and download', 0), 
(232, 'EN', 'Download File', 0), 
(233, 'EN', 'Please enter a value for the group name field.', 0), 
(234, 'EN', 'Please enter a value for the group code field.', 0), 
(235, 'EN', 'Please enter a value for the status field.', 0), 
(236, 'EN', 'Please select users', 0), 
(237, 'EN', 'Please enter valid Email', 0), 
(238, 'EN', 'Please enter email address', 0), 
(239, 'EN', 'Responsive Filemanager', 0), 
(240, 'EN', 'Upload File', 0), 
(241, 'EN', 'Please enter email code', 0), 
(242, 'EN', 'Please enter email title', 0), 
(243, 'EN', 'Please enter variable', 0), 
(244, 'EN', 'Please enter different variable', 0), 
(245, 'EN', 'Please enter description', 0), 
(246, 'EN', 'Are you sure to delete this Variable?', 0), 
(247, 'EN', 'Delete Variable', 0), 
(248, 'EN', 'Please re-enter new password', 0), 
(249, 'EN', 'Password does not match', 0), 
(250, 'EN', 'Upload', 0), 
(251, 'EN', 'Please select export type', 0), 
(252, 'EN', 'There is no data to export', 0), 
(253, 'EN', 'Columns order saved successfully.!', 0), 
(254, 'EN', 'Columns width saved successfully.!', 0), 
(255, 'EN', 'Download', 0), 
(256, 'EN', 'View', 0), 
(257, 'EN', 'Type in a search term', 0), 
(258, 'EN', 'No results', 0), 
(259, 'EN', 'Searching...', 0), 
(260, 'EN', 'From', 0), 
(261, 'EN', 'To', 0), 
(262, 'EN', 'Custom range', 0), 
(263, 'EN', 'Email Template', 0), 
(264, 'EN', 'Back To #MODULE_HEADING# Listing', 0), 
(265, 'EN', 'Language labels', 0), 
(266, 'EN', 'Edit Language labels', 0), 
(267, 'EN', 'Back to Language labels Listing', 0), 
(268, 'EN', 'Module', 0), 
(269, 'EN', 'Page', 0), 
(270, 'EN', 'Status', 0), 
(271, 'EN', 'Label', 0), 
(272, 'EN', 'Active', 0), 
(273, 'EN', 'Inactive', 0), 
(274, 'EN', 'Archive', 0), 
(275, 'EN', 'Lang Code', 0), 
(276, 'EN', 'Custom Field - 1', 0), 
(277, 'EN', 'Value', 0), 
(278, 'EN', 'Language Label', 0), 
(279, 'EN', 'Select Page', 0), 
(280, 'EN', 'Update', 0), 
(281, 'EN', 'Listing', 0), 
(282, 'EN', 'Dashboard', 0), 
(283, 'EN', 'Messages', 0), 
(284, 'EN', 'Menu', 0), 
(285, 'EN', 'Javascript', 0), 
(286, 'EN', 'Please only enter letters and numbers without space for the #FIELD# field.', 0), 
(287, 'EN', 'Please enter a value for the #FIELD# field.', 0), 
(288, 'EN', 'Generic', 0), 
(289, 'EN', 'Action', 0), 
(291, 'EN', 'Please visit the link which has been sent to your mail..!', 0), 
(299, 'EN', 'Old password is incorrect..!', 0), 
(348, 'EN', 'Admin', 0), 
(349, 'EN', 'Name', 0), 
(350, 'EN', 'Email', 0), 
(351, 'EN', 'User Name', 0), 
(352, 'EN', 'Last Access', 0), 
(353, 'EN', 'Status', 0), 
(354, 'EN', 'Group Name', 0), 
(356, 'EN', 'Please enter proper value for #FIELD# field', 0), 
(357, 'EN', 'Please enter value for re-type #FIELD# field', 0), 
(358, 'EN', '#FIELD# does not match', 0), 
(360, 'EN', 'Password', 0), 
(361, 'EN', 'Phonenumber', 0), 
(362, 'EN', 'Group', 0), 
(363, 'EN', 'Active', 0), 
(364, 'EN', 'Inactive', 0), 
(365, 'EN', 'Country', 0), 
(366, 'EN', 'Country Code', 0), 
(368, 'EN', 'Status', 0), 
(371, 'EN', 'Description', 0), 
(372, 'EN', 'Active', 0), 
(373, 'EN', 'Inactive', 0), 
(374, 'EN', 'Group', 0), 
(375, 'EN', 'Group Name', 0), 
(376, 'EN', 'Group Code', 0), 
(377, 'EN', 'Status', 0), 
(378, 'EN', 'Active', 0), 
(379, 'EN', 'Inactive', 0), 
(380, 'EN', 'Log History', 0), 
(381, 'EN', 'Name', 0), 
(382, 'EN', 'IP Address', 0), 
(383, 'EN', 'Login Date', 0), 
(384, 'EN', 'Logout Date', 0), 
(387, 'EN', 'User Type', 0), 
(388, 'EN', 'Current Url', 0), 
(389, 'EN', 'Extra Param', 0), 
(390, 'EN', 'Admin', 0), 
(391, 'EN', 'Member', 0), 
(392, 'EN', 'State', 0), 
(393, 'EN', 'State Code', 0), 
(394, 'EN', 'Country Code', 0), 
(395, 'EN', 'Status', 0), 
(396, 'EN', 'Country', 0), 
(397, 'EN', 'Active', 0), 
(398, 'EN', 'Inactive', 0), 
(399, 'EN', 'Static Pages', 0), 
(400, 'EN', 'Page Title', 0), 
(401, 'EN', 'Page Code', 0), 
(402, 'EN', 'Url', 0), 
(403, 'EN', 'Meta Title', 0), 
(404, 'EN', 'Meta Keyword', 0), 
(405, 'EN', 'Meta Desc', 0), 
(406, 'EN', 'T Datecreated', 0), 
(407, 'EN', 'Status', 0), 
(408, 'EN', 'Content', 0), 
(409, 'EN', 'Active', 0), 
(410, 'EN', 'Inactive', 0), 
(411, 'EN', 'System Emails', 0), 
(412, 'EN', 'Email Title', 0), 
(413, 'EN', 'Email Code', 0), 
(414, 'EN', 'From Name', 0), 
(415, 'EN', 'Status', 0), 
(416, 'EN', 'From Email', 0), 
(417, 'EN', 'Bcc Email', 0), 
(418, 'EN', 'Email Format', 0), 
(419, 'EN', 'Email Subject', 0), 
(420, 'EN', 'Email Message', 0), 
(421, 'EN', 'Email Footer', 0), 
(422, 'EN', 'Active', 0), 
(423, 'EN', 'Inactive', 0), 
(445, 'EN', 'File Uploaded successfully..!', 0), 
(460, 'EN', 'Home', 0), 
(461, 'EN', 'Users', 0), 
(462, 'EN', 'Admin', 0), 
(463, 'EN', 'Tools', 0), 
(464, 'EN', 'Country', 0), 
(465, 'EN', 'State', 0), 
(466, 'EN', 'Settings', 0), 
(467, 'EN', 'Appearance', 0), 
(468, 'EN', 'Email', 0), 
(469, 'EN', 'Company', 0), 
(470, 'EN', 'Prices', 0), 
(471, 'EN', 'Utilities', 0), 
(472, 'EN', 'Backup', 0), 
(473, 'EN', 'Resources', 0), 
(474, 'EN', 'Bulk Email', 0), 
(475, 'EN', 'Log History', 0), 
(476, 'EN', 'Static Pages', 0), 
(477, 'EN', 'SMS', 0), 
(478, 'EN', 'BulkEmail', 0), 
(479, 'EN', 'Sum of', 0), 
(480, 'EN', 'Count of', 0), 
(481, 'EN', 'Avg of', 0), 
(482, 'EN', 'Max of', 0), 
(483, 'EN', 'Min of', 0), 
(484, 'EN', 'and Below', 0), 
(485, 'EN', 'and Above', 0), 
(486, 'EN', 'Language Labels', 0), 
(487, 'EN', 'Front', 0), 
(488, 'EN', 'Preferences', 0), 
(489, 'EN', 'Add Cc', 0), 
(490, 'EN', 'Add Bcc', 0), 
(491, 'EN', 'Push Notification', 0), 
(492, 'EN', 'Send To', 0), 
(493, 'EN', 'Enter Device Token(s)', 0), 
(494, 'EN', 'Enter multiple device tokens with (,) seperated.', 0), 
(495, 'EN', 'Code', 0), 
(496, 'EN', 'Sound', 0), 
(497, 'EN', 'Badge', 0), 
(498, 'EN', 'Button Title', 0), 
(499, 'EN', 'Message', 0), 
(500, 'EN', 'Send', 0), 
(501, 'EN', 'Discard', 0), 
(502, 'EN', 'Select Device Token', 0), 
(503, 'EN', 'Select Fields', 0), 
(504, 'EN', 'Compulsory', 0), 
(505, 'EN', 'Click to select search operation', 0), 
(506, 'EN', 'Clear search value', 0), 
(507, 'EN', 'Notifications', 0), 
(508, 'EN', 'Entity Type', 0), 
(509, 'EN', 'Receiver', 0), 
(510, 'EN', 'Notification Type', 0), 
(511, 'EN', 'Redirect Link', 0), 
(512, 'EN', 'Subject', 0), 
(513, 'EN', 'Content', 0), 
(514, 'EN', 'Status', 0), 
(515, 'EN', 'Please select #FIELD#', 0), 
(516, 'EN', 'Admin', 0), 
(517, 'EN', 'Member', 0), 
(518, 'EN', 'General', 0), 
(519, 'EN', 'SMS', 0), 
(520, 'EN', 'Pending', 0), 
(521, 'EN', 'Executed', 0), 
(523, 'EN', 'Sent On', 0), 
(524, 'EN', 'Receiver Name', 0), 
(525, 'EN', 'Entity Name', 0), 
(526, 'EN', 'Group Name', 0), 
(527, 'EN', 'Email Notify', 0), 
(528, 'EN', 'Push Notify', 0), 
(529, 'EN', 'Desktop Notify', 0), 
(530, 'EN', 'Send Date Time', 0), 
(531, 'EN', 'Welcome To #COMPANY_NAME# Admin Panel', 0), 
(532, 'EN', 'Mode', 0), 
(533, 'EN', 'Push Notification', 0), 
(534, 'EN', 'Login to access your account.', 0), 
(535, 'EN', 'Forgot Password', 0), 
(536, 'EN', 'To reset your password, enter username you use to sign in to Configure.IT', 0), 
(537, 'EN', 'Please enter Username', 0), 
(538, 'EN', 'Please enter Password', 0), 
(539, 'EN', 'Please enter Password', 0), 
(540, 'EN', 'Please enter Re-type Password', 0), 
(541, 'EN', 'Passwords do not match', 0), 
(542, 'EN', 'Please enter Reset Code', 0), 
(543, 'EN', 'Config', 0), 
(544, 'EN', 'Your account is currently expired. Please contact administrator.', 0), 
(545, 'EN', 'Your account is currently closed. Please contact administrator.', 0), 
(546, 'EN', 'No records found..!', 0), 
(547, 'EN', 'No camera available for capturing pictures..!', 0), 
(548, 'EN', 'User denied access to use camera for capturing pictures..!', 0), 
(549, 'EN', 'System hardware does not support for capturing pictures..!', 0), 
(550, 'EN', 'Please capture photo for saving..!', 0), 
(551, 'EN', 'No data found..!', 0), 
(552, 'EN', 'Failure in sending mail..!', 0), 
(553, 'EN', 'Please visit the link which has been sent to your mail..!', 0), 
(554, 'EN', 'Please check your mail for login name and password..!', 0), 
(555, 'EN', 'Unable to find a user with this login name..!', 0), 
(556, 'EN', 'Please enter login name..!', 0), 
(557, 'EN', 'Password changed successfully..!', 0), 
(558, 'EN', 'Faliure in changing password..!', 0), 
(559, 'EN', 'New password and confirm password does not match..!', 0), 
(560, 'EN', 'Please enter new password..!', 0), 
(561, 'EN', 'Old password is incorrect..!', 0), 
(562, 'EN', 'You are not authorized to view this page..!', 0), 
(563, 'EN', 'Record(s) deleted successfully..!', 0), 
(564, 'EN', 'Failure in deletion of backup file..!', 0), 
(565, 'EN', 'Backup file not found..!', 0), 
(566, 'EN', 'Can not update admin data..!', 0), 
(567, 'EN', 'Can not update your self..!', 0), 
(568, 'EN', 'Can not delete admin record..!', 0), 
(569, 'EN', 'Can not delete by yourself..!', 0), 
(570, 'EN', 'Can not change status of admin..!', 0), 
(571, 'EN', 'Can not change status of yourself..!', 0), 
(572, 'EN', 'Query log pages deleted successfully..!', 0), 
(573, 'EN', 'No query log pages found or page deletion failed..!', 0), 
(574, 'EN', 'No queries be cached or cache clearing failed..!', 0), 
(575, 'EN', 'Query cache cleared successfully..!', 0), 
(576, 'EN', 'You are not authorized to add or modify these details..!', 0), 
(577, 'EN', 'Failure in database backup creation..!', 0), 
(578, 'EN', 'Database backup created successfully..!', 0), 
(579, 'EN', 'You have entered wrong login name or password pattern. Please try again..!', 0), 
(580, 'EN', 'You have entered wrong login name or password. Please try again..!', 0), 
(581, 'EN', 'Your admin login temporarily inactivated. Please contact administrator..!', 0), 
(582, 'EN', 'Your group login temporarily inactivated. Please contact administrator..!', 0), 
(583, 'EN', 'Security code failed..!', 0), 
(584, 'EN', 'Reset password failed..!', 0), 
(585, 'EN', 'Please login with your new password..!', 0), 
(586, 'EN', 'Time exceeded to reset the password..!', 0), 
(587, 'EN', 'Failure in file deletion..!', 0), 
(588, 'EN', 'File deleted successfully..!', 0), 
(589, 'EN', 'Please specify the upload folder name..!', 0), 
(590, 'EN', 'Upload file not found..!', 0), 
(591, 'EN', 'File size not a valid one..!', 0), 
(592, 'EN', 'Failure in uploading..!', 0), 
(593, 'EN', 'Uploaded successfully..!', 0), 
(594, 'EN', 'Faliure in updating of general settings..!', 0), 
(595, 'EN', 'General settings updated successfully..!', 0), 
(596, 'EN', 'You are not authorized to send mail..!', 0), 
(597, 'EN', 'No records found to mail..!', 0), 
(598, 'EN', 'Email body should not empty..!', 0), 
(599, 'EN', 'Email send successfully..!', 0), 
(600, 'EN', 'Dashboard configuration not found..!', 0), 
(601, 'EN', 'Dashboard is unavailable..!', 0), 
(602, 'EN', 'You are not authorized to edit this page..!', 0), 
(603, 'EN', 'Record(s) updated successfully..!', 0), 
(604, 'EN', 'Faliure in updating..!', 0);

INSERT INTO `mod_language_label_lang` (`iLanguageLabelId`, `vLangCode`, `vTitle`, `iSysRecDeleted`) VALUES 
(605, 'EN', 'Failure in static page creation..!', 0), 
(606, 'EN', 'Failure in static page data appending..!', 0), 
(607, 'EN', 'Module configuration not done..!', 0), 
(608, 'EN', 'Listing configuration not done..!', 0), 
(609, 'EN', 'Form configuring not done..!', 0), 
(610, 'EN', 'Either table name or primary key is missing..!', 0), 
(611, 'EN', 'Relation between modules not found..!', 0), 
(612, 'EN', 'Add more is not allowed for this module..!', 0), 
(613, 'EN', 'You are not authorized to delete these details..!', 0), 
(614, 'EN', 'Failure in adding record..!', 0), 
(615, 'EN', 'Record added successfully..!', 0), 
(616, 'EN', 'Failure in updating of this record..!', 0), 
(617, 'EN', 'Record successfully updated..!', 0), 
(618, 'EN', 'Failure in deletion this record..!', 0), 
(619, 'EN', 'Failure in modifying these records..!', 0), 
(620, 'EN', 'Record(s) modified successfully..!', 0), 
(621, 'EN', 'Record already exists with these details of #FIELD_NAME#..!', 0), 
(622, 'EN', 'Records which you are trying to access are not available..!', 0), 
(623, 'EN', 'Failure in performing this operation..!', 0), 
(624, 'EN', 'No #MODULE_NAME# data found..!', 0), 
(625, 'EN', 'Before event has been failed..!', 0), 
(626, 'EN', 'After event has been failed..!', 0), 
(627, 'EN', 'Delete event has been failed..!', 0), 
(628, 'EN', 'File Uploaded successfully..!', 0), 
(629, 'EN', 'Record already exists with these details of EmailandUser Name..!', 0), 
(630, 'EN', 'No admin data found..!', 0), 
(631, 'EN', 'Record already exists with these details of Country Code..!', 0), 
(632, 'EN', 'No country data found..!', 0), 
(633, 'EN', 'Record already exists with these details of Group Code..!', 0), 
(634, 'EN', 'No group data found..!', 0), 
(635, 'EN', 'Record already exists with these details of ..!', 0), 
(636, 'EN', 'No log history data found..!', 0), 
(637, 'EN', 'Record already exists with these details of State CodeandCountry..!', 0), 
(638, 'EN', 'No state data found..!', 0), 
(639, 'EN', 'Record already exists with these details of Page Code..!', 0), 
(640, 'EN', 'No static pages data found..!', 0), 
(641, 'EN', 'Record already exists with these details of Email Code..!', 0), 
(642, 'EN', 'No system emails data found..!', 0), 
(643, 'EN', 'No Notifications data found..!', 0), 
(644, 'EN', 'Please enter Username', 0), 
(645, 'EN', 'File type is not acceptable.', 0), 
(646, 'EN', 'File size is too large.', 0), 
(647, 'EN', 'Reset Search Value', 0), 
(648, 'EN', 'Please only enter letters and numbers without space for the field', 0), 
(649, 'EN', 'Please enter a value for the #FIELD# field.', 0), 
(650, 'EN', 'Please enter minimum length for the #FIELD# field.', 0), 
(651, 'EN', 'Please enter maximum length for the #FIELD# field.', 0), 
(652, 'EN', 'Country Code ISO-3', 0), 
(653, 'EN', 'Please enter valid email address for the #FIELD# field.', 0), 
(654, 'EN', 'Cancel', 0), 
(655, 'EN', 'Grid data has been changed', 0), 
(656, 'EN', 'Record(s) updated successfully..!', 0), 
(657, 'EN', 'Record already exists with these details', 0), 
(658, 'EN', 'You are not authorized to add these details.!', 0), 
(659, 'EN', 'You are not authorized to modify these details.!', 0), 
(660, 'EN', 'Record(s) deleted successfully..!', 0), 
(661, 'EN', 'Record(s) modified successfully..!', 0), 
(662, 'EN', 'Area Chart', 0), 
(663, 'EN', 'Line Chart', 0), 
(664, 'EN', 'Stacked Bar Chart', 0), 
(665, 'EN', 'Stacked Horiz. Bar Chart', 0), 
(666, 'EN', 'Formats', 0), 
(667, 'EN', 'Authenticate', 0), 
(668, 'EN', 'Widget positions here', 0), 
(669, 'EN', 'You are not authorized to add these details..!', 0), 
(670, 'EN', 'You are not authorized to modify these details..!', 0), 
(671, 'EN', 'Record(s) deleted successfully..!', 0), 
(672, 'EN', 'Record(s) modified successfully..!', 0), 
(673, 'EN', 'Record already exists with these details of Email or User Name..!', 0), 
(674, 'EN', 'Please enter proper value for #FIELD# field', 0), 
(675, 'EN', 'Please enter value for re-type #FIELD# field', 0), 
(676, 'EN', '#FIELD# does not match', 0), 
(677, 'EN', 'State', 0), 
(678, 'EN', 'Country Code ISO-3', 0), 
(679, 'EN', 'Number Of States', 0), 
(680, 'EN', '- Total -', 0), 
(681, 'EN', 'User', 0), 
(682, 'EN', 'IP', 0), 
(683, 'EN', '- States -', 0), 
(684, 'EN', 'Filter', 0), 
(685, 'EN', 'Landing Page', 0), 
(686, 'EN', 'Please Select Landing Page', 0), 
(687, 'EN', 'PHP Function', 0), 
(688, 'EN', 'Invalid configuration settings', 0), 
(689, 'EN', 'Database Error(s) Occurred', 0), 
(690, 'EN', 'Click here to view', 0), 
(691, 'EN', 'Sent Notifications', 0), 
(692, 'EN', 'Table View', 0), 
(693, 'EN', 'List View', 0), 
(694, 'EN', 'Grid View', 0), 
(695, 'EN', 'Quick Search', 0), 
(696, 'EN', 'Change View', 0), 
(697, 'EN', 'Change Grouping', 0), 
(698, 'EN', 'Select dates to filter data', 0), 
(699, 'EN', 'Auto Updating Chart', 0), 
(700, 'EN', 'No Notifications data found..!', 0), 
(701, 'EN', 'File type is not acceptable.', 0), 
(702, 'EN', 'File size is too large.', 0);


-- --------------------------------------------------------

--
-- Table structure for table `mod_log_history`
--
DROP TABLE IF EXISTS `mod_log_history`;

CREATE TABLE `mod_log_history` (
  `iLogId` int(11) NOT NULL AUTO_INCREMENT,
  `iUserId` int(11) NOT NULL,
  `vIP` varchar(50) NOT NULL,
  `eUserType` enum('Admin','Member') NOT NULL,
  `dLoginDate` datetime NOT NULL,
  `vCurrentUrl` varchar(500) DEFAULT NULL,
  `vExtraParam` varchar(500) DEFAULT NULL,
  `dLogoutDate` datetime NOT NULL,
  `iSysRecDeleted` tinyint(5) DEFAULT '0',
  PRIMARY KEY (`iLogId`)
) ENGINE=InnoDB AUTO_INCREMENT=6 DEFAULT CHARSET=utf8;



-- --------------------------------------------------------

--
-- Table structure for table `mod_notify_operation_values`
--
DROP TABLE IF EXISTS `mod_notify_operation_values`;

CREATE TABLE `mod_notify_operation_values` (
  `iOperationScheduleId` bigint(20) NOT NULL AUTO_INCREMENT,
  `iNotifyScheduleId` bigint(20) NOT NULL,
  `vFieldName` varchar(500) DEFAULT NULL,
  `tOldValue` text,
  `tNewValue` text,
  PRIMARY KEY (`iOperationScheduleId`),
  KEY `iNotifyScheduleId` (`iNotifyScheduleId`),
  KEY `iNotifyScheduleId_2` (`iNotifyScheduleId`),
  KEY `iNotifyScheduleId_3` (`iNotifyScheduleId`)
) ENGINE=InnoDB DEFAULT CHARSET=utf8;



-- --------------------------------------------------------

--
-- Table structure for table `mod_notify_schedule`
--
DROP TABLE IF EXISTS `mod_notify_schedule`;

CREATE TABLE `mod_notify_schedule` (
  `iNotifyScheduleId` bigint(20) NOT NULL AUTO_INCREMENT,
  `vNotifyName` varchar(255) NOT NULL,
  `eNotifyType` enum('Time','Operation') NOT NULL DEFAULT 'Time',
  `eOperation` enum('Insert','Update','Delete') NOT NULL,
  `tOutputJSON` text,
  `vSuccess` varchar(255) DEFAULT NULL,
  `tMessage` text,
  `dtAddDateTime` datetime DEFAULT NULL,
  `dtExeDateTime` datetime DEFAULT NULL,
  `eStatus` enum('Pending','Executed','Failed','DBError') CHARACTER SET latin1 NOT NULL DEFAULT 'Pending',
  PRIMARY KEY (`iNotifyScheduleId`),
  KEY `vNotifyName` (`vNotifyName`),
  KEY `vNotifyName_2` (`vNotifyName`),
  KEY `vNotifyName_3` (`vNotifyName`)
) ENGINE=InnoDB DEFAULT CHARSET=utf8;



-- --------------------------------------------------------

--
-- Table structure for table `mod_page_settings`
--
DROP TABLE IF EXISTS `mod_page_settings`;

CREATE TABLE `mod_page_settings` (
  `iPageId` int(11) NOT NULL AUTO_INCREMENT,
  `vPageTitle` varchar(255) NOT NULL,
  `vPageCode` varchar(255) NOT NULL,
  `vUrl` varchar(255) NOT NULL,
  `vContent` text NOT NULL,
  `tMetaTitle` text NOT NULL,
  `tMetaKeyword` text NOT NULL,
  `tMetaDesc` text NOT NULL,
  `dtDatecreated` datetime NOT NULL,
  `eStatus` enum('Active','Inactive') NOT NULL,
  `iSysRecDeleted` tinyint(5) DEFAULT '0',
  PRIMARY KEY (`iPageId`),
  KEY `vPageTitle` (`vPageTitle`),
  KEY `vPageTitle_2` (`vPageTitle`)
) ENGINE=InnoDB AUTO_INCREMENT=36 DEFAULT CHARSET=utf8;


--
-- Dumping data for table `mod_page_settings`
--

INSERT INTO `mod_page_settings` (`iPageId`, `vPageTitle`, `vPageCode`, `vUrl`, `vContent`, `tMetaTitle`, `tMetaKeyword`, `tMetaDesc`, `dtDatecreated`, `eStatus`, `iSysRecDeleted`) VALUES 
(19, 'About Us', 'aboutus', 'about-us.html', '', 'About us title', 'About us keyword', 'About us description', '2013-06-04 11:06:12', 'Active', 0), 
(26, 'Terms & Conditions', 'termsconditions', 'terms-conditions.html', '', 'Terms & Conditions Title', 'Terms & Conditions Keyword', 'Terms & Conditions Keyword', '2013-06-04 11:16:16', 'Active', 0), 
(35, 'Privacy Policy', 'privacypolicy', 'Privacy-policy.com', '', 'Privacy policy', 'Privacy policy', 'Privacy policy', '2013-06-04 11:04:15', 'Active', 0);


-- --------------------------------------------------------

--
-- Table structure for table `mod_push_notifications`
--
DROP TABLE IF EXISTS `mod_push_notifications`;

CREATE TABLE `mod_push_notifications` (
  `iPushNotifyId` int(11) NOT NULL AUTO_INCREMENT,
  `vUniqueId` varchar(50) NOT NULL,
  `vDeviceId` varchar(255) NOT NULL,
  `eMode` enum('live','sandbox') NOT NULL DEFAULT 'live',
  `eNotifyCode` enum('USER','ALERT') NOT NULL,
  `vSound` varchar(255) DEFAULT NULL,
  `vBadge` varchar(50) DEFAULT NULL,
  `vTitle` varchar(50) DEFAULT NULL,
  `tMessage` text,
  `tVarsJSON` text,
  `tSendJSON` text,
  `eDeviceType` enum('iOS','Android') NOT NULL,
  `dtAddDateTime` datetime NOT NULL,
  `dtExeDateTime` datetime NOT NULL,
  `eStatus` enum('Pending','Executed','Failed') NOT NULL DEFAULT 'Pending',
  PRIMARY KEY (`iPushNotifyId`)
) ENGINE=InnoDB DEFAULT CHARSET=utf8;



-- --------------------------------------------------------

--
-- Table structure for table `mod_setting`
--
DROP TABLE IF EXISTS `mod_setting`;

CREATE TABLE `mod_setting` (
  `vName` varchar(255) NOT NULL,
  `vDesc` varchar(255) DEFAULT NULL,
  `vValue` text,
  `iOrderBy` tinyint(1) NOT NULL DEFAULT '0',
  `eConfigType` enum('Company','Appearance','Email','Meta','SMTP','Prices','SMS','Preferences','Config','Formats','Authenticate') NOT NULL,
  `eDisplayType` enum('text','selectbox','textarea','checkbox','hidden','editor','file','readonly','password') NOT NULL,
  `eSource` enum('List','Query','Value','Percent','Function') NOT NULL,
  `vSourceValue` varchar(500) DEFAULT NULL,
  `eSelectType` enum('Single','Multiple','Plus','Minus') NOT NULL,
  `vDefValue` varchar(255) DEFAULT NULL,
  `eLang` enum('Yes','No') NOT NULL DEFAULT 'No',
  `vValidateCode` text,
  `vValidateMessage` text,
  `tHelpText` text,
  `eStatus` enum('Active','Inactive') NOT NULL,
  `iSysRecDeleted` tinyint(5) DEFAULT '0',
  PRIMARY KEY (`vName`)
) ENGINE=InnoDB DEFAULT CHARSET=utf8;


--
-- Dumping data for table `mod_setting`
--

INSERT INTO `mod_setting` (`vName`, `vDesc`, `vValue`, `iOrderBy`, `eConfigType`, `eDisplayType`, `eSource`, `vSourceValue`, `eSelectType`, `vDefValue`, `eLang`, `vValidateCode`, `vValidateMessage`, `tHelpText`, `eStatus`, `iSysRecDeleted`) VALUES 
('ADMIN_ASSETS_APPCACHE', 'Activate Assets(images/css/js) Cache', 'Y', 7, 'Preferences', 'checkbox', '', '', 'Single', 'N', 'No', '', '', '', 'Active', 0), 
('ADMIN_CURRENCY_PREFIX', 'Currency Prefix', '', 8, 'Formats', 'text', '', '', 'Single', '', 'No', '', '', '', 'Active', 0), 
('ADMIN_CURRENCY_SUFFIX', 'Currency Suffix', '', 9, 'Formats', 'text', '', '', 'Single', '', 'No', '', '', '', 'Active', 0), 
('ADMIN_DATE_FORMAT', 'Date Format', 'dfmt_4', 1, 'Formats', 'selectbox', 'List', 'dfmt_1::dfmt_1,dfmt_2::dfmt_2,dfmt_3::dfmt_3,dfmt_4::dfmt_4,dfmt_5::dfmt_5,dfmt_6::dfmt_6,dfmt_7::dfmt_7,dfmt_8::dfmt_8', 'Single', 'dfmt_1', 'No', '', '', '', 'Active', 0), 
('ADMIN_DATE_TIME_FORMAT', 'Date and Time Format', 'dtfmt_2', 2, 'Formats', 'selectbox', 'List', 'dtfmt_1::dtfmt_1,dtfmt_2::dtfmt_2,dtfmt_3::dtfmt_3,dtfmt_4::dtfmt_4,dtfmt_5::dtfmt_5,dtfmt_6::dtfmt_6', 'Single', 'dtfmt_1', 'No', '', '', '', 'Active', 0), 
('ADMIN_DECIMAL_PLACES', 'Decimal Places', '0', 7, 'Formats', 'selectbox', 'List', '0::0,1::1,2::2,3::3,4::4,5::5', 'Single', '0', 'No', '', '', '', 'Active', 0), 
('ADMIN_DECIMAL_SEPARATOR', 'Decimal Separator', 'dot', 6, 'Formats', 'selectbox', 'List', 'dot::Dot,comma::Comma', 'Single', 'dot', 'No', '', '', '', 'Active', 0), 
('ADMIN_DESKTOP_NOTIFICATIONS', 'Activate Desktop Notifications', 'N', 6, 'Preferences', 'checkbox', '', '', 'Single', 'N', 'No', '', '', '', 'Active', 0), 
('ADMIN_ENC_KEY', 'Admin Encryption Key', 'CIT@ADMIN!', 2, 'Authenticate', 'text', '', '', 'Single', 'CIT@ADMIN!', 'No', '', '', '', 'Active', 0), 
('ADMIN_PHONE_FORMAT', 'Phone Format', '(999) 999-9999', 4, 'Formats', 'text', '', '', 'Single', '(999) 999-9999', 'No', '', '', 'Example 1 : (999) 999-9999 \r\nExample 2 : +40 999 999 999 \r\nExample 3 : a*-999-a999 \r\nNote : \r\na - Represents an alpha character (A-Z,a-z) \r\n9 - Represents a numeric character (0-9) \r\n* - Represents an alphanumeric character (A-Z,a-z,0-9)', 'Active', 0), 
('ADMIN_QUERY_CACHE', 'Activate Query Cache [Admin]', 'N', 8, 'Preferences', 'checkbox', '', '', 'Single', 'N', 'No', '', '', '', 'Active', 0), 
('ADMIN_THEME_ACTIVATE', 'Activate Theme', 'Y', 11, 'Preferences', 'checkbox', '', '', '', 'N', 'No', '', '', '', 'Active', 0), 
('ADMIN_THEME_SETTINGS', 'Theme Settings', 'cit', 12, 'Preferences', 'readonly', '', '', '', 'supr', 'No', '', '', '', 'Active', 0), 
('ADMIN_THOUSAND_SEPARATOR', 'Thousands Separator', 'none', 5, 'Formats', 'selectbox', 'List', 'none::None,space::Space,comma::Comma', 'Single', 'none', 'No', '', '', '', 'Active', 0), 
('ADMIN_TIME_FORMAT', 'Time Format', 'tfmt_1', 3, 'Formats', 'selectbox', 'List', 'tfmt_1::tfmt_1,tfmt_2::tfmt_2,tfmt_3::tfmt_3', 'Single', 'tfmt_1', 'No', '', '', '', 'Active', 0), 
('ADMIN_URL_ENCRYPTION', 'Activate URL Encryption', 'N', 1, 'Authenticate', 'checkbox', '', '', 'Single', 'N', 'No', '', '', '', 'Active', 0), 
('ANIMATION_REQUIRED', 'Activate Page Animation', 'N', 4, 'Preferences', 'checkbox', '', '', 'Single', 'Y', 'No', '', '\r\n', '', 'Active', 0), 
('AUTO_LOGOFF_TIME', 'How Many Minutes Idle to Auto-Logoff', '45', 6, 'Appearance', 'selectbox', 'List', '2::2,5::5,10::10,15::15,20::20,25::25,30::30,45::45,60::60,120::120,180::180,240::240,300::300,360::360', 'Single', '15', 'No', '', '', '', 'Active', 0), 
('AWS_ACCESSKEY', 'Amazon Web Server Access Key', '', 5, 'Config', 'text', '', '', 'Single', '', 'No', '', '', '', 'Active', 0), 
('AWS_END_POINT', 'Amazon Web Server Region', '', 7, 'Config', 'text', '', '', 'Single', '', 'No', '', '', '', 'Active', 0), 
('AWS_SECRECTKEY', 'Amazon Web Server Secret Key', '', 6, 'Config', 'text', '', '', 'Single', '', 'No', '', '', '', 'Active', 0), 
('AWS_SSL_VERIFY', 'Amazon Web Server SSL verify', 'N', 8, 'Config', 'checkbox', '', '', 'Single', '', 'No', '', '', '', 'Active', 0), 
('CIS_AUTH_CODE', 'Custom Image Server Authentication Code', '', 3, 'Config', 'text', '', '', 'Single', '', 'No', '', '', '', 'Active', 0), 
('CIS_BASE_URL', 'Custom Image Server Base URL', '', 1, 'Config', 'text', '', '', 'Single', '', 'No', '', '', '', 'Active', 0), 
('CIS_FILE_PATH', 'Custom Image Server File Path', '', 4, 'Config', 'text', '', '', 'Single', '', 'No', '', '', '', 'Active', 0), 
('CIS_POST_URL', 'Custom Image Server Post URL', '', 2, 'Config', 'text', '', '', 'Single', '', 'No', '', '', '', 'Active', 0), 
('COMPANY_ADDRESS', 'Company address', 'Test Street,  45, Test Area', 2, 'Company', 'textarea', '', '', 'Single', '', 'No', '{"required":true}', '{"required":"Please enter company address"}', '', 'Active', 0), 
('COMPANY_CITY', 'Company City', 'Test City', 3, 'Company', 'text', '', '', 'Single', '', 'No', '{"required":true}', '{"required":"Please enter company city"}', '', 'Active', 0), 
('COMPANY_COUNTRY', 'Company Country', 'Lagos Nigeria', 5, 'Company', 'text', '', '', 'Single', '', 'No', '{"required":true}', '{"required":"Please enter company country"}', '', 'Active', 0), 
('COMPANY_FAVICON', 'Company Favicon', '', 10, 'Company', 'file', '', '', 'Single', '', 'No', '', '', '', 'Active', 0), 
('COMPANY_FAX', 'Company Fax', '227456565698', 6, 'Company', 'text', '', '', 'Single', '', 'No', '{"required":true,"minlength":10,"maxlength":20}', '{"required":"Please enter company fax","minlength":"Please enter minimum 10 digits","maxlength":"Please enter maximum 20 digits"}', '', 'Active', 0), 
('COMPANY_LOGO', 'Company Logo', '', 9, 'Company', 'file', '', '', 'Single', '', 'No', '', '', '', 'Active', 0), 
('COMPANY_NAME', 'Company Name', 'Configure.IT', 1, 'Company', 'text', '', 'CBAA', 'Single', 'Autoviewpoint', 'No', '{"required":true}', '{"required":"Please enter company name"}', '', 'Active', 0), 
('COMPANY_STATE', 'Company State', 'Victoria Island', 4, 'Company', 'text', '', '', 'Single', '', 'No', '{"required":true}', '{"required":"Please enter company state"}', '', 'Active', 0), 
('COMPANY_SUPPORT_EMAIL', 'Support Email Address', 'cit.email003@gmail.com', 2, 'Email', 'text', '', '', 'Single', 'demo.hidden@gamil.com', 'No', '{"required":true,"email":true}', '{"required":"Please enter support email address","email":"Please enter valid support email address"}', '', 'Active', 0), 
('COMPANY_TOLL_FREE', 'Company Toll Free Number', '', 8, 'Company', 'text', '', '', 'Single', '', 'No', '', '', '', 'Active', 0), 
('COMPANY_ZIP', 'Company Zip Code', '12345', 7, 'Company', 'text', '', '', 'Single', '', 'No', '{"required":true,"minlength":5,"maxlength":10}', '{"required":"Please enter company zipcode","minlength":"Please enter minimum 4 characters","maxlength":"Please enter maximum 10 characters"}', '', 'Active', 0), 
('COPYRIGHTED_TEXT', 'Copyright text', 'Copyright #CURRENT_YEAR# Â© #COMPANY_NAME#. All Rights Reserved', 1, 'Appearance', 'text', '', '', 'Single', 'Copyright  All Rights Reserved ', 'No', '{"required":true}', '{"required":"Please enter copyright text"}', '', 'Active', 0), 
('CPANEL_TITLE', 'Site Control Panel Title', ':::  Admin Panel :::', 2, 'Appearance', 'text', '', '', 'Single', 'AHAX_HELP', 'No', '{"required":true}', '{"required":"Please enter control panel title"}', '', 'Active', 0), 
('DISCOUNT_AMT', 'Discount', '50', 1, 'Prices', 'text', 'Value', '', 'Minus', '', 'No', '', '\r\n', '', 'Active', 0), 
('EMAIL_ADMIN', 'Administrator Email Address', 'cit.email003@gmail.com', 1, 'Email', 'text', '', '', 'Single', 'demo.hidden@gamil.com', 'No', '{"required":true,"email":true}', '{"required":"Please enter administrator email Id","email":"Please enter valid administrator email id"}', '', 'Active', 0), 
('FILE_UPLOAD_SERVER_LOCATION', 'File Upload Server Location', 'local', 12, 'Config', 'selectbox', 'List', 'local::Local Server,custom::Custom Server,amazon::Amazon Server', 'Single', 'local', 'No', '', '', '', 'Active', 0), 
('FRONT_QUERY_CACHE', 'Activate Query Cache [Front]', 'N', 9, 'Preferences', 'checkbox', '', '', 'Single', 'N', 'No', '', '', '', 'Active', 0), 
('IMAGE_EXTENSION', 'Valid Image Extensions', 'jpg,jpeg,gif,png', 3, 'Appearance', 'textarea', '', '', 'Single', '', 'No', '', '', '', 'Active', 0), 
('LISTING_BOTTOM_MENU', 'Display Paging at Bottom', 'Y', 2, 'Preferences', 'checkbox', '', '', 'Single', 'N', 'No', '', '', '', 'Active', 0), 
('LISTING_TOP_MENU', 'Display Paging at Top', 'N', 1, 'Preferences', 'checkbox', '', '', 'Single', 'Y', 'No', '', '\r\n', '', 'Active', 0), 
('LOGIN_PASSWORD_TYPE', 'Activate Pattern Login', 'N', 3, 'Preferences', 'checkbox', '', '', 'Single', 'N', 'No', '', '', '', 'Active', 0), 
('META_DESCRIPTION', 'Meta Description', '                                                                                                                                                                                                                                                                                                                                                ', 3, 'Meta', 'textarea', '', '', 'Single', '', 'No', '{"required":true}', '{"required":"Please enter meta description"}', '', 'Active', 0), 
('META_KEYWORD', 'Meta Keyword', 'demo site                                                                                                                                                                                                                                                                                                                                                ', 2, 'Meta', 'textarea', '', '', 'Single', '', 'No', '{"required":true}', '{"required":"Please enter meta keyword"}', '', 'Active', 0), 
('META_OTHER', 'Other SEO Related META Tags', '                                                                                                                                                                    ', 4, 'Meta', 'textarea', '', '', 'Single', '', 'No', '', '', '', 'Active', 0), 
('META_TITLE', 'Meta Title', 'demo site                                                                                                                                                                                                                                                                                                                                                                                                                                                                                                                                                                                                                                ', 1, 'Meta', 'textarea', '', '', 'Single', '', 'No', '{"required":true}', '{"required":"Please enter meta title"}', '', 'Active', 0), 
('MULTI_LINGUAL_PROJECT', 'Multi-Lingual Project', 'No', 13, 'Preferences', 'readonly', '', '', '', 'No', 'No', '', '', '', 'Active', 0), 
('NAVIGATION_BAR', 'Location of Navigation Bar', 'Left', 14, 'Preferences', 'readonly', '', '', '', 'Left', 'No', '', '', '', 'Active', 0), 
('NAVIGATION_LOG_REQ', 'Activate Navigation Log', 'Y', 5, 'Preferences', 'checkbox', '', '', 'Single', 'Y', 'No', '', '', '', 'Active', 0), 
('NOTIFICATION_EMAIL', 'Notification Email ID', 'cit.email003@gmail.com', 3, 'Email', 'text', 'List', '', 'Single', '', 'No', '{"required":true,"email":true}', '{"required":"Please enter notification email address","email":"Please enter valid notification email address"}', '', 'Active', 0), 
('PROJECT_BASE_VERSION', 'Project Base Version', '2.2', 15, 'Preferences', 'readonly', '', '', '', '2.0', 'No', '', '', '', 'Active', 0), 
('PROJECT_DEBUG_LEVEL', 'Debug Level', 'development', 13, 'Config', 'selectbox', 'List', 'development::Development,production::Production', 'Single', 'development', 'No', '', '', '', 'Active', 0), 
('PROJECT_LATEST_VERSION', 'Project Latest Version', '2.2', 16, 'Preferences', 'readonly', '', '', '', '2.0', 'No', '', '', '', 'Active', 0), 
('PUSH_NOTIFY_ANDROID_KEY', 'Push Notification Android Key', '', 11, 'Email', 'text', '', '', '', '', 'No', '', '', '', 'Active', 0), 
('PUSH_NOTIFY_IOS_KEY', 'Push Notification iOS Key', '', 10, 'Email', 'text', '', '', '', '', 'No', '', '', '', 'Active', 0), 
('PUSH_NOTIFY_PEM_FILE', 'Push Notification PEM File', '', 9, 'Email', 'file', '', '', '', '', 'No', '', '', '', 'Active', 0), 
('PUSH_NOTIFY_SENDING_MODE', 'Push Notifications Send Mode', '', 12, 'Email', 'selectbox', 'List', 'sandbox::Sandbox,live::Live', 'Single', 'sandbox', 'No', '', '', '', 'Active', 0), 
('PUSH_NOTIFY_SENDING_TYPE', 'Push Notifications Send Type', 'cron', 13, 'Email', 'selectbox', 'List', 'cron::Cron,runtime::Runtime', 'Single', 'cron', 'No', '', '', '', 'Active', 0), 
('REC_LIMIT', 'No Of Records Per Page [Admin]', '20', 5, 'Appearance', 'selectbox', 'List', '5::5,10::10,20::20,30::30,50::50,100::100,200::200,500::500', 'Single', '10', 'No', '{"required":true,"digits":true,"maxlength":10}', '{"required":"Please enter page limit","digits":"Please entre valid page limit","maxlength":"Please enter max 10 digits"}', '', 'Active', 0), 
('REC_LIMIT_FRONT', 'No Of Records Per Page [Front]', '10', 4, 'Appearance', 'selectbox', 'List', '10::10,20::20,30::30,50::50,100::100,200::200,500::500', 'Single', '10', 'No', '{"required":true,"digits":true,"maxlength":10}', '{"required":"Please enter page limit","digits":"Please entre valid page limit","maxlength":"Please enter max 10 digits"}', '', 'Active', 0), 
('SEO_FRIENDLY_URL', 'SEO Friendly URL', 'N', 5, 'Meta', 'checkbox', '', '', 'Single', '', 'No', '', '', '', 'Active', 0), 
('SMS_ACTIVE_API', 'SMS Active API', '', 1, 'SMS', 'selectbox', 'List', 'nexmo::Nexmo,clickatell::Clickatell', 'Single', '', 'No', '', '', '', 'Active', 0), 
('SMS_CA_API_ID', 'Clickatell API ID', '3431046', 3, 'SMS', 'text', '', '', 'Single', 'Y', 'No', '', '', '', 'Active', 0), 
('SMS_CA_API_PWD', 'Clickatell Password', 'IbPTAMSXQfSQgL', 5, 'SMS', 'text', '', '', 'Single', 'Y', 'No', '', '', '', 'Active', 0), 
('SMS_CA_API_USER', 'Clickatell Username', 'sharma', 4, 'SMS', 'text', '', '', 'Single', 'Y', 'No', '', '', '', 'Active', 0), 
('SMS_FROM_NUMBER', 'SMS From Number', '', 7, 'SMS', 'text', '', '', 'Single', '', 'No', '', '', '', 'Active', 0), 
('SMS_NX_API_KEY', 'Nexmo API Key', 'be0d32dd', 6, 'SMS', 'text', '', '', 'Single', 'Y', 'No', '', '', '', 'Active', 0), 
('SMS_NX_API_SECRET', 'Nexmo API Secret\n', '7ba4c1ad', 2, 'SMS', 'text', '', '', 'Single', 'Y', 'No', '', '', '', 'Active', 0), 
('SYSTEM_LANG_APP_ID', 'Multilingual APP ID (Microsoft)', '172BD46EDB335ECE5CAFB8C0AC789FFC1745BBBA', 9, 'Config', 'text', '', '', 'Single', '', 'No', '', '', '', 'Active', 0), 
('SYSTEM_LANG_PASSWORD', 'Multilingual Password (frengly)', 'email@003', 11, 'Config', 'text', '', '', 'Single', '', 'No', '', '', '', 'Active', 0), 
('SYSTEM_LANG_USERNAME', 'Multilingual Username (frengly)', 'cit.email003@gmail.com', 10, 'Config', 'text', '', '', 'Single', '', 'No', '', '', '', 'Active', 0), 
('USER_ACC_CHANGE_DATE', 'Account Modified Date', '', 18, 'Preferences', 'hidden', '', '', '', '', '', '', '', '', 'Active', 0), 
('USER_ACC_STATUS_INFO', 'Account Status', 'Active', 17, 'Preferences', 'readonly', '', '', '', '', '', '', '', '', 'Active', 0), 
('USE_SMTP_SERVER', 'Send Mail via SMTP', 'Y', 8, 'Email', 'checkbox', '', '', 'Single', '', 'No', '', '', '', 'Active', 0), 
('USE_SMTP_SERVERHOST', 'SMTP Server Host', 'ssl://smtp.gmail.com', 4, 'Email', 'text', '', '', 'Single', 'Y', 'No', '', '', '', 'Active', 0), 
('USE_SMTP_SERVERPASS', 'SMTP Server Password', 'email@003', 6, 'Email', 'text', '', '', 'Single', 'Y', 'No', '', '', '', 'Active', 0), 
('USE_SMTP_SERVERPORT', 'SMTP Server Port', '465', 7, 'Email', 'text', '', '', 'Single', 'Y', 'No', '', '', '', 'Active', 0), 
('USE_SMTP_SERVERUSERNAME', 'SMTP Server User name', 'cit.email003@gmail.com', 5, 'Email', 'text', '', '', 'Single', 'Y', 'No', '', '', '', 'Active', 0), 
('VAT_AMT', 'Vat', '10', 2, 'Prices', 'text', 'Percent', '', 'Plus', '', 'No', '', '\r\n', '', 'Active', 0), 
('WS_CHECKSUM_ENCRYPTION', 'Activate Checksum Auth. [Webservices]', 'N', 4, 'Authenticate', 'checkbox', '', '', 'Single', 'N', 'No', '', '', '', 'Active', 0), 
('WS_ENC_KEY', 'API Encryption Key', 'CIT@WS!', 5, 'Authenticate', 'text', '', '', 'Single', 'CIT@WS!', 'No', '', '', '', 'Active', 0), 
('WS_PUSH_LIMIT', 'Push Notification Send Limit', '5', 14, 'Email', 'selectbox', 'List', '5::5,10::10,15::15,20::20,25::25,30::30,35::35,40::40,45::45,50::50,100::100,200::200,500::500,1000::1000', 'Single', '5', 'No', '', '', '', 'Active', 0), 
('WS_QUERY_CACHE', 'Activate Query Cache [Webservices]', 'N', 10, 'Preferences', 'checkbox', '', '', 'Single', 'N', 'No', '', '', '', 'Active', 0), 
('WS_TIME_LIMIT', 'API Token Time Limit', '20', 6, 'Authenticate', 'selectbox', 'List', '2::2,5::5,10::10,15::15,20::20,25::25,30::30,45::45,60::60,120::120,180::180,240::240,300::300,360::360', 'Single', '', 'No', '', '', '', 'Active', 0), 
('WS_TOKEN_ENCRYPTION', 'Activate Token Auth. [Webservices]', 'N', 3, 'Authenticate', 'checkbox', '', '', 'Single', 'N', 'No', '', '', '', 'Active', 0);


-- --------------------------------------------------------

--
-- Table structure for table `mod_setting_lang`
--
DROP TABLE IF EXISTS `mod_setting_lang`;

CREATE TABLE `mod_setting_lang` (
  `vName` varchar(255) NOT NULL,
  `vLangCode` varchar(255) NOT NULL,
  `vValue` text NOT NULL,
  `iSysRecDeleted` tinyint(5) DEFAULT '0'
) ENGINE=InnoDB DEFAULT CHARSET=utf8;



-- --------------------------------------------------------

--
-- Table structure for table `mod_state`
--
DROP TABLE IF EXISTS `mod_state`;

CREATE TABLE `mod_state` (
  `iStateId` int(11) NOT NULL AUTO_INCREMENT,
  `vState` varchar(32) NOT NULL COMMENT 'NAME',
  `vStateCode` varchar(32) NOT NULL,
  `iCountryId` int(11) NOT NULL,
  `vCountryCode` varchar(10) NOT NULL,
  `eStatus` enum('Active','Inactive') NOT NULL COMMENT 'STATUS',
  `iSysRecDeleted` tinyint(5) DEFAULT '0',
  PRIMARY KEY (`iStateId`),
  KEY `iCountryId` (`iCountryId`)
) ENGINE=InnoDB AUTO_INCREMENT=3843 DEFAULT CHARSET=utf8;


--
-- Dumping data for table `mod_state`
--

INSERT INTO `mod_state` (`iStateId`, `vState`, `vStateCode`, `iCountryId`, `vCountryCode`, `eStatus`, `iSysRecDeleted`) VALUES 
(1, 'Badakhshan', 'BDS', 1, 'AF', 'Active', 0), 
(2, 'Badghis', 'BDG', 1, 'AF', 'Active', 0), 
(3, 'Baghlan', 'BGL', 1, 'AF', 'Active', 0), 
(4, 'Balkh', 'BAL', 1, 'AF', 'Active', 0), 
(5, 'Bamian', 'BAM', 1, 'AF', 'Active', 0), 
(6, 'Farah', 'FRA', 1, 'AF', 'Active', 0), 
(7, 'Faryab', 'FYB', 1, 'AF', 'Active', 0), 
(8, 'Ghazni', 'GHA', 1, 'AF', 'Active', 0), 
(9, 'Ghowr', 'GHO', 1, 'AF', 'Active', 0), 
(10, 'Helmand', 'HEL', 1, 'AF', 'Active', 0), 
(11, 'Herat', 'HER', 1, 'AF', 'Active', 0), 
(12, 'Jowzjan', 'JOW', 1, 'AF', 'Active', 0), 
(13, 'Kabul', 'KAB', 1, 'AF', 'Active', 0), 
(14, 'Kandahar', 'KAN', 1, 'AF', 'Active', 0), 
(15, 'Kapisa', 'KAP', 1, 'AF', 'Active', 0), 
(16, 'Khost', 'KHO', 1, 'AF', 'Active', 0), 
(17, 'Konar', 'KNR', 1, 'AF', 'Active', 0), 
(18, 'Kondoz', 'KDZ', 1, 'AF', 'Active', 0), 
(19, 'Laghman', 'LAG', 1, 'AF', 'Active', 0), 
(20, 'Lowgar', 'LOW', 1, 'AF', 'Active', 0), 
(21, 'Nangrahar', 'NAN', 1, 'AF', 'Active', 0), 
(22, 'Nimruz', 'NIM', 1, 'AF', 'Active', 0), 
(23, 'Nurestan', 'NUR', 1, 'AF', 'Active', 0), 
(24, 'Oruzgan', 'ORU', 1, 'AF', 'Active', 0), 
(25, 'Paktia', 'PIA', 1, 'AF', 'Active', 0), 
(26, 'Paktika', 'PKA', 1, 'AF', 'Active', 0), 
(27, 'Parwan', 'PAR', 1, 'AF', 'Active', 0), 
(28, 'Samangan', 'SAM', 1, 'AF', 'Active', 0), 
(29, 'Sar-e Pol', 'SAR', 1, 'AF', 'Active', 0), 
(30, 'Takhar', 'TAK', 1, 'AF', 'Active', 0), 
(31, 'Wardak', 'WAR', 1, 'AF', 'Active', 0), 
(32, 'Zabol', 'ZAB', 1, 'AF', 'Active', 0), 
(69, 'Adrar', 'ADR', 3, 'DZ', 'Active', 0), 
(70, 'Ain Defla', 'ADE', 3, 'DZ', 'Active', 0), 
(71, 'Ain Temouchent', 'ATE', 3, 'DZ', 'Active', 0), 
(72, 'Alger', 'ALG', 3, 'DZ', 'Active', 0), 
(73, 'Annaba', 'ANN', 3, 'DZ', 'Active', 0), 
(74, 'Batna', 'BAT', 3, 'DZ', 'Active', 0), 
(75, 'Bechar', 'BEC', 3, 'DZ', 'Active', 0), 
(76, 'Bejaia', 'BEJ', 3, 'DZ', 'Active', 0), 
(77, 'Biskra', 'BIS', 3, 'DZ', 'Active', 0), 
(78, 'Blida', 'BLI', 3, 'DZ', 'Active', 0), 
(79, 'Bordj Bou Arreridj', 'BBA', 3, 'DZ', 'Active', 0), 
(80, 'Bouira', 'BOA', 3, 'DZ', 'Active', 0), 
(81, 'Boumerdes', 'BMD', 3, 'DZ', 'Active', 0), 
(82, 'Chlef', 'CHL', 3, 'DZ', 'Active', 0), 
(83, 'Constantine', 'CON', 3, 'DZ', 'Active', 0), 
(84, 'Djelfa', 'DJE', 3, 'DZ', 'Active', 0), 
(85, 'El Bayadh', 'EBA', 3, 'DZ', 'Active', 0), 
(86, 'El Oued', 'EOU', 3, 'DZ', 'Active', 0), 
(87, 'El Tarf', 'ETA', 3, 'DZ', 'Active', 0), 
(88, 'Ghardaia', 'GHA', 3, 'DZ', 'Active', 0), 
(89, 'Guelma', 'GUE', 3, 'DZ', 'Active', 0), 
(90, 'Illizi', 'ILL', 3, 'DZ', 'Active', 0), 
(91, 'Jijel', 'JIJ', 3, 'DZ', 'Active', 0), 
(92, 'Khenchela', 'KHE', 3, 'DZ', 'Active', 0), 
(93, 'Laghouat', 'LAG', 3, 'DZ', 'Active', 0), 
(94, 'Muaskar', 'MUA', 3, 'DZ', 'Active', 0), 
(95, 'Medea', 'MED', 3, 'DZ', 'Active', 0), 
(96, 'Mila', 'MIL', 3, 'DZ', 'Active', 0), 
(97, 'Mostaganem', 'MOS', 3, 'DZ', 'Active', 0), 
(98, 'M''Sila', 'MSI', 3, 'DZ', 'Active', 0), 
(99, 'Naama', 'NAA', 3, 'DZ', 'Active', 0), 
(100, 'Oran', 'ORA', 3, 'DZ', 'Active', 0), 
(101, 'Ouargla', 'OUA', 3, 'DZ', 'Active', 0), 
(102, 'Oum el-Bouaghi', 'OEB', 3, 'DZ', 'Active', 0), 
(103, 'Relizane', 'REL', 3, 'DZ', 'Active', 0), 
(104, 'Saida', 'SAI', 3, 'DZ', 'Active', 0), 
(105, 'Setif', 'SET', 3, 'DZ', 'Active', 0), 
(106, 'Sidi Bel Abbes', 'SBA', 3, 'DZ', 'Active', 0), 
(107, 'Skikda', 'SKI', 3, 'DZ', 'Active', 0), 
(108, 'Souk Ahras', 'SAH', 3, 'DZ', 'Active', 0), 
(109, 'Tamanghasset', 'TAM', 3, 'DZ', 'Active', 0), 
(110, 'Tebessa', 'TEB', 3, 'DZ', 'Active', 0), 
(111, 'Tiaret', 'TIA', 3, 'DZ', 'Active', 0), 
(112, 'Tindouf', 'TIN', 3, 'DZ', 'Active', 0), 
(113, 'Tipaza', 'TIP', 3, 'DZ', 'Active', 0), 
(114, 'Tissemsilt', 'TIS', 3, 'DZ', 'Active', 0), 
(115, 'Tizi Ouzou', 'TOU', 3, 'DZ', 'Active', 0), 
(116, 'Tlemcen', 'TLE', 3, 'DZ', 'Active', 0), 
(117, 'Eastern', 'E', 4, 'AS', 'Active', 0), 
(118, 'Manu''a', 'M', 4, 'AS', 'Active', 0), 
(119, 'Rose Island', 'R', 4, 'AS', 'Active', 0), 
(120, 'Swains Island', 'S', 4, 'AS', 'Active', 0), 
(121, 'Western', 'W', 4, 'AS', 'Active', 0), 
(122, 'Andorra la Vella', 'ALV', 5, 'AD', 'Active', 0), 
(123, 'Canillo', 'CAN', 5, 'AD', 'Active', 0), 
(124, 'Encamp', 'ENC', 5, 'AD', 'Active', 0), 
(125, 'Escaldes-Engordany', 'ESE', 5, 'AD', 'Active', 0), 
(126, 'La Massana', 'LMA', 5, 'AD', 'Active', 0), 
(127, 'Ordino', 'ORD', 5, 'AD', 'Active', 0), 
(128, 'Sant Julia de L?ria', 'SJL', 5, 'AD', 'Active', 0), 
(129, 'Bengo', 'BGO', 6, 'AO', 'Active', 0), 
(130, 'Benguela', 'BGU', 6, 'AO', 'Active', 0), 
(131, 'Bie', 'BIE', 6, 'AO', 'Active', 0), 
(132, 'Cabinda', 'CAB', 6, 'AO', 'Active', 0), 
(133, 'Cuando-Cubango', 'CCU', 6, 'AO', 'Active', 0), 
(134, 'Cuanza Norte', 'CNO', 6, 'AO', 'Active', 0), 
(135, 'Cuanza Sul', 'CUS', 6, 'AO', 'Active', 0), 
(136, 'Cunene', 'CNN', 6, 'AO', 'Active', 0), 
(137, 'Huambo', 'HUA', 6, 'AO', 'Active', 0), 
(138, 'Huila', 'HUI', 6, 'AO', 'Active', 0), 
(139, 'Luanda', 'LUA', 6, 'AO', 'Active', 0), 
(140, 'Lunda Norte', 'LNO', 6, 'AO', 'Active', 0), 
(141, 'Lunda Sul', 'LSU', 6, 'AO', 'Active', 0), 
(142, 'Malange', 'MAL', 6, 'AO', 'Active', 0), 
(143, 'Moxico', 'MOX', 6, 'AO', 'Active', 0), 
(144, 'Namibe', 'NAM', 6, 'AO', 'Active', 0), 
(145, 'Uige', 'UIG', 6, 'AO', 'Active', 0), 
(146, 'Zaire', 'ZAI', 6, 'AO', 'Active', 0), 
(147, 'Saint George', 'ASG', 9, 'AG', 'Active', 0), 
(148, 'Saint John', 'ASJ', 9, 'AG', 'Active', 0), 
(149, 'Saint Mary', 'ASM', 9, 'AG', 'Active', 0), 
(150, 'Saint Paul', 'ASL', 9, 'AG', 'Active', 0), 
(151, 'Saint Peter', 'ASR', 9, 'AG', 'Active', 0), 
(152, 'Saint Philip', 'ASH', 9, 'AG', 'Active', 0), 
(153, 'Barbuda', 'BAR', 9, 'AG', 'Active', 0), 
(154, 'Redonda', 'RED', 9, 'AG', 'Active', 0), 
(155, 'Antartida e Islas del Atlantico', 'AN', 10, 'AR', 'Active', 0), 
(156, 'Buenos Aires', 'BA', 10, 'AR', 'Active', 0), 
(157, 'Catamarca', 'CA', 10, 'AR', 'Active', 0), 
(158, 'Chaco', 'CH', 10, 'AR', 'Active', 0), 
(159, 'Chubut', 'CU', 10, 'AR', 'Active', 0), 
(160, 'Cordoba', 'CO', 10, 'AR', 'Active', 0), 
(161, 'Corrientes', 'CR', 10, 'AR', 'Active', 0), 
(162, 'Capital Federal', 'CF', 10, 'AR', 'Active', 0), 
(163, 'Entre Rios', 'ER', 10, 'AR', 'Active', 0), 
(164, 'Formosa', 'FO', 10, 'AR', 'Active', 0), 
(165, 'Jujuy', 'JU', 10, 'AR', 'Active', 0), 
(166, 'La Pampa', 'LP', 10, 'AR', 'Active', 0), 
(167, 'La Rioja', 'LR', 10, 'AR', 'Active', 0), 
(168, 'Mendoza', 'ME', 10, 'AR', 'Active', 0), 
(169, 'Misiones', 'MI', 10, 'AR', 'Active', 0), 
(170, 'Neuquen', 'NE', 10, 'AR', 'Active', 0), 
(171, 'Rio Negro', 'RN', 10, 'AR', 'Active', 0), 
(172, 'Salta', 'SA', 10, 'AR', 'Active', 0), 
(173, 'San Juan', 'SJ', 10, 'AR', 'Active', 0), 
(174, 'San Luis', 'SL', 10, 'AR', 'Active', 0), 
(175, 'Santa Cruz', 'SC', 10, 'AR', 'Active', 0), 
(176, 'Santa Fe', 'SF', 10, 'AR', 'Active', 0), 
(177, 'Santiago del Estero', 'SD', 10, 'AR', 'Active', 0), 
(178, 'Tierra del Fuego', 'TF', 10, 'AR', 'Active', 0), 
(179, 'Tucuman', 'TU', 10, 'AR', 'Active', 0), 
(180, 'Aragatsotn', 'AGT', 11, 'AM', 'Active', 0), 
(181, 'Ararat', 'ARR', 11, 'AM', 'Active', 0), 
(182, 'Armavir', 'ARM', 11, 'AM', 'Active', 0), 
(183, 'Gegharkunik', 'GEG', 11, 'AM', 'Active', 0), 
(184, 'Kotayk', 'KOT', 11, 'AM', 'Active', 0), 
(185, 'Lorri', 'LOR', 11, 'AM', 'Active', 0), 
(186, 'Shirak', 'SHI', 11, 'AM', 'Active', 0), 
(187, 'Syunik', 'SYU', 11, 'AM', 'Active', 0), 
(188, 'Tavush', 'TAV', 11, 'AM', 'Active', 0), 
(189, 'Vayots'' Dzor', 'VAY', 11, 'AM', 'Active', 0), 
(190, 'Yerevan', 'YER', 11, 'AM', 'Active', 0), 
(191, 'Australian Capitol Territory', 'ACT', 13, 'AU', 'Active', 0), 
(192, 'New South Wales', 'NSW', 13, 'AU', 'Active', 0), 
(193, 'Northern Territory', 'NT', 13, 'AU', 'Active', 0), 
(194, 'Queensland', 'QLD', 13, 'AU', 'Active', 0), 
(195, 'South Australia', 'SA', 13, 'AU', 'Active', 0), 
(196, 'Tasmania', 'TAS', 13, 'AU', 'Active', 0), 
(197, 'Victoria', 'VIC', 13, 'AU', 'Active', 0), 
(198, 'Western Australia', 'WA', 13, 'AU', 'Active', 0), 
(199, 'Burgenland', 'BUR', 14, 'AT', 'Active', 0), 
(200, 'K&auml;rnten', 'KAR', 14, 'AT', 'Active', 0), 
(201, 'Nieder&ouml;esterreich', 'NOS', 14, 'AT', 'Active', 0), 
(202, 'Ober&ouml;esterreich', 'OOS', 14, 'AT', 'Active', 0), 
(203, 'Salzburg', 'SAL', 14, 'AT', 'Active', 0), 
(204, 'Steiermark', 'STE', 14, 'AT', 'Active', 0), 
(205, 'Tirol', 'TIR', 14, 'AT', 'Active', 0), 
(206, 'Vorarlberg', 'VOR', 14, 'AT', 'Active', 0), 
(207, 'Wien', 'WIE', 14, 'AT', 'Active', 0), 
(208, 'Ali Bayramli', 'AB', 15, 'AZ', 'Active', 0), 
(209, 'Abseron', 'ABS', 15, 'AZ', 'Active', 0), 
(210, 'AgcabAdi', 'AGC', 15, 'AZ', 'Active', 0), 
(211, 'Agdam', 'AGM', 15, 'AZ', 'Active', 0), 
(212, 'Agdas', 'AGS', 15, 'AZ', 'Active', 0), 
(213, 'Agstafa', 'AGA', 15, 'AZ', 'Active', 0), 
(214, 'Agsu', 'AGU', 15, 'AZ', 'Active', 0), 
(215, 'Astara', 'AST', 15, 'AZ', 'Active', 0), 
(216, 'Baki', 'BA', 15, 'AZ', 'Active', 0), 
(217, 'BabAk', 'BAB', 15, 'AZ', 'Active', 0), 
(218, 'BalakAn', 'BAL', 15, 'AZ', 'Active', 0), 
(219, 'BArdA', 'BAR', 15, 'AZ', 'Active', 0), 
(220, 'Beylaqan', 'BEY', 15, 'AZ', 'Active', 0), 
(221, 'Bilasuvar', 'BIL', 15, 'AZ', 'Active', 0), 
(222, 'Cabrayil', 'CAB', 15, 'AZ', 'Active', 0), 
(223, 'Calilabab', 'CAL', 15, 'AZ', 'Active', 0), 
(224, 'Culfa', 'CUL', 15, 'AZ', 'Active', 0), 
(225, 'Daskasan', 'DAS', 15, 'AZ', 'Active', 0), 
(226, 'Davaci', 'DAV', 15, 'AZ', 'Active', 0), 
(227, 'Fuzuli', 'FUZ', 15, 'AZ', 'Active', 0), 
(228, 'Ganca', 'GA', 15, 'AZ', 'Active', 0), 
(229, 'Gadabay', 'GAD', 15, 'AZ', 'Active', 0), 
(230, 'Goranboy', 'GOR', 15, 'AZ', 'Active', 0), 
(231, 'Goycay', 'GOY', 15, 'AZ', 'Active', 0), 
(232, 'Haciqabul', 'HAC', 15, 'AZ', 'Active', 0), 
(233, 'Imisli', 'IMI', 15, 'AZ', 'Active', 0), 
(234, 'Ismayilli', 'ISM', 15, 'AZ', 'Active', 0), 
(235, 'Kalbacar', 'KAL', 15, 'AZ', 'Active', 0), 
(236, 'Kurdamir', 'KUR', 15, 'AZ', 'Active', 0), 
(237, 'Lankaran', 'LA', 15, 'AZ', 'Active', 0), 
(238, 'Lacin', 'LAC', 15, 'AZ', 'Active', 0), 
(239, 'Lankaran', 'LAN', 15, 'AZ', 'Active', 0), 
(240, 'Lerik', 'LER', 15, 'AZ', 'Active', 0), 
(241, 'Masalli', 'MAS', 15, 'AZ', 'Active', 0), 
(242, 'Mingacevir', 'MI', 15, 'AZ', 'Active', 0), 
(243, 'Naftalan', 'NA', 15, 'AZ', 'Active', 0), 
(244, 'Neftcala', 'NEF', 15, 'AZ', 'Active', 0), 
(245, 'Oguz', 'OGU', 15, 'AZ', 'Active', 0), 
(246, 'Ordubad', 'ORD', 15, 'AZ', 'Active', 0), 
(247, 'Qabala', 'QAB', 15, 'AZ', 'Active', 0), 
(248, 'Qax', 'QAX', 15, 'AZ', 'Active', 0), 
(249, 'Qazax', 'QAZ', 15, 'AZ', 'Active', 0), 
(250, 'Qobustan', 'QOB', 15, 'AZ', 'Active', 0), 
(251, 'Quba', 'QBA', 15, 'AZ', 'Active', 0), 
(252, 'Qubadli', 'QBI', 15, 'AZ', 'Active', 0), 
(253, 'Qusar', 'QUS', 15, 'AZ', 'Active', 0), 
(254, 'Saki', 'SA', 15, 'AZ', 'Active', 0), 
(255, 'Saatli', 'SAT', 15, 'AZ', 'Active', 0), 
(256, 'Sabirabad', 'SAB', 15, 'AZ', 'Active', 0), 
(257, 'Sadarak', 'SAD', 15, 'AZ', 'Active', 0), 
(258, 'Sahbuz', 'SAH', 15, 'AZ', 'Active', 0), 
(259, 'Saki', 'SAK', 15, 'AZ', 'Active', 0), 
(260, 'Salyan', 'SAL', 15, 'AZ', 'Active', 0), 
(261, 'Sumqayit', 'SM', 15, 'AZ', 'Active', 0), 
(262, 'Samaxi', 'SMI', 15, 'AZ', 'Active', 0), 
(263, 'Samkir', 'SKR', 15, 'AZ', 'Active', 0), 
(264, 'Samux', 'SMX', 15, 'AZ', 'Active', 0), 
(265, 'Sarur', 'SAR', 15, 'AZ', 'Active', 0), 
(266, 'Siyazan', 'SIY', 15, 'AZ', 'Active', 0), 
(267, 'Susa', 'SS', 15, 'AZ', 'Active', 0), 
(268, 'Susa', 'SUS', 15, 'AZ', 'Active', 0), 
(269, 'Tartar', 'TAR', 15, 'AZ', 'Active', 0), 
(270, 'Tovuz', 'TOV', 15, 'AZ', 'Active', 0), 
(271, 'Ucar', 'UCA', 15, 'AZ', 'Active', 0), 
(272, 'Xankandi', 'XA', 15, 'AZ', 'Active', 0), 
(273, 'Xacmaz', 'XAC', 15, 'AZ', 'Active', 0), 
(274, 'Xanlar', 'XAN', 15, 'AZ', 'Active', 0), 
(275, 'Xizi', 'XIZ', 15, 'AZ', 'Active', 0), 
(276, 'Xocali', 'XCI', 15, 'AZ', 'Active', 0), 
(277, 'Xocavand', 'XVD', 15, 'AZ', 'Active', 0), 
(278, 'Yardimli', 'YAR', 15, 'AZ', 'Active', 0), 
(279, 'Yevlax', 'YEV', 15, 'AZ', 'Active', 0), 
(280, 'Zangilan', 'ZAN', 15, 'AZ', 'Active', 0), 
(281, 'Zaqatala', 'ZAQ', 15, 'AZ', 'Active', 0), 
(282, 'Zardab', 'ZAR', 15, 'AZ', 'Active', 0), 
(283, 'Naxcivan', 'NX', 15, 'AZ', 'Active', 0), 
(284, 'Acklins', 'ACK', 16, 'BS', 'Active', 0), 
(285, 'Berry Islands', 'BER', 16, 'BS', 'Active', 0), 
(286, 'Bimini', 'BIM', 16, 'BS', 'Active', 0), 
(287, 'Black Point', 'BLK', 16, 'BS', 'Active', 0), 
(288, 'Cat Island', 'CAT', 16, 'BS', 'Active', 0), 
(289, 'Central Abaco', 'CAB', 16, 'BS', 'Active', 0), 
(290, 'Central Andros', 'CAN', 16, 'BS', 'Active', 0), 
(291, 'Central Eleuthera', 'CEL', 16, 'BS', 'Active', 0), 
(292, 'City of Freeport', 'FRE', 16, 'BS', 'Active', 0), 
(293, 'Crooked Island', 'CRO', 16, 'BS', 'Active', 0), 
(294, 'East Grand Bahama', 'EGB', 16, 'BS', 'Active', 0), 
(295, 'Exuma', 'EXU', 16, 'BS', 'Active', 0), 
(296, 'Grand Cay', 'GRD', 16, 'BS', 'Active', 0), 
(297, 'Harbour Island', 'HAR', 16, 'BS', 'Active', 0), 
(298, 'Hope Town', 'HOP', 16, 'BS', 'Active', 0), 
(299, 'Inagua', 'INA', 16, 'BS', 'Active', 0), 
(300, 'Long Island', 'LNG', 16, 'BS', 'Active', 0), 
(301, 'Mangrove Cay', 'MAN', 16, 'BS', 'Active', 0), 
(302, 'Mayaguana', 'MAY', 16, 'BS', 'Active', 0), 
(303, 'Moore''s Island', 'MOO', 16, 'BS', 'Active', 0), 
(304, 'North Abaco', 'NAB', 16, 'BS', 'Active', 0), 
(305, 'North Andros', 'NAN', 16, 'BS', 'Active', 0), 
(306, 'North Eleuthera', 'NEL', 16, 'BS', 'Active', 0), 
(307, 'Ragged Island', 'RAG', 16, 'BS', 'Active', 0), 
(308, 'Rum Cay', 'RUM', 16, 'BS', 'Active', 0), 
(309, 'San Salvador', 'SAL', 16, 'BS', 'Active', 0), 
(310, 'South Abaco', 'SAB', 16, 'BS', 'Active', 0), 
(311, 'South Andros', 'SAN', 16, 'BS', 'Active', 0), 
(312, 'South Eleuthera', 'SEL', 16, 'BS', 'Active', 0), 
(313, 'Spanish Wells', 'SWE', 16, 'BS', 'Active', 0), 
(314, 'West Grand Bahama', 'WGB', 16, 'BS', 'Active', 0), 
(315, 'Capital', 'CAP', 17, 'BH', 'Active', 0), 
(316, 'Central', 'CEN', 17, 'BH', 'Active', 0), 
(317, 'Muharraq', 'MUH', 17, 'BH', 'Active', 0), 
(318, 'Northern', 'NOR', 17, 'BH', 'Active', 0), 
(319, 'Southern', 'SOU', 17, 'BH', 'Active', 0), 
(320, 'Barisal', 'BAR', 18, 'BD', 'Active', 0), 
(321, 'Chittagong', 'CHI', 18, 'BD', 'Active', 0), 
(322, 'Dhaka', 'DHA', 18, 'BD', 'Active', 0), 
(323, 'Khulna', 'KHU', 18, 'BD', 'Active', 0), 
(324, 'Rajshahi', 'RAJ', 18, 'BD', 'Active', 0), 
(325, 'Sylhet', 'SYL', 18, 'BD', 'Active', 0), 
(326, 'Christ Church', 'CC', 19, 'BB', 'Active', 0), 
(327, 'Saint Andrew', 'AND', 19, 'BB', 'Active', 0), 
(328, 'Saint George', 'GEO', 19, 'BB', 'Active', 0), 
(329, 'Saint James', 'JAM', 19, 'BB', 'Active', 0), 
(330, 'Saint John', 'JOH', 19, 'BB', 'Active', 0), 
(331, 'Saint Joseph', 'JOS', 19, 'BB', 'Active', 0), 
(332, 'Saint Lucy', 'LUC', 19, 'BB', 'Active', 0), 
(333, 'Saint Michael', 'MIC', 19, 'BB', 'Active', 0), 
(334, 'Saint Peter', 'PET', 19, 'BB', 'Active', 0), 
(335, 'Saint Philip', 'PHI', 19, 'BB', 'Active', 0), 
(336, 'Saint Thomas', 'THO', 19, 'BB', 'Active', 0), 
(337, 'Brestskaya (Brest)', 'BR', 20, 'BY', 'Active', 0), 
(338, 'Homyel''skaya (Homyel'')', 'HO', 20, 'BY', 'Active', 0), 
(339, 'Horad Minsk', 'HM', 20, 'BY', 'Active', 0), 
(340, 'Hrodzyenskaya (Hrodna)', 'HR', 20, 'BY', 'Active', 0), 
(341, 'Mahilyowskaya (Mahilyow)', 'MA', 20, 'BY', 'Active', 0), 
(342, 'Minskaya', 'MI', 20, 'BY', 'Active', 0), 
(343, 'Vitsyebskaya (Vitsyebsk)', 'VI', 20, 'BY', 'Active', 0), 
(344, 'Antwerpen', 'VAN', 21, 'BE', 'Active', 0), 
(345, 'Brabant Wallon', 'WBR', 21, 'BE', 'Active', 0), 
(346, 'Hainaut', 'WHT', 21, 'BE', 'Active', 0), 
(347, 'Liege', 'WLG', 21, 'BE', 'Active', 0), 
(348, 'Limburg', 'VLI', 21, 'BE', 'Active', 0), 
(349, 'Luxembourg', 'WLX', 21, 'BE', 'Active', 0), 
(350, 'Namur', 'WNA', 21, 'BE', 'Active', 0), 
(351, 'Oost-Vlaanderen', 'VOV', 21, 'BE', 'Active', 0), 
(352, 'Vlaams Brabant', 'VBR', 21, 'BE', 'Active', 0), 
(353, 'West-Vlaanderen', 'VWV', 21, 'BE', 'Active', 0), 
(354, 'Belize', 'BZ', 22, 'BZ', 'Active', 0), 
(355, 'Cayo', 'CY', 22, 'BZ', 'Active', 0), 
(356, 'Corozal', 'CR', 22, 'BZ', 'Active', 0), 
(357, 'Orange Walk', 'OW', 22, 'BZ', 'Active', 0), 
(358, 'Stann Creek', 'SC', 22, 'BZ', 'Active', 0), 
(359, 'Toledo', 'TO', 22, 'BZ', 'Active', 0), 
(360, 'Alibori', 'AL', 23, 'BJ', 'Active', 0), 
(361, 'Atakora', 'AK', 23, 'BJ', 'Active', 0), 
(362, 'Atlantique', 'AQ', 23, 'BJ', 'Active', 0), 
(363, 'Borgou', 'BO', 23, 'BJ', 'Active', 0), 
(364, 'Collines', 'CO', 23, 'BJ', 'Active', 0), 
(365, 'Donga', 'DO', 23, 'BJ', 'Active', 0), 
(366, 'Kouffo', 'KO', 23, 'BJ', 'Active', 0), 
(367, 'Littoral', 'LI', 23, 'BJ', 'Active', 0), 
(368, 'Mono', 'MO', 23, 'BJ', 'Active', 0), 
(369, 'Oueme', 'OU', 23, 'BJ', 'Active', 0), 
(370, 'Plateau', 'PL', 23, 'BJ', 'Active', 0), 
(371, 'Zou', 'ZO', 23, 'BJ', 'Active', 0), 
(372, 'Devonshire', 'DS', 24, 'BM', 'Active', 0), 
(373, 'Hamilton City', 'HC', 24, 'BM', 'Active', 0), 
(374, 'Hamilton', 'HA', 24, 'BM', 'Active', 0), 
(375, 'Paget', 'PG', 24, 'BM', 'Active', 0), 
(376, 'Pembroke', 'PB', 24, 'BM', 'Active', 0), 
(377, 'Saint George City', 'GC', 24, 'BM', 'Active', 0), 
(378, 'Saint George''s', 'SG', 24, 'BM', 'Active', 0), 
(379, 'Sandys', 'SA', 24, 'BM', 'Active', 0), 
(380, 'Smith''s', 'SM', 24, 'BM', 'Active', 0), 
(381, 'Southampton', 'SH', 24, 'BM', 'Active', 0), 
(382, 'Warwick', 'WA', 24, 'BM', 'Active', 0), 
(383, 'Bumthang', 'BUM', 25, 'BT', 'Active', 0), 
(384, 'Chukha', 'CHU', 25, 'BT', 'Active', 0), 
(385, 'Dagana', 'DAG', 25, 'BT', 'Active', 0), 
(386, 'Gasa', 'GAS', 25, 'BT', 'Active', 0), 
(387, 'Haa', 'HAA', 25, 'BT', 'Active', 0), 
(388, 'Lhuntse', 'LHU', 25, 'BT', 'Active', 0), 
(389, 'Mongar', 'MON', 25, 'BT', 'Active', 0), 
(390, 'Paro', 'PAR', 25, 'BT', 'Active', 0), 
(391, 'Pemagatshel', 'PEM', 25, 'BT', 'Active', 0), 
(392, 'Punakha', 'PUN', 25, 'BT', 'Active', 0), 
(393, 'Samdrup Jongkhar', 'SJO', 25, 'BT', 'Active', 0), 
(394, 'Samtse', 'SAT', 25, 'BT', 'Active', 0), 
(395, 'Sarpang', 'SAR', 25, 'BT', 'Active', 0), 
(396, 'Thimphu', 'THI', 25, 'BT', 'Active', 0), 
(397, 'Trashigang', 'TRG', 25, 'BT', 'Active', 0), 
(398, 'Trashiyangste', 'TRY', 25, 'BT', 'Active', 0), 
(399, 'Trongsa', 'TRO', 25, 'BT', 'Active', 0), 
(400, 'Tsirang', 'TSI', 25, 'BT', 'Active', 0), 
(401, 'Wangdue Phodrang', 'WPH', 25, 'BT', 'Active', 0), 
(402, 'Zhemgang', 'ZHE', 25, 'BT', 'Active', 0), 
(403, 'Beni', 'BEN', 26, 'BO', 'Active', 0), 
(404, 'Chuquisaca', 'CHU', 26, 'BO', 'Active', 0), 
(405, 'Cochabamba', 'COC', 26, 'BO', 'Active', 0), 
(406, 'La Paz', 'LPZ', 26, 'BO', 'Active', 0), 
(407, 'Oruro', 'ORU', 26, 'BO', 'Active', 0), 
(408, 'Pando', 'PAN', 26, 'BO', 'Active', 0), 
(409, 'Potosi', 'POT', 26, 'BO', 'Active', 0), 
(410, 'Santa Cruz', 'SCZ', 26, 'BO', 'Active', 0), 
(411, 'Tarija', 'TAR', 26, 'BO', 'Active', 0), 
(412, 'Brcko district', 'BRO', 27, 'BA', 'Active', 0), 
(413, 'Unsko-Sanski Kanton', 'FUS', 27, 'BA', 'Active', 0), 
(414, 'Posavski Kanton', 'FPO', 27, 'BA', 'Active', 0), 
(415, 'Tuzlanski Kanton', 'FTU', 27, 'BA', 'Active', 0), 
(416, 'Zenicko-Dobojski Kanton', 'FZE', 27, 'BA', 'Active', 0), 
(417, 'Bosanskopodrinjski Kanton', 'FBP', 27, 'BA', 'Active', 0), 
(418, 'Srednjebosanski Kanton', 'FSB', 27, 'BA', 'Active', 0), 
(419, 'Hercegovacko-neretvanski Kanton', 'FHN', 27, 'BA', 'Active', 0), 
(420, 'Zapadnohercegovacka Zupanija', 'FZH', 27, 'BA', 'Active', 0), 
(421, 'Kanton Sarajevo', 'FSA', 27, 'BA', 'Active', 0), 
(422, 'Zapadnobosanska', 'FZA', 27, 'BA', 'Active', 0), 
(423, 'Banja Luka', 'SBL', 27, 'BA', 'Active', 0), 
(424, 'Doboj', 'SDO', 27, 'BA', 'Active', 0), 
(425, 'Bijeljina', 'SBI', 27, 'BA', 'Active', 0), 
(426, 'Vlasenica', 'SVL', 27, 'BA', 'Active', 0), 
(427, 'Sarajevo-Romanija or Sokolac', 'SSR', 27, 'BA', 'Active', 0), 
(428, 'Foca', 'SFO', 27, 'BA', 'Active', 0), 
(429, 'Trebinje', 'STR', 27, 'BA', 'Active', 0), 
(430, 'Central', 'CE', 28, 'BW', 'Active', 0), 
(431, 'Ghanzi', 'GH', 28, 'BW', 'Active', 0), 
(432, 'Kgalagadi', 'KD', 28, 'BW', 'Active', 0), 
(433, 'Kgatleng', 'KT', 28, 'BW', 'Active', 0), 
(434, 'Kweneng', 'KW', 28, 'BW', 'Active', 0), 
(435, 'Ngamiland', 'NG', 28, 'BW', 'Active', 0), 
(436, 'North East', 'NE', 28, 'BW', 'Active', 0), 
(437, 'North West', 'NW', 28, 'BW', 'Active', 0), 
(438, 'South East', 'SE', 28, 'BW', 'Active', 0), 
(439, 'Southern', 'SO', 28, 'BW', 'Active', 0), 
(440, 'Acre', 'AC', 30, 'BR', 'Active', 0), 
(441, 'Alagoas', 'AL', 30, 'BR', 'Active', 0), 
(442, 'Amapa', 'AP', 30, 'BR', 'Active', 0), 
(443, 'Amazonas', 'AM', 30, 'BR', 'Active', 0), 
(444, 'Bahia', 'BA', 30, 'BR', 'Active', 0), 
(445, 'Ceara', 'CE', 30, 'BR', 'Active', 0), 
(446, 'Distrito Federal', 'DF', 30, 'BR', 'Active', 0), 
(447, 'Espirito Santo', 'ES', 30, 'BR', 'Active', 0), 
(448, 'Goias', 'GO', 30, 'BR', 'Active', 0), 
(449, 'Maranhao', 'MA', 30, 'BR', 'Active', 0), 
(450, 'Mato Grosso', 'MT', 30, 'BR', 'Active', 0), 
(451, 'Mato Grosso do Sul', 'MS', 30, 'BR', 'Active', 0), 
(452, 'Minas Gerais', 'MG', 30, 'BR', 'Active', 0), 
(453, 'Para', 'PA', 30, 'BR', 'Active', 0), 
(454, 'Paraiba', 'PB', 30, 'BR', 'Active', 0), 
(455, 'Parana', 'PR', 30, 'BR', 'Active', 0), 
(456, 'Pernambuco', 'PE', 30, 'BR', 'Active', 0), 
(457, 'Piaui', 'PI', 30, 'BR', 'Active', 0), 
(458, 'Rio de Janeiro', 'RJ', 30, 'BR', 'Active', 0), 
(459, 'Rio Grande do Norte', 'RN', 30, 'BR', 'Active', 0), 
(460, 'Rio Grande do Sul', 'RS', 30, 'BR', 'Active', 0), 
(461, 'Rondonia', 'RO', 30, 'BR', 'Active', 0), 
(462, 'Roraima', 'RR', 30, 'BR', 'Active', 0), 
(463, 'Santa Catarina', 'SC', 30, 'BR', 'Active', 0), 
(464, 'Sao Paulo', 'SP', 30, 'BR', 'Active', 0), 
(465, 'Sergipe', 'SE', 30, 'BR', 'Active', 0), 
(466, 'Tocantins', 'TO', 30, 'BR', 'Active', 0), 
(467, 'Peros Banhos', 'PB', 31, 'IO', 'Active', 0), 
(468, 'Salomon Islands', 'SI', 31, 'IO', 'Active', 0), 
(469, 'Nelsons Island', 'NI', 31, 'IO', 'Active', 0), 
(470, 'Three Brothers', 'TB', 31, 'IO', 'Active', 0), 
(471, 'Eagle Islands', 'EA', 31, 'IO', 'Active', 0), 
(472, 'Danger Island', 'DI', 31, 'IO', 'Active', 0), 
(473, 'Egmont Islands', 'EG', 31, 'IO', 'Active', 0), 
(474, 'Diego Garcia', 'DG', 31, 'IO', 'Active', 0), 
(475, 'Belait', 'BEL', 32, 'BN', 'Active', 0), 
(476, 'Brunei and Muara', 'BRM', 32, 'BN', 'Active', 0), 
(477, 'Temburong', 'TEM', 32, 'BN', 'Active', 0), 
(478, 'Tutong', 'TUT', 32, 'BN', 'Active', 0), 
(479, 'Blagoevgrad', 'Blagoevgrad', 33, 'BG', 'Active', 0), 
(480, 'Burgas', 'Burgas', 33, 'BG', 'Active', 0), 
(481, 'Dobrich', 'Dobrich', 33, 'BG', 'Active', 0), 
(482, 'Gabrovo', 'Gabrovo', 33, 'BG', 'Active', 0), 
(483, 'Haskovo', 'Haskovo', 33, 'BG', 'Active', 0), 
(484, 'Kardjali', 'Kardjali', 33, 'BG', 'Active', 0), 
(485, 'Kyustendil', 'Kyustendil', 33, 'BG', 'Active', 0), 
(486, 'Lovech', 'Lovech', 33, 'BG', 'Active', 0), 
(487, 'Montana', 'Montana', 33, 'BG', 'Active', 0), 
(488, 'Pazardjik', 'Pazardjik', 33, 'BG', 'Active', 0), 
(489, 'Pernik', 'Pernik', 33, 'BG', 'Active', 0), 
(490, 'Pleven', 'Pleven', 33, 'BG', 'Active', 0), 
(491, 'Plovdiv', 'Plovdiv', 33, 'BG', 'Active', 0), 
(492, 'Razgrad', 'Razgrad', 33, 'BG', 'Active', 0), 
(493, 'Shumen', 'Shumen', 33, 'BG', 'Active', 0), 
(494, 'Silistra', 'Silistra', 33, 'BG', 'Active', 0), 
(495, 'Sliven', 'Sliven', 33, 'BG', 'Active', 0), 
(496, 'Smolyan', 'Smolyan', 33, 'BG', 'Active', 0), 
(497, 'Sofia', 'Sofia', 33, 'BG', 'Active', 0), 
(498, 'Sofia - town', 'Sofia - town', 33, 'BG', 'Active', 0), 
(499, 'Stara Zagora', 'Stara Zagora', 33, 'BG', 'Active', 0), 
(500, 'Targovishte', 'Targovishte', 33, 'BG', 'Active', 0), 
(501, 'Varna', 'Varna', 33, 'BG', 'Active', 0), 
(502, 'Veliko Tarnovo', 'Veliko Tarnovo', 33, 'BG', 'Active', 0), 
(503, 'Vidin', 'Vidin', 33, 'BG', 'Active', 0), 
(504, 'Vratza', 'Vratza', 33, 'BG', 'Active', 0), 
(505, 'Yambol', 'Yambol', 33, 'BG', 'Active', 0), 
(506, 'Bale', 'BAL', 34, 'BF', 'Active', 0), 
(507, 'Bam', 'BAM', 34, 'BF', 'Active', 0), 
(508, 'Banwa', 'BAN', 34, 'BF', 'Active', 0), 
(509, 'Bazega', 'BAZ', 34, 'BF', 'Active', 0), 
(510, 'Bougouriba', 'BOR', 34, 'BF', 'Active', 0), 
(511, 'Boulgou', 'BLG', 34, 'BF', 'Active', 0), 
(512, 'Boulkiemde', 'BOK', 34, 'BF', 'Active', 0), 
(513, 'Comoe', 'COM', 34, 'BF', 'Active', 0), 
(514, 'Ganzourgou', 'GAN', 34, 'BF', 'Active', 0), 
(515, 'Gnagna', 'GNA', 34, 'BF', 'Active', 0), 
(516, 'Gourma', 'GOU', 34, 'BF', 'Active', 0), 
(517, 'Houet', 'HOU', 34, 'BF', 'Active', 0), 
(518, 'Ioba', 'IOA', 34, 'BF', 'Active', 0), 
(519, 'Kadiogo', 'KAD', 34, 'BF', 'Active', 0), 
(520, 'Kenedougou', 'KEN', 34, 'BF', 'Active', 0), 
(521, 'Komondjari', 'KOD', 34, 'BF', 'Active', 0), 
(522, 'Kompienga', 'KOP', 34, 'BF', 'Active', 0), 
(523, 'Kossi', 'KOS', 34, 'BF', 'Active', 0), 
(524, 'Koulpelogo', 'KOL', 34, 'BF', 'Active', 0), 
(525, 'Kouritenga', 'KOT', 34, 'BF', 'Active', 0), 
(526, 'Kourweogo', 'KOW', 34, 'BF', 'Active', 0), 
(527, 'Leraba', 'LER', 34, 'BF', 'Active', 0), 
(528, 'Loroum', 'LOR', 34, 'BF', 'Active', 0), 
(529, 'Mouhoun', 'MOU', 34, 'BF', 'Active', 0), 
(530, 'Nahouri', 'NAH', 34, 'BF', 'Active', 0), 
(531, 'Namentenga', 'NAM', 34, 'BF', 'Active', 0), 
(532, 'Nayala', 'NAY', 34, 'BF', 'Active', 0), 
(533, 'Noumbiel', 'NOU', 34, 'BF', 'Active', 0), 
(534, 'Oubritenga', 'OUB', 34, 'BF', 'Active', 0), 
(535, 'Oudalan', 'OUD', 34, 'BF', 'Active', 0), 
(536, 'Passore', 'PAS', 34, 'BF', 'Active', 0);

INSERT INTO `mod_state` (`iStateId`, `vState`, `vStateCode`, `iCountryId`, `vCountryCode`, `eStatus`, `iSysRecDeleted`) VALUES 
(537, 'Poni', 'PON', 34, 'BF', 'Active', 0), 
(538, 'Sanguie', 'SAG', 34, 'BF', 'Active', 0), 
(539, 'Sanmatenga', 'SAM', 34, 'BF', 'Active', 0), 
(540, 'Seno', 'SEN', 34, 'BF', 'Active', 0), 
(541, 'Sissili', 'SIS', 34, 'BF', 'Active', 0), 
(542, 'Soum', 'SOM', 34, 'BF', 'Active', 0), 
(543, 'Sourou', 'SOR', 34, 'BF', 'Active', 0), 
(544, 'Tapoa', 'TAP', 34, 'BF', 'Active', 0), 
(545, 'Tuy', 'TUY', 34, 'BF', 'Active', 0), 
(546, 'Yagha', 'YAG', 34, 'BF', 'Active', 0), 
(547, 'Yatenga', 'YAT', 34, 'BF', 'Active', 0), 
(548, 'Ziro', 'ZIR', 34, 'BF', 'Active', 0), 
(549, 'Zondoma', 'ZOD', 34, 'BF', 'Active', 0), 
(550, 'Zoundweogo', 'ZOW', 34, 'BF', 'Active', 0), 
(551, 'Bubanza', 'BB', 35, 'BI', 'Active', 0), 
(552, 'Bujumbura', 'BJ', 35, 'BI', 'Active', 0), 
(553, 'Bururi', 'BR', 35, 'BI', 'Active', 0), 
(554, 'Cankuzo', 'CA', 35, 'BI', 'Active', 0), 
(555, 'Cibitoke', 'CI', 35, 'BI', 'Active', 0), 
(556, 'Gitega', 'GI', 35, 'BI', 'Active', 0), 
(557, 'Karuzi', 'KR', 35, 'BI', 'Active', 0), 
(558, 'Kayanza', 'KY', 35, 'BI', 'Active', 0), 
(559, 'Kirundo', 'KI', 35, 'BI', 'Active', 0), 
(560, 'Makamba', 'MA', 35, 'BI', 'Active', 0), 
(561, 'Muramvya', 'MU', 35, 'BI', 'Active', 0), 
(562, 'Muyinga', 'MY', 35, 'BI', 'Active', 0), 
(563, 'Mwaro', 'MW', 35, 'BI', 'Active', 0), 
(564, 'Ngozi', 'NG', 35, 'BI', 'Active', 0), 
(565, 'Rutana', 'RT', 35, 'BI', 'Active', 0), 
(566, 'Ruyigi', 'RY', 35, 'BI', 'Active', 0), 
(567, 'Phnom Penh', 'PP', 36, 'KH', 'Active', 0), 
(568, 'Preah Seihanu (Kompong Som or Si', 'PS', 36, 'KH', 'Active', 0), 
(569, 'Pailin', 'PA', 36, 'KH', 'Active', 0), 
(570, 'Keb', 'KB', 36, 'KH', 'Active', 0), 
(571, 'Banteay Meanchey', 'BM', 36, 'KH', 'Active', 0), 
(572, 'Battambang', 'BA', 36, 'KH', 'Active', 0), 
(573, 'Kampong Cham', 'KM', 36, 'KH', 'Active', 0), 
(574, 'Kampong Chhnang', 'KN', 36, 'KH', 'Active', 0), 
(575, 'Kampong Speu', 'KU', 36, 'KH', 'Active', 0), 
(576, 'Kampong Som', 'KO', 36, 'KH', 'Active', 0), 
(577, 'Kampong Thom', 'KT', 36, 'KH', 'Active', 0), 
(578, 'Kampot', 'KP', 36, 'KH', 'Active', 0), 
(579, 'Kandal', 'KL', 36, 'KH', 'Active', 0), 
(580, 'Kaoh Kong', 'KK', 36, 'KH', 'Active', 0), 
(581, 'Kratie', 'KR', 36, 'KH', 'Active', 0), 
(582, 'Mondul Kiri', 'MK', 36, 'KH', 'Active', 0), 
(583, 'Oddar Meancheay', 'OM', 36, 'KH', 'Active', 0), 
(584, 'Pursat', 'PU', 36, 'KH', 'Active', 0), 
(585, 'Preah Vihear', 'PR', 36, 'KH', 'Active', 0), 
(586, 'Prey Veng', 'PG', 36, 'KH', 'Active', 0), 
(587, 'Ratanak Kiri', 'RK', 36, 'KH', 'Active', 0), 
(588, 'Siemreap', 'SI', 36, 'KH', 'Active', 0), 
(589, 'Stung Treng', 'ST', 36, 'KH', 'Active', 0), 
(590, 'Svay Rieng', 'SR', 36, 'KH', 'Active', 0), 
(591, 'Takeo', 'TK', 36, 'KH', 'Active', 0), 
(592, 'Adamawa (Adamaoua)', 'ADA', 37, 'CM', 'Active', 0), 
(593, 'Centre', 'CEN', 37, 'CM', 'Active', 0), 
(594, 'East (Est)', 'EST', 37, 'CM', 'Active', 0), 
(595, 'Extreme North (Extr?me-Nord)', 'EXN', 37, 'CM', 'Active', 0), 
(596, 'Littoral', 'LIT', 37, 'CM', 'Active', 0), 
(597, 'North (Nord)', 'NOR', 37, 'CM', 'Active', 0), 
(598, 'Northwest (Nord-Ouest)', 'NOT', 37, 'CM', 'Active', 0), 
(599, 'West (Ouest)', 'OUE', 37, 'CM', 'Active', 0), 
(600, 'South (Sud)', 'SUD', 37, 'CM', 'Active', 0), 
(601, 'Southwest (Sud-Ouest).', 'SOU', 37, 'CM', 'Active', 0), 
(602, 'Alberta', 'AB', 38, 'CA', 'Active', 0), 
(603, 'British Columbia', 'BC', 38, 'CA', 'Active', 0), 
(604, 'Manitoba', 'MB', 38, 'CA', 'Active', 0), 
(605, 'New Brunswick', 'NB', 38, 'CA', 'Active', 0), 
(606, 'Newfoundland and Labrador', 'NL', 38, 'CA', 'Active', 0), 
(607, 'Northwest Territories', 'NT', 38, 'CA', 'Active', 0), 
(608, 'Nova Scotia', 'NS', 38, 'CA', 'Active', 0), 
(609, 'Nunavut', 'NU', 38, 'CA', 'Active', 0), 
(610, 'Ontario', 'ON', 38, 'CA', 'Active', 0), 
(611, 'Prince Edward Island', 'PE', 38, 'CA', 'Active', 0), 
(612, 'Qu&eacute;bec', 'QC', 38, 'CA', 'Active', 0), 
(613, 'Saskatchewan', 'SK', 38, 'CA', 'Active', 0), 
(614, 'Yukon Territory', 'YT', 38, 'CA', 'Active', 0), 
(615, 'Boa Vista', 'BV', 39, 'CV', 'Active', 0), 
(616, 'Brava', 'BR', 39, 'CV', 'Active', 0), 
(617, 'Calheta de Sao Miguel', 'CS', 39, 'CV', 'Active', 0), 
(618, 'Maio', 'MA', 39, 'CV', 'Active', 0), 
(619, 'Mosteiros', 'MO', 39, 'CV', 'Active', 0), 
(620, 'Paul', 'PA', 39, 'CV', 'Active', 0), 
(621, 'Porto Novo', 'PN', 39, 'CV', 'Active', 0), 
(622, 'Praia', 'PR', 39, 'CV', 'Active', 0), 
(623, 'Ribeira Grande', 'RG', 39, 'CV', 'Active', 0), 
(624, 'Sal', 'SL', 39, 'CV', 'Active', 0), 
(625, 'Santa Catarina', 'CA', 39, 'CV', 'Active', 0), 
(626, 'Santa Cruz', 'CR', 39, 'CV', 'Active', 0), 
(627, 'Sao Domingos', 'SD', 39, 'CV', 'Active', 0), 
(628, 'Sao Filipe', 'SF', 39, 'CV', 'Active', 0), 
(629, 'Sao Nicolau', 'SN', 39, 'CV', 'Active', 0), 
(630, 'Sao Vicente', 'SV', 39, 'CV', 'Active', 0), 
(631, 'Tarrafal', 'TA', 39, 'CV', 'Active', 0), 
(632, 'Creek', 'CR', 40, 'KY', 'Active', 0), 
(633, 'Eastern', 'EA', 40, 'KY', 'Active', 0), 
(634, 'Midland', 'ML', 40, 'KY', 'Active', 0), 
(635, 'South Town', 'ST', 40, 'KY', 'Active', 0), 
(636, 'Spot Bay', 'SP', 40, 'KY', 'Active', 0), 
(637, 'Stake Bay', 'SK', 40, 'KY', 'Active', 0), 
(638, 'West End', 'WD', 40, 'KY', 'Active', 0), 
(639, 'Western', 'WN', 40, 'KY', 'Active', 0), 
(640, 'Bamingui-Bangoran', 'BBA', 41, 'CF', 'Active', 0), 
(641, 'Basse-Kotto', 'BKO', 41, 'CF', 'Active', 0), 
(642, 'Haute-Kotto', 'HKO', 41, 'CF', 'Active', 0), 
(643, 'Haut-Mbomou', 'HMB', 41, 'CF', 'Active', 0), 
(644, 'Kemo', 'KEM', 41, 'CF', 'Active', 0), 
(645, 'Lobaye', 'LOB', 41, 'CF', 'Active', 0), 
(646, 'Mambere-Kader', 'MKD', 41, 'CF', 'Active', 0), 
(647, 'Mbomou', 'MBO', 41, 'CF', 'Active', 0), 
(648, 'Nana-Mambere', 'NMM', 41, 'CF', 'Active', 0), 
(649, 'Ombella-M''Poko', 'OMP', 41, 'CF', 'Active', 0), 
(650, 'Ouaka', 'OUK', 41, 'CF', 'Active', 0), 
(651, 'Ouham', 'OUH', 41, 'CF', 'Active', 0), 
(652, 'Ouham-Pende', 'OPE', 41, 'CF', 'Active', 0), 
(653, 'Vakaga', 'VAK', 41, 'CF', 'Active', 0), 
(654, 'Nana-Grebizi', 'NGR', 41, 'CF', 'Active', 0), 
(655, 'Sangha-Mbaere', 'SMB', 41, 'CF', 'Active', 0), 
(656, 'Bangui', 'BAN', 41, 'CF', 'Active', 0), 
(657, 'Batha', 'BA', 42, 'TD', 'Active', 0), 
(658, 'Biltine', 'BI', 42, 'TD', 'Active', 0), 
(659, 'Borkou-Ennedi-Tibesti', 'BE', 42, 'TD', 'Active', 0), 
(660, 'Chari-Baguirmi', 'CB', 42, 'TD', 'Active', 0), 
(661, 'Guera', 'GU', 42, 'TD', 'Active', 0), 
(662, 'Kanem', 'KA', 42, 'TD', 'Active', 0), 
(663, 'Lac', 'LA', 42, 'TD', 'Active', 0), 
(664, 'Logone Occidental', 'LC', 42, 'TD', 'Active', 0), 
(665, 'Logone Oriental', 'LR', 42, 'TD', 'Active', 0), 
(666, 'Mayo-Kebbi', 'MK', 42, 'TD', 'Active', 0), 
(667, 'Moyen-Chari', 'MC', 42, 'TD', 'Active', 0), 
(668, 'Ouaddai', 'OU', 42, 'TD', 'Active', 0), 
(669, 'Salamat', 'SA', 42, 'TD', 'Active', 0), 
(670, 'Tandjile', 'TA', 42, 'TD', 'Active', 0), 
(671, 'Aisen del General Carlos Ibanez', 'AI', 43, 'CL', 'Active', 0), 
(672, 'Antofagasta', 'AN', 43, 'CL', 'Active', 0), 
(673, 'Araucania', 'AR', 43, 'CL', 'Active', 0), 
(674, 'Atacama', 'AT', 43, 'CL', 'Active', 0), 
(675, 'Bio-Bio', 'BI', 43, 'CL', 'Active', 0), 
(676, 'Coquimbo', 'CO', 43, 'CL', 'Active', 0), 
(677, 'Libertador General Bernardo O''Hi', 'LI', 43, 'CL', 'Active', 0), 
(678, 'Los Lagos', 'LL', 43, 'CL', 'Active', 0), 
(679, 'Magallanes y de la Antartica Chi', 'MA', 43, 'CL', 'Active', 0), 
(680, 'Maule', 'ML', 43, 'CL', 'Active', 0), 
(681, 'Region Metropolitana', 'RM', 43, 'CL', 'Active', 0), 
(682, 'Tarapaca', 'TA', 43, 'CL', 'Active', 0), 
(683, 'Valparaiso', 'VS', 43, 'CL', 'Active', 0), 
(684, 'Anhui', 'AN', 44, 'CN', 'Active', 0), 
(685, 'Beijing', 'BE', 44, 'CN', 'Active', 0), 
(686, 'Chongqing', 'CH', 44, 'CN', 'Active', 0), 
(687, 'Fujian', 'FU', 44, 'CN', 'Active', 0), 
(688, 'Gansu', 'GA', 44, 'CN', 'Active', 0), 
(689, 'Guangdong', 'GU', 44, 'CN', 'Active', 0), 
(690, 'Guangxi', 'GX', 44, 'CN', 'Active', 0), 
(691, 'Guizhou', 'GZ', 44, 'CN', 'Active', 0), 
(692, 'Hainan', 'HA', 44, 'CN', 'Active', 0), 
(693, 'Hebei', 'HB', 44, 'CN', 'Active', 0), 
(694, 'Heilongjiang', 'HL', 44, 'CN', 'Active', 0), 
(695, 'Henan', 'HE', 44, 'CN', 'Active', 0), 
(696, 'Hong Kong', 'HK', 44, 'CN', 'Active', 0), 
(697, 'Hubei', 'HU', 44, 'CN', 'Active', 0), 
(698, 'Hunan', 'HN', 44, 'CN', 'Active', 0), 
(699, 'Inner Mongolia', 'IM', 44, 'CN', 'Active', 0), 
(700, 'Jiangsu', 'JI', 44, 'CN', 'Active', 0), 
(701, 'Jiangxi', 'JX', 44, 'CN', 'Active', 0), 
(702, 'Jilin', 'JL', 44, 'CN', 'Active', 0), 
(703, 'Liaoning', 'LI', 44, 'CN', 'Active', 0), 
(704, 'Macau', 'MA', 44, 'CN', 'Active', 0), 
(705, 'Ningxia', 'NI', 44, 'CN', 'Active', 0), 
(706, 'Shaanxi', 'SH', 44, 'CN', 'Active', 0), 
(707, 'Shandong', 'SA', 44, 'CN', 'Active', 0), 
(708, 'Shanghai', 'SG', 44, 'CN', 'Active', 0), 
(709, 'Shanxi', 'SX', 44, 'CN', 'Active', 0), 
(710, 'Sichuan', 'SI', 44, 'CN', 'Active', 0), 
(711, 'Tianjin', 'TI', 44, 'CN', 'Active', 0), 
(712, 'Xinjiang', 'XI', 44, 'CN', 'Active', 0), 
(713, 'Yunnan', 'YU', 44, 'CN', 'Active', 0), 
(714, 'Zhejiang', 'ZH', 44, 'CN', 'Active', 0), 
(715, 'Direction Island', 'D', 46, 'CC', 'Active', 0), 
(716, 'Home Island', 'H', 46, 'CC', 'Active', 0), 
(717, 'Horsburgh Island', 'O', 46, 'CC', 'Active', 0), 
(718, 'South Island', 'S', 46, 'CC', 'Active', 0), 
(719, 'West Island', 'W', 46, 'CC', 'Active', 0), 
(720, 'Amazonas', 'AMZ', 47, 'CO', 'Active', 0), 
(721, 'Antioquia', 'ANT', 47, 'CO', 'Active', 0), 
(722, 'Arauca', 'ARA', 47, 'CO', 'Active', 0), 
(723, 'Atlantico', 'ATL', 47, 'CO', 'Active', 0), 
(724, 'Bogota D.C.', 'BDC', 47, 'CO', 'Active', 0), 
(725, 'Bolivar', 'BOL', 47, 'CO', 'Active', 0), 
(726, 'Boyaca', 'BOY', 47, 'CO', 'Active', 0), 
(727, 'Caldas', 'CAL', 47, 'CO', 'Active', 0), 
(728, 'Caqueta', 'CAQ', 47, 'CO', 'Active', 0), 
(729, 'Casanare', 'CAS', 47, 'CO', 'Active', 0), 
(730, 'Cauca', 'CAU', 47, 'CO', 'Active', 0), 
(731, 'Cesar', 'CES', 47, 'CO', 'Active', 0), 
(732, 'Choco', 'CHO', 47, 'CO', 'Active', 0), 
(733, 'Cordoba', 'COR', 47, 'CO', 'Active', 0), 
(734, 'Cundinamarca', 'CAM', 47, 'CO', 'Active', 0), 
(735, 'Guainia', 'GNA', 47, 'CO', 'Active', 0), 
(736, 'Guajira', 'GJR', 47, 'CO', 'Active', 0), 
(737, 'Guaviare', 'GVR', 47, 'CO', 'Active', 0), 
(738, 'Huila', 'HUI', 47, 'CO', 'Active', 0), 
(739, 'Magdalena', 'MAG', 47, 'CO', 'Active', 0), 
(740, 'Meta', 'MET', 47, 'CO', 'Active', 0), 
(741, 'Narino', 'NAR', 47, 'CO', 'Active', 0), 
(742, 'Norte de Santander', 'NDS', 47, 'CO', 'Active', 0), 
(743, 'Putumayo', 'PUT', 47, 'CO', 'Active', 0), 
(744, 'Quindio', 'QUI', 47, 'CO', 'Active', 0), 
(745, 'Risaralda', 'RIS', 47, 'CO', 'Active', 0), 
(746, 'San Andres y Providencia', 'SAP', 47, 'CO', 'Active', 0), 
(747, 'Santander', 'SAN', 47, 'CO', 'Active', 0), 
(748, 'Sucre', 'SUC', 47, 'CO', 'Active', 0), 
(749, 'Tolima', 'TOL', 47, 'CO', 'Active', 0), 
(750, 'Valle del Cauca', 'VDC', 47, 'CO', 'Active', 0), 
(751, 'Vaupes', 'VAU', 47, 'CO', 'Active', 0), 
(752, 'Vichada', 'VIC', 47, 'CO', 'Active', 0), 
(753, 'Grande Comore', 'G', 48, 'KM', 'Active', 0), 
(754, 'Anjouan', 'A', 48, 'KM', 'Active', 0), 
(755, 'Moheli', 'M', 48, 'KM', 'Active', 0), 
(756, 'Bouenza', 'BO', 49, 'CG', 'Active', 0), 
(757, 'Brazzaville', 'BR', 49, 'CG', 'Active', 0), 
(758, 'Cuvette', 'CU', 49, 'CG', 'Active', 0), 
(759, 'Cuvette-Ouest', 'CO', 49, 'CG', 'Active', 0), 
(760, 'Kouilou', 'KO', 49, 'CG', 'Active', 0), 
(761, 'Lekoumou', 'LE', 49, 'CG', 'Active', 0), 
(762, 'Likouala', 'LI', 49, 'CG', 'Active', 0), 
(763, 'Niari', 'NI', 49, 'CG', 'Active', 0), 
(764, 'Plateaux', 'PL', 49, 'CG', 'Active', 0), 
(765, 'Pool', 'PO', 49, 'CG', 'Active', 0), 
(766, 'Sangha', 'SA', 49, 'CG', 'Active', 0), 
(767, 'Pukapuka', 'PU', 50, 'CK', 'Active', 0), 
(768, 'Rakahanga', 'RK', 50, 'CK', 'Active', 0), 
(769, 'Manihiki', 'MK', 50, 'CK', 'Active', 0), 
(770, 'Penrhyn', 'PE', 50, 'CK', 'Active', 0), 
(771, 'Nassau Island', 'NI', 50, 'CK', 'Active', 0), 
(772, 'Surwarrow', 'SU', 50, 'CK', 'Active', 0), 
(773, 'Palmerston', 'PA', 50, 'CK', 'Active', 0), 
(774, 'Aitutaki', 'AI', 50, 'CK', 'Active', 0), 
(775, 'Manuae', 'MA', 50, 'CK', 'Active', 0), 
(776, 'Takutea', 'TA', 50, 'CK', 'Active', 0), 
(777, 'Mitiaro', 'MT', 50, 'CK', 'Active', 0), 
(778, 'Atiu', 'AT', 50, 'CK', 'Active', 0), 
(779, 'Mauke', 'MU', 50, 'CK', 'Active', 0), 
(780, 'Rarotonga', 'RR', 50, 'CK', 'Active', 0), 
(781, 'Mangaia', 'MG', 50, 'CK', 'Active', 0), 
(782, 'Alajuela', 'AL', 51, 'CR', 'Active', 0), 
(783, 'Cartago', 'CA', 51, 'CR', 'Active', 0), 
(784, 'Guanacaste', 'GU', 51, 'CR', 'Active', 0), 
(785, 'Heredia', 'HE', 51, 'CR', 'Active', 0), 
(786, 'Limon', 'LI', 51, 'CR', 'Active', 0), 
(787, 'Puntarenas', 'PU', 51, 'CR', 'Active', 0), 
(788, 'San Jose', 'SJ', 51, 'CR', 'Active', 0), 
(789, 'Abengourou', 'ABE', 52, 'CI', 'Active', 0), 
(790, 'Abidjan', 'ABI', 52, 'CI', 'Active', 0), 
(791, 'Aboisso', 'ABO', 52, 'CI', 'Active', 0), 
(792, 'Adiake', 'ADI', 52, 'CI', 'Active', 0), 
(793, 'Adzope', 'ADZ', 52, 'CI', 'Active', 0), 
(794, 'Agboville', 'AGB', 52, 'CI', 'Active', 0), 
(795, 'Agnibilekrou', 'AGN', 52, 'CI', 'Active', 0), 
(796, 'Alepe', 'ALE', 52, 'CI', 'Active', 0), 
(797, 'Bocanda', 'BOC', 52, 'CI', 'Active', 0), 
(798, 'Bangolo', 'BAN', 52, 'CI', 'Active', 0), 
(799, 'Beoumi', 'BEO', 52, 'CI', 'Active', 0), 
(800, 'Biankouma', 'BIA', 52, 'CI', 'Active', 0), 
(801, 'Bondoukou', 'BDK', 52, 'CI', 'Active', 0), 
(802, 'Bongouanou', 'BGN', 52, 'CI', 'Active', 0), 
(803, 'Bouafle', 'BFL', 52, 'CI', 'Active', 0), 
(804, 'Bouake', 'BKE', 52, 'CI', 'Active', 0), 
(805, 'Bouna', 'BNA', 52, 'CI', 'Active', 0), 
(806, 'Boundiali', 'BDL', 52, 'CI', 'Active', 0), 
(807, 'Dabakala', 'DKL', 52, 'CI', 'Active', 0), 
(808, 'Dabou', 'DBU', 52, 'CI', 'Active', 0), 
(809, 'Daloa', 'DAL', 52, 'CI', 'Active', 0), 
(810, 'Danane', 'DAN', 52, 'CI', 'Active', 0), 
(811, 'Daoukro', 'DAO', 52, 'CI', 'Active', 0), 
(812, 'Dimbokro', 'DIM', 52, 'CI', 'Active', 0), 
(813, 'Divo', 'DIV', 52, 'CI', 'Active', 0), 
(814, 'Duekoue', 'DUE', 52, 'CI', 'Active', 0), 
(815, 'Ferkessedougou', 'FER', 52, 'CI', 'Active', 0), 
(816, 'Gagnoa', 'GAG', 52, 'CI', 'Active', 0), 
(817, 'Grand-Bassam', 'GBA', 52, 'CI', 'Active', 0), 
(818, 'Grand-Lahou', 'GLA', 52, 'CI', 'Active', 0), 
(819, 'Guiglo', 'GUI', 52, 'CI', 'Active', 0), 
(820, 'Issia', 'ISS', 52, 'CI', 'Active', 0), 
(821, 'Jacqueville', 'JAC', 52, 'CI', 'Active', 0), 
(822, 'Katiola', 'KAT', 52, 'CI', 'Active', 0), 
(823, 'Korhogo', 'KOR', 52, 'CI', 'Active', 0), 
(824, 'Lakota', 'LAK', 52, 'CI', 'Active', 0), 
(825, 'Man', 'MAN', 52, 'CI', 'Active', 0), 
(826, 'Mankono', 'MKN', 52, 'CI', 'Active', 0), 
(827, 'Mbahiakro', 'MBA', 52, 'CI', 'Active', 0), 
(828, 'Odienne', 'ODI', 52, 'CI', 'Active', 0), 
(829, 'Oume', 'OUM', 52, 'CI', 'Active', 0), 
(830, 'Sakassou', 'SAK', 52, 'CI', 'Active', 0), 
(831, 'San-Pedro', 'SPE', 52, 'CI', 'Active', 0), 
(832, 'Sassandra', 'SAS', 52, 'CI', 'Active', 0), 
(833, 'Seguela', 'SEG', 52, 'CI', 'Active', 0), 
(834, 'Sinfra', 'SIN', 52, 'CI', 'Active', 0), 
(835, 'Soubre', 'SOU', 52, 'CI', 'Active', 0), 
(836, 'Tabou', 'TAB', 52, 'CI', 'Active', 0), 
(837, 'Tanda', 'TAN', 52, 'CI', 'Active', 0), 
(838, 'Tiebissou', 'TIE', 52, 'CI', 'Active', 0), 
(839, 'Tingrela', 'TIN', 52, 'CI', 'Active', 0), 
(840, 'Tiassale', 'TIA', 52, 'CI', 'Active', 0), 
(841, 'Touba', 'TBA', 52, 'CI', 'Active', 0), 
(842, 'Toulepleu', 'TLP', 52, 'CI', 'Active', 0), 
(843, 'Toumodi', 'TMD', 52, 'CI', 'Active', 0), 
(844, 'Vavoua', 'VAV', 52, 'CI', 'Active', 0), 
(845, 'Yamoussoukro', 'YAM', 52, 'CI', 'Active', 0), 
(846, 'Zuenoula', 'ZUE', 52, 'CI', 'Active', 0), 
(847, 'Bjelovar-Bilogora', 'BB', 53, 'HR', 'Active', 0), 
(848, 'City of Zagreb', 'CZ', 53, 'HR', 'Active', 0), 
(849, 'Dubrovnik-Neretva', 'DN', 53, 'HR', 'Active', 0), 
(850, 'Istra', 'IS', 53, 'HR', 'Active', 0), 
(851, 'Karlovac', 'KA', 53, 'HR', 'Active', 0), 
(852, 'Koprivnica-Krizevci', 'KK', 53, 'HR', 'Active', 0), 
(853, 'Krapina-Zagorje', 'KZ', 53, 'HR', 'Active', 0), 
(854, 'Lika-Senj', 'LS', 53, 'HR', 'Active', 0), 
(855, 'Medimurje', 'ME', 53, 'HR', 'Active', 0), 
(856, 'Osijek-Baranja', 'OB', 53, 'HR', 'Active', 0), 
(857, 'Pozega-Slavonia', 'PS', 53, 'HR', 'Active', 0), 
(858, 'Primorje-Gorski Kotar', 'PG', 53, 'HR', 'Active', 0), 
(859, 'Sibenik', 'SI', 53, 'HR', 'Active', 0), 
(860, 'Sisak-Moslavina', 'SM', 53, 'HR', 'Active', 0), 
(861, 'Slavonski Brod-Posavina', 'SB', 53, 'HR', 'Active', 0), 
(862, 'Split-Dalmatia', 'SD', 53, 'HR', 'Active', 0), 
(863, 'Varazdin', 'VA', 53, 'HR', 'Active', 0), 
(864, 'Virovitica-Podravina', 'VP', 53, 'HR', 'Active', 0), 
(865, 'Vukovar-Srijem', 'VS', 53, 'HR', 'Active', 0), 
(866, 'Zadar-Knin', 'ZK', 53, 'HR', 'Active', 0), 
(867, 'Zagreb', 'ZA', 53, 'HR', 'Active', 0), 
(868, 'Camaguey', 'CA', 54, 'CU', 'Active', 0), 
(869, 'Ciego de Avila', 'CD', 54, 'CU', 'Active', 0), 
(870, 'Cienfuegos', 'CI', 54, 'CU', 'Active', 0), 
(871, 'Ciudad de La Habana', 'CH', 54, 'CU', 'Active', 0), 
(872, 'Granma', 'GR', 54, 'CU', 'Active', 0), 
(873, 'Guantanamo', 'GU', 54, 'CU', 'Active', 0), 
(874, 'Holguin', 'HO', 54, 'CU', 'Active', 0), 
(875, 'Isla de la Juventud', 'IJ', 54, 'CU', 'Active', 0), 
(876, 'La Habana', 'LH', 54, 'CU', 'Active', 0), 
(877, 'Las Tunas', 'LT', 54, 'CU', 'Active', 0), 
(878, 'Matanzas', 'MA', 54, 'CU', 'Active', 0), 
(879, 'Pinar del Rio', 'PR', 54, 'CU', 'Active', 0), 
(880, 'Sancti Spiritus', 'SS', 54, 'CU', 'Active', 0), 
(881, 'Santiago de Cuba', 'SC', 54, 'CU', 'Active', 0), 
(882, 'Villa Clara', 'VC', 54, 'CU', 'Active', 0), 
(883, 'Famagusta', 'F', 55, 'CY', 'Active', 0), 
(884, 'Kyrenia', 'K', 55, 'CY', 'Active', 0), 
(885, 'Larnaca', 'A', 55, 'CY', 'Active', 0), 
(886, 'Limassol', 'I', 55, 'CY', 'Active', 0), 
(887, 'Nicosia', 'N', 55, 'CY', 'Active', 0), 
(888, 'Paphos', 'P', 55, 'CY', 'Active', 0), 
(889, 'Ustecky', 'U', 56, 'CZ', 'Active', 0), 
(890, 'Jihocesky', 'C', 56, 'CZ', 'Active', 0), 
(891, 'Jihomoravsky', 'B', 56, 'CZ', 'Active', 0), 
(892, 'Karlovarsky', 'K', 56, 'CZ', 'Active', 0), 
(893, 'Kralovehradecky', 'H', 56, 'CZ', 'Active', 0), 
(894, 'Liberecky', 'L', 56, 'CZ', 'Active', 0), 
(895, 'Moravskoslezsky', 'T', 56, 'CZ', 'Active', 0), 
(896, 'Olomoucky', 'M', 56, 'CZ', 'Active', 0), 
(897, 'Pardubicky', 'E', 56, 'CZ', 'Active', 0), 
(898, 'Plzensky', 'P', 56, 'CZ', 'Active', 0), 
(899, 'Praha', 'A', 56, 'CZ', 'Active', 0), 
(900, 'Stredocesky', 'S', 56, 'CZ', 'Active', 0), 
(901, 'Vysocina', 'J', 56, 'CZ', 'Active', 0), 
(902, 'Zlinsky', 'Z', 56, 'CZ', 'Active', 0), 
(903, 'Arhus', 'AR', 57, 'DK', 'Active', 0), 
(904, 'Bornholm', 'BH', 57, 'DK', 'Active', 0), 
(905, 'Copenhagen', 'CO', 57, 'DK', 'Active', 0), 
(906, 'Faroe Islands', 'FO', 57, 'DK', 'Active', 0), 
(907, 'Frederiksborg', 'FR', 57, 'DK', 'Active', 0), 
(908, 'Fyn', 'FY', 57, 'DK', 'Active', 0), 
(909, 'Kobenhavn', 'KO', 57, 'DK', 'Active', 0), 
(910, 'Nordjylland', 'NO', 57, 'DK', 'Active', 0), 
(911, 'Ribe', 'RI', 57, 'DK', 'Active', 0), 
(912, 'Ringkobing', 'RK', 57, 'DK', 'Active', 0), 
(913, 'Roskilde', 'RO', 57, 'DK', 'Active', 0), 
(914, 'Sonderjylland', 'SO', 57, 'DK', 'Active', 0), 
(915, 'Storstrom', 'ST', 57, 'DK', 'Active', 0), 
(916, 'Vejle', 'VK', 57, 'DK', 'Active', 0), 
(917, 'Vestj&aelig;lland', 'VJ', 57, 'DK', 'Active', 0), 
(918, 'Viborg', 'VB', 57, 'DK', 'Active', 0), 
(919, 'Ali Sabih', 'S', 58, 'DJ', 'Active', 0), 
(920, 'Dikhil', 'K', 58, 'DJ', 'Active', 0), 
(921, 'Djibouti', 'J', 58, 'DJ', 'Active', 0), 
(922, 'Obock', 'O', 58, 'DJ', 'Active', 0), 
(923, 'Tadjoura', 'T', 58, 'DJ', 'Active', 0), 
(924, 'Saint Andrew Parish', 'AND', 59, 'DM', 'Active', 0), 
(925, 'Saint David Parish', 'DAV', 59, 'DM', 'Active', 0), 
(926, 'Saint George Parish', 'GEO', 59, 'DM', 'Active', 0), 
(927, 'Saint John Parish', 'JOH', 59, 'DM', 'Active', 0), 
(928, 'Saint Joseph Parish', 'JOS', 59, 'DM', 'Active', 0), 
(929, 'Saint Luke Parish', 'LUK', 59, 'DM', 'Active', 0), 
(930, 'Saint Mark Parish', 'MAR', 59, 'DM', 'Active', 0), 
(931, 'Saint Patrick Parish', 'PAT', 59, 'DM', 'Active', 0), 
(932, 'Saint Paul Parish', 'PAU', 59, 'DM', 'Active', 0), 
(933, 'Saint Peter Parish', 'PET', 59, 'DM', 'Active', 0), 
(934, 'Distrito Nacional', 'DN', 60, 'DO', 'Active', 0), 
(935, 'Azua', 'AZ', 60, 'DO', 'Active', 0), 
(936, 'Baoruco', 'BC', 60, 'DO', 'Active', 0), 
(937, 'Barahona', 'BH', 60, 'DO', 'Active', 0), 
(938, 'Dajabon', 'DJ', 60, 'DO', 'Active', 0), 
(939, 'Duarte', 'DU', 60, 'DO', 'Active', 0), 
(940, 'Elias Pina', 'EL', 60, 'DO', 'Active', 0), 
(941, 'El Seybo', 'SY', 60, 'DO', 'Active', 0), 
(942, 'Espaillat', 'ET', 60, 'DO', 'Active', 0), 
(943, 'Hato Mayor', 'HM', 60, 'DO', 'Active', 0), 
(944, 'Independencia', 'IN', 60, 'DO', 'Active', 0), 
(945, 'La Altagracia', 'AL', 60, 'DO', 'Active', 0), 
(946, 'La Romana', 'RO', 60, 'DO', 'Active', 0), 
(947, 'La Vega', 'VE', 60, 'DO', 'Active', 0), 
(948, 'Maria Trinidad Sanchez', 'MT', 60, 'DO', 'Active', 0), 
(949, 'Monsenor Nouel', 'MN', 60, 'DO', 'Active', 0), 
(950, 'Monte Cristi', 'MC', 60, 'DO', 'Active', 0), 
(951, 'Monte Plata', 'MP', 60, 'DO', 'Active', 0), 
(952, 'Pedernales', 'PD', 60, 'DO', 'Active', 0), 
(953, 'Peravia (Bani)', 'PR', 60, 'DO', 'Active', 0), 
(954, 'Puerto Plata', 'PP', 60, 'DO', 'Active', 0), 
(955, 'Salcedo', 'SL', 60, 'DO', 'Active', 0), 
(956, 'Samana', 'SM', 60, 'DO', 'Active', 0), 
(957, 'Sanchez Ramirez', 'SH', 60, 'DO', 'Active', 0), 
(958, 'San Cristobal', 'SC', 60, 'DO', 'Active', 0), 
(959, 'San Jose de Ocoa', 'JO', 60, 'DO', 'Active', 0), 
(960, 'San Juan', 'SJ', 60, 'DO', 'Active', 0), 
(961, 'San Pedro de Macoris', 'PM', 60, 'DO', 'Active', 0), 
(962, 'Santiago', 'SA', 60, 'DO', 'Active', 0), 
(963, 'Santiago Rodriguez', 'ST', 60, 'DO', 'Active', 0), 
(964, 'Santo Domingo', 'SD', 60, 'DO', 'Active', 0), 
(965, 'Valverde', 'VA', 60, 'DO', 'Active', 0), 
(966, 'Aileu', 'AL', 61, 'TP', 'Active', 0), 
(967, 'Ainaro', 'AN', 61, 'TP', 'Active', 0), 
(968, 'Baucau', 'BA', 61, 'TP', 'Active', 0), 
(969, 'Bobonaro', 'BO', 61, 'TP', 'Active', 0), 
(970, 'Cova Lima', 'CO', 61, 'TP', 'Active', 0), 
(971, 'Dili', 'DI', 61, 'TP', 'Active', 0), 
(972, 'Ermera', 'ER', 61, 'TP', 'Active', 0), 
(973, 'Lautem', 'LA', 61, 'TP', 'Active', 0), 
(974, 'Liquica', 'LI', 61, 'TP', 'Active', 0), 
(975, 'Manatuto', 'MT', 61, 'TP', 'Active', 0), 
(976, 'Manufahi', 'MF', 61, 'TP', 'Active', 0), 
(977, 'Oecussi', 'OE', 61, 'TP', 'Active', 0), 
(978, 'Viqueque', 'VI', 61, 'TP', 'Active', 0), 
(979, 'Azuay', 'AZU', 62, 'EC', 'Active', 0), 
(980, 'Bolivar', 'BOL', 62, 'EC', 'Active', 0), 
(981, 'Ca&ntilde;ar', 'CAN', 62, 'EC', 'Active', 0), 
(982, 'Carchi', 'CAR', 62, 'EC', 'Active', 0), 
(983, 'Chimborazo', 'CHI', 62, 'EC', 'Active', 0), 
(984, 'Cotopaxi', 'COT', 62, 'EC', 'Active', 0), 
(985, 'El Oro', 'EOR', 62, 'EC', 'Active', 0), 
(986, 'Esmeraldas', 'ESM', 62, 'EC', 'Active', 0), 
(987, 'Gal&aacute;pagos', 'GPS', 62, 'EC', 'Active', 0), 
(988, 'Guayas', 'GUA', 62, 'EC', 'Active', 0), 
(989, 'Imbabura', 'IMB', 62, 'EC', 'Active', 0), 
(990, 'Loja', 'LOJ', 62, 'EC', 'Active', 0), 
(991, 'Los R?os', 'LRO', 62, 'EC', 'Active', 0), 
(992, 'Manab&iacute;', 'MAN', 62, 'EC', 'Active', 0), 
(993, 'Morona Santiago', 'MSA', 62, 'EC', 'Active', 0), 
(994, 'Napo', 'NAP', 62, 'EC', 'Active', 0), 
(995, 'Orellana', 'ORE', 62, 'EC', 'Active', 0), 
(996, 'Pastaza', 'PAS', 62, 'EC', 'Active', 0), 
(997, 'Pichincha', 'PIC', 62, 'EC', 'Active', 0), 
(998, 'Sucumb&iacute;os', 'SUC', 62, 'EC', 'Active', 0), 
(999, 'Tungurahua', 'TUN', 62, 'EC', 'Active', 0), 
(1000, 'Zamora Chinchipe', 'ZCH', 62, 'EC', 'Active', 0), 
(1001, 'Ad Daqahliyah', 'DHY', 63, 'EG', 'Active', 0), 
(1002, 'Al Bahr al Ahmar', 'BAM', 63, 'EG', 'Active', 0), 
(1003, 'Al Buhayrah', 'BHY', 63, 'EG', 'Active', 0), 
(1004, 'Al Fayyum', 'FYM', 63, 'EG', 'Active', 0), 
(1005, 'Al Gharbiyah', 'GBY', 63, 'EG', 'Active', 0), 
(1006, 'Al Iskandariyah', 'IDR', 63, 'EG', 'Active', 0), 
(1007, 'Al Isma''iliyah', 'IML', 63, 'EG', 'Active', 0), 
(1008, 'Al Jizah', 'JZH', 63, 'EG', 'Active', 0), 
(1009, 'Al Minufiyah', 'MFY', 63, 'EG', 'Active', 0), 
(1010, 'Al Minya', 'MNY', 63, 'EG', 'Active', 0), 
(1011, 'Al Qahirah', 'QHR', 63, 'EG', 'Active', 0), 
(1012, 'Al Qalyubiyah', 'QLY', 63, 'EG', 'Active', 0), 
(1013, 'Al Wadi al Jadid', 'WJD', 63, 'EG', 'Active', 0), 
(1014, 'Ash Sharqiyah', 'SHQ', 63, 'EG', 'Active', 0), 
(1015, 'As Suways', 'SWY', 63, 'EG', 'Active', 0), 
(1016, 'Aswan', 'ASW', 63, 'EG', 'Active', 0), 
(1017, 'Asyut', 'ASY', 63, 'EG', 'Active', 0), 
(1018, 'Bani Suwayf', 'BSW', 63, 'EG', 'Active', 0), 
(1019, 'Bur Sa''id', 'BSD', 63, 'EG', 'Active', 0), 
(1020, 'Dumyat', 'DMY', 63, 'EG', 'Active', 0), 
(1021, 'Janub Sina', 'JNS', 63, 'EG', 'Active', 0), 
(1022, 'Kafr ash Shaykh', 'KSH', 63, 'EG', 'Active', 0), 
(1023, 'Matruh', 'MAT', 63, 'EG', 'Active', 0), 
(1024, 'Qina', 'QIN', 63, 'EG', 'Active', 0), 
(1025, 'Shamal Sina', 'SHS', 63, 'EG', 'Active', 0), 
(1026, 'Suhaj', 'SUH', 63, 'EG', 'Active', 0), 
(1027, 'Ahuachapan', 'AH', 64, 'SV', 'Active', 0), 
(1028, 'Cabanas', 'CA', 64, 'SV', 'Active', 0), 
(1029, 'Chalatenango', 'CH', 64, 'SV', 'Active', 0), 
(1030, 'Cuscatlan', 'CU', 64, 'SV', 'Active', 0), 
(1031, 'La Libertad', 'LB', 64, 'SV', 'Active', 0), 
(1032, 'La Paz', 'PZ', 64, 'SV', 'Active', 0), 
(1033, 'La Union', 'UN', 64, 'SV', 'Active', 0), 
(1034, 'Morazan', 'MO', 64, 'SV', 'Active', 0), 
(1035, 'San Miguel', 'SM', 64, 'SV', 'Active', 0), 
(1036, 'San Salvador', 'SS', 64, 'SV', 'Active', 0);

INSERT INTO `mod_state` (`iStateId`, `vState`, `vStateCode`, `iCountryId`, `vCountryCode`, `eStatus`, `iSysRecDeleted`) VALUES 
(1037, 'San Vicente', 'SV', 64, 'SV', 'Active', 0), 
(1038, 'Santa Ana', 'SA', 64, 'SV', 'Active', 0), 
(1039, 'Sonsonate', 'SO', 64, 'SV', 'Active', 0), 
(1040, 'Usulutan', 'US', 64, 'SV', 'Active', 0), 
(1041, 'Provincia Annobon', 'AN', 65, 'GQ', 'Active', 0), 
(1042, 'Provincia Bioko Norte', 'BN', 65, 'GQ', 'Active', 0), 
(1043, 'Provincia Bioko Sur', 'BS', 65, 'GQ', 'Active', 0), 
(1044, 'Provincia Centro Sur', 'CS', 65, 'GQ', 'Active', 0), 
(1045, 'Provincia Kie-Ntem', 'KN', 65, 'GQ', 'Active', 0), 
(1046, 'Provincia Litoral', 'LI', 65, 'GQ', 'Active', 0), 
(1047, 'Provincia Wele-Nzas', 'WN', 65, 'GQ', 'Active', 0), 
(1048, 'Central (Maekel)', 'MA', 66, 'ER', 'Active', 0), 
(1049, 'Anseba (Keren)', 'KE', 66, 'ER', 'Active', 0), 
(1050, 'Southern Red Sea (Debub-Keih-Bah', 'DK', 66, 'ER', 'Active', 0), 
(1051, 'Northern Red Sea (Semien-Keih-Ba', 'SK', 66, 'ER', 'Active', 0), 
(1052, 'Southern (Debub)', 'DE', 66, 'ER', 'Active', 0), 
(1053, 'Gash-Barka (Barentu)', 'BR', 66, 'ER', 'Active', 0), 
(1054, 'Harjumaa (Tallinn)', 'HA', 67, 'EE', 'Active', 0), 
(1055, 'Hiiumaa (Kardla)', 'HI', 67, 'EE', 'Active', 0), 
(1056, 'Ida-Virumaa (Johvi)', 'IV', 67, 'EE', 'Active', 0), 
(1057, 'Jarvamaa (Paide)', 'JA', 67, 'EE', 'Active', 0), 
(1058, 'Jogevamaa (Jogeva)', 'JO', 67, 'EE', 'Active', 0), 
(1059, 'Laane-Virumaa (Rakvere)', 'LV', 67, 'EE', 'Active', 0), 
(1060, 'Laanemaa (Haapsalu)', 'LA', 67, 'EE', 'Active', 0), 
(1061, 'Parnumaa (Parnu)', 'PA', 67, 'EE', 'Active', 0), 
(1062, 'Polvamaa (Polva)', 'PO', 67, 'EE', 'Active', 0), 
(1063, 'Raplamaa (Rapla)', 'RA', 67, 'EE', 'Active', 0), 
(1064, 'Saaremaa (Kuessaare)', 'SA', 67, 'EE', 'Active', 0), 
(1065, 'Tartumaa (Tartu)', 'TA', 67, 'EE', 'Active', 0), 
(1066, 'Valgamaa (Valga)', 'VA', 67, 'EE', 'Active', 0), 
(1067, 'Viljandimaa (Viljandi)', 'VI', 67, 'EE', 'Active', 0), 
(1068, 'Vorumaa (Voru)', 'VO', 67, 'EE', 'Active', 0), 
(1069, 'Afar', 'AF', 68, 'ET', 'Active', 0), 
(1070, 'Amhara', 'AH', 68, 'ET', 'Active', 0), 
(1071, 'Benishangul-Gumaz', 'BG', 68, 'ET', 'Active', 0), 
(1072, 'Gambela', 'GB', 68, 'ET', 'Active', 0), 
(1073, 'Hariai', 'HR', 68, 'ET', 'Active', 0), 
(1074, 'Oromia', 'OR', 68, 'ET', 'Active', 0), 
(1075, 'Somali', 'SM', 68, 'ET', 'Active', 0), 
(1076, 'Southern Nations - Nationalities', 'SN', 68, 'ET', 'Active', 0), 
(1077, 'Tigray', 'TG', 68, 'ET', 'Active', 0), 
(1078, 'Addis Ababa', 'AA', 68, 'ET', 'Active', 0), 
(1079, 'Dire Dawa', 'DD', 68, 'ET', 'Active', 0), 
(1080, 'Central Division', 'C', 71, 'FJ', 'Active', 0), 
(1081, 'Northern Division', 'N', 71, 'FJ', 'Active', 0), 
(1082, 'Eastern Division', 'E', 71, 'FJ', 'Active', 0), 
(1083, 'Western Division', 'W', 71, 'FJ', 'Active', 0), 
(1084, 'Rotuma', 'R', 71, 'FJ', 'Active', 0), 
(1085, 'Ahvenanmaan Laani', 'AL', 72, 'FI', 'Active', 0), 
(1086, 'Etela-Suomen Laani', 'ES', 72, 'FI', 'Active', 0), 
(1087, 'Ita-Suomen Laani', 'IS', 72, 'FI', 'Active', 0), 
(1088, 'Lansi-Suomen Laani', 'LS', 72, 'FI', 'Active', 0), 
(1089, 'Lapin Lanani', 'LA', 72, 'FI', 'Active', 0), 
(1090, 'Oulun Laani', 'OU', 72, 'FI', 'Active', 0), 
(1091, 'Alsace', 'AL', 73, 'FR', 'Active', 0), 
(1092, 'Aquitaine', 'AQ', 73, 'FR', 'Active', 0), 
(1093, 'Auvergne', 'AU', 73, 'FR', 'Active', 0), 
(1094, 'Brittany', 'BR', 73, 'FR', 'Active', 0), 
(1095, 'Burgundy', 'BU', 73, 'FR', 'Active', 0), 
(1096, 'Center Loire Valley', 'CE', 73, 'FR', 'Active', 0), 
(1097, 'Champagne', 'CH', 73, 'FR', 'Active', 0), 
(1098, 'Corse', 'CO', 73, 'FR', 'Active', 0), 
(1099, 'France Comte', 'FR', 73, 'FR', 'Active', 0), 
(1100, 'Languedoc Roussillon', 'LA', 73, 'FR', 'Active', 0), 
(1101, 'Limousin', 'LI', 73, 'FR', 'Active', 0), 
(1102, 'Lorraine', 'LO', 73, 'FR', 'Active', 0), 
(1103, 'Midi Pyrenees', 'MI', 73, 'FR', 'Active', 0), 
(1104, 'Nord Pas de Calais', 'NO', 73, 'FR', 'Active', 0), 
(1105, 'Normandy', 'NR', 73, 'FR', 'Active', 0), 
(1106, 'Paris / Ill de France', 'PA', 73, 'FR', 'Active', 0), 
(1107, 'Picardie', 'PI', 73, 'FR', 'Active', 0), 
(1108, 'Poitou Charente', 'PO', 73, 'FR', 'Active', 0), 
(1109, 'Provence', 'PR', 73, 'FR', 'Active', 0), 
(1110, 'Rhone Alps', 'RH', 73, 'FR', 'Active', 0), 
(1111, 'Riviera', 'RI', 73, 'FR', 'Active', 0), 
(1112, 'Western Loire Valley', 'WE', 73, 'FR', 'Active', 0), 
(1113, 'Etranger', 'Et', 74, 'FX', 'Active', 0), 
(1114, 'Ain', '01', 74, 'FX', 'Active', 0), 
(1115, 'Aisne', '02', 74, 'FX', 'Active', 0), 
(1116, 'Allier', '03', 74, 'FX', 'Active', 0), 
(1117, 'Alpes de Haute Provence', '04', 74, 'FX', 'Active', 0), 
(1118, 'Hautes-Alpes', '05', 74, 'FX', 'Active', 0), 
(1119, 'Alpes Maritimes', '06', 74, 'FX', 'Active', 0), 
(1120, 'Ard&egrave;che', '07', 74, 'FX', 'Active', 0), 
(1121, 'Ardennes', '08', 74, 'FX', 'Active', 0), 
(1122, 'Ari&egrave;ge', '09', 74, 'FX', 'Active', 0), 
(1123, 'Aube', '10', 74, 'FX', 'Active', 0), 
(1124, 'Aude', '11', 74, 'FX', 'Active', 0), 
(1125, 'Aveyron', '12', 74, 'FX', 'Active', 0), 
(1126, 'Bouches du Rh&ocirc;ne', '13', 74, 'FX', 'Active', 0), 
(1127, 'Calvados', '14', 74, 'FX', 'Active', 0), 
(1128, 'Cantal', '15', 74, 'FX', 'Active', 0), 
(1129, 'Charente', '16', 74, 'FX', 'Active', 0), 
(1130, 'Charente Maritime', '17', 74, 'FX', 'Active', 0), 
(1131, 'Cher', '18', 74, 'FX', 'Active', 0), 
(1132, 'Corr&egrave;ze', '19', 74, 'FX', 'Active', 0), 
(1133, 'Corse du Sud', '2A', 74, 'FX', 'Active', 0), 
(1134, 'Haute Corse', '2B', 74, 'FX', 'Active', 0), 
(1135, 'C&ocirc;te d''or', '21', 74, 'FX', 'Active', 0), 
(1136, 'C&ocirc;tes d''Armor', '22', 74, 'FX', 'Active', 0), 
(1137, 'Creuse', '23', 74, 'FX', 'Active', 0), 
(1138, 'Dordogne', '24', 74, 'FX', 'Active', 0), 
(1139, 'Doubs', '25', 74, 'FX', 'Active', 0), 
(1140, 'Dr&ocirc;me', '26', 74, 'FX', 'Active', 0), 
(1141, 'Eure', '27', 74, 'FX', 'Active', 0), 
(1142, 'Eure et Loir', '28', 74, 'FX', 'Active', 0), 
(1143, 'Finist&egrave;re', '29', 74, 'FX', 'Active', 0), 
(1144, 'Gard', '30', 74, 'FX', 'Active', 0), 
(1145, 'Haute Garonne', '31', 74, 'FX', 'Active', 0), 
(1146, 'Gers', '32', 74, 'FX', 'Active', 0), 
(1147, 'Gironde', '33', 74, 'FX', 'Active', 0), 
(1148, 'H&eacute;rault', '34', 74, 'FX', 'Active', 0), 
(1149, 'Ille et Vilaine', '35', 74, 'FX', 'Active', 0), 
(1150, 'Indre', '36', 74, 'FX', 'Active', 0), 
(1151, 'Indre et Loire', '37', 74, 'FX', 'Active', 0), 
(1152, 'Is&eacute;re', '38', 74, 'FX', 'Active', 0), 
(1153, 'Jura', '39', 74, 'FX', 'Active', 0), 
(1154, 'Landes', '40', 74, 'FX', 'Active', 0), 
(1155, 'Loir et Cher', '41', 74, 'FX', 'Active', 0), 
(1156, 'Loire', '42', 74, 'FX', 'Active', 0), 
(1157, 'Haute Loire', '43', 74, 'FX', 'Active', 0), 
(1158, 'Loire Atlantique', '44', 74, 'FX', 'Active', 0), 
(1159, 'Loiret', '45', 74, 'FX', 'Active', 0), 
(1160, 'Lot', '46', 74, 'FX', 'Active', 0), 
(1161, 'Lot et Garonne', '47', 74, 'FX', 'Active', 0), 
(1162, 'Loz&egrave;re', '48', 74, 'FX', 'Active', 0), 
(1163, 'Maine et Loire', '49', 74, 'FX', 'Active', 0), 
(1164, 'Manche', '50', 74, 'FX', 'Active', 0), 
(1165, 'Marne', '51', 74, 'FX', 'Active', 0), 
(1166, 'Haute Marne', '52', 74, 'FX', 'Active', 0), 
(1167, 'Mayenne', '53', 74, 'FX', 'Active', 0), 
(1168, 'Meurthe et Moselle', '54', 74, 'FX', 'Active', 0), 
(1169, 'Meuse', '55', 74, 'FX', 'Active', 0), 
(1170, 'Morbihan', '56', 74, 'FX', 'Active', 0), 
(1171, 'Moselle', '57', 74, 'FX', 'Active', 0), 
(1172, 'Ni&egrave;vre', '58', 74, 'FX', 'Active', 0), 
(1173, 'Nord', '59', 74, 'FX', 'Active', 0), 
(1174, 'Oise', '60', 74, 'FX', 'Active', 0), 
(1175, 'Orne', '61', 74, 'FX', 'Active', 0), 
(1176, 'Pas de Calais', '62', 74, 'FX', 'Active', 0), 
(1177, 'Puy de D&ocirc;me', '63', 74, 'FX', 'Active', 0), 
(1178, 'Pyr&eacute;n&eacute;es Atlantiqu', '64', 74, 'FX', 'Active', 0), 
(1179, 'Hautes Pyr&eacute;n&eacute;es', '65', 74, 'FX', 'Active', 0), 
(1180, 'Pyr&eacute;n&eacute;es Orientale', '66', 74, 'FX', 'Active', 0), 
(1181, 'Bas Rhin', '67', 74, 'FX', 'Active', 0), 
(1182, 'Haut Rhin', '68', 74, 'FX', 'Active', 0), 
(1183, 'Rh&ocirc;ne', '69', 74, 'FX', 'Active', 0), 
(1184, 'Haute Sa&ocirc;ne', '70', 74, 'FX', 'Active', 0), 
(1185, 'Sa&ocirc;ne et Loire', '71', 74, 'FX', 'Active', 0), 
(1186, 'Sarthe', '72', 74, 'FX', 'Active', 0), 
(1187, 'Savoie', '73', 74, 'FX', 'Active', 0), 
(1188, 'Haute Savoie', '74', 74, 'FX', 'Active', 0), 
(1189, 'Paris', '75', 74, 'FX', 'Active', 0), 
(1190, 'Seine Maritime', '76', 74, 'FX', 'Active', 0), 
(1191, 'Seine et Marne', '77', 74, 'FX', 'Active', 0), 
(1192, 'Yvelines', '78', 74, 'FX', 'Active', 0), 
(1193, 'Deux S&egrave;vres', '79', 74, 'FX', 'Active', 0), 
(1194, 'Somme', '80', 74, 'FX', 'Active', 0), 
(1195, 'Tarn', '81', 74, 'FX', 'Active', 0), 
(1196, 'Tarn et Garonne', '82', 74, 'FX', 'Active', 0), 
(1197, 'Var', '83', 74, 'FX', 'Active', 0), 
(1198, 'Vaucluse', '84', 74, 'FX', 'Active', 0), 
(1199, 'Vend&eacute;e', '85', 74, 'FX', 'Active', 0), 
(1200, 'Vienne', '86', 74, 'FX', 'Active', 0), 
(1201, 'Haute Vienne', '87', 74, 'FX', 'Active', 0), 
(1202, 'Vosges', '88', 74, 'FX', 'Active', 0), 
(1203, 'Yonne', '89', 74, 'FX', 'Active', 0), 
(1204, 'Territoire de Belfort', '90', 74, 'FX', 'Active', 0), 
(1205, 'Essonne', '91', 74, 'FX', 'Active', 0), 
(1206, 'Hauts de Seine', '92', 74, 'FX', 'Active', 0), 
(1207, 'Seine St-Denis', '93', 74, 'FX', 'Active', 0), 
(1208, 'Val de Marne', '94', 74, 'FX', 'Active', 0), 
(1209, 'Val d''Oise', '95', 74, 'FX', 'Active', 0), 
(1210, 'Archipel des Marquises', 'M', 76, 'PF', 'Active', 0), 
(1211, 'Archipel des Tuamotu', 'T', 76, 'PF', 'Active', 0), 
(1212, 'Archipel des Tubuai', 'I', 76, 'PF', 'Active', 0), 
(1213, 'Iles du Vent', 'V', 76, 'PF', 'Active', 0), 
(1214, 'Iles Sous-le-Vent', 'S', 76, 'PF', 'Active', 0), 
(1215, 'Iles Crozet', 'C', 77, 'TF', 'Active', 0), 
(1216, 'Iles Kerguelen', 'K', 77, 'TF', 'Active', 0), 
(1217, 'Ile Amsterdam', 'A', 77, 'TF', 'Active', 0), 
(1218, 'Ile Saint-Paul', 'P', 77, 'TF', 'Active', 0), 
(1219, 'Adelie Land', 'D', 77, 'TF', 'Active', 0), 
(1220, 'Estuaire', 'ES', 78, 'GA', 'Active', 0), 
(1221, 'Haut-Ogooue', 'HO', 78, 'GA', 'Active', 0), 
(1222, 'Moyen-Ogooue', 'MO', 78, 'GA', 'Active', 0), 
(1223, 'Ngounie', 'NG', 78, 'GA', 'Active', 0), 
(1224, 'Nyanga', 'NY', 78, 'GA', 'Active', 0), 
(1225, 'Ogooue-Ivindo', 'OI', 78, 'GA', 'Active', 0), 
(1226, 'Ogooue-Lolo', 'OL', 78, 'GA', 'Active', 0), 
(1227, 'Ogooue-Maritime', 'OM', 78, 'GA', 'Active', 0), 
(1228, 'Woleu-Ntem', 'WN', 78, 'GA', 'Active', 0), 
(1229, 'Banjul', 'BJ', 79, 'GM', 'Active', 0), 
(1230, 'Basse', 'BS', 79, 'GM', 'Active', 0), 
(1231, 'Brikama', 'BR', 79, 'GM', 'Active', 0), 
(1232, 'Janjangbure', 'JA', 79, 'GM', 'Active', 0), 
(1233, 'Kanifeng', 'KA', 79, 'GM', 'Active', 0), 
(1234, 'Kerewan', 'KE', 79, 'GM', 'Active', 0), 
(1235, 'Kuntaur', 'KU', 79, 'GM', 'Active', 0), 
(1236, 'Mansakonko', 'MA', 79, 'GM', 'Active', 0), 
(1237, 'Lower River', 'LR', 79, 'GM', 'Active', 0), 
(1238, 'Central River', 'CR', 79, 'GM', 'Active', 0), 
(1239, 'North Bank', 'NB', 79, 'GM', 'Active', 0), 
(1240, 'Upper River', 'UR', 79, 'GM', 'Active', 0), 
(1241, 'Western', 'WE', 79, 'GM', 'Active', 0), 
(1242, 'Abkhazia', 'AB', 80, 'GE', 'Active', 0), 
(1243, 'Ajaria', 'AJ', 80, 'GE', 'Active', 0), 
(1244, 'Tbilisi', 'TB', 80, 'GE', 'Active', 0), 
(1245, 'Guria', 'GU', 80, 'GE', 'Active', 0), 
(1246, 'Imereti', 'IM', 80, 'GE', 'Active', 0), 
(1247, 'Kakheti', 'KA', 80, 'GE', 'Active', 0), 
(1248, 'Kvemo Kartli', 'KK', 80, 'GE', 'Active', 0), 
(1249, 'Mtskheta-Mtianeti', 'MM', 80, 'GE', 'Active', 0), 
(1250, 'Racha Lechkhumi and Kvemo Svanet', 'RL', 80, 'GE', 'Active', 0), 
(1251, 'Samegrelo-Zemo Svaneti', 'SZ', 80, 'GE', 'Active', 0), 
(1252, 'Samtskhe-Javakheti', 'SJ', 80, 'GE', 'Active', 0), 
(1253, 'Shida Kartli', 'SK', 80, 'GE', 'Active', 0), 
(1270, 'Ashanti Region', 'AS', 82, 'GH', 'Active', 0), 
(1271, 'Brong-Ahafo Region', 'BA', 82, 'GH', 'Active', 0), 
(1272, 'Central Region', 'CE', 82, 'GH', 'Active', 0), 
(1273, 'Eastern Region', 'EA', 82, 'GH', 'Active', 0), 
(1274, 'Greater Accra Region', 'GA', 82, 'GH', 'Active', 0), 
(1275, 'Northern Region', 'NO', 82, 'GH', 'Active', 0), 
(1276, 'Upper East Region', 'UE', 82, 'GH', 'Active', 0), 
(1277, 'Upper West Region', 'UW', 82, 'GH', 'Active', 0), 
(1278, 'Volta Region', 'VO', 82, 'GH', 'Active', 0), 
(1279, 'Western Region', 'WE', 82, 'GH', 'Active', 0), 
(1280, 'Attica', 'AT', 84, 'GR', 'Active', 0), 
(1281, 'Central Greece', 'CN', 84, 'GR', 'Active', 0), 
(1282, 'Central Macedonia', 'CM', 84, 'GR', 'Active', 0), 
(1283, 'Crete', 'CR', 84, 'GR', 'Active', 0), 
(1284, 'East Macedonia and Thrace', 'EM', 84, 'GR', 'Active', 0), 
(1285, 'Epirus', 'EP', 84, 'GR', 'Active', 0), 
(1286, 'Ionian Islands', 'II', 84, 'GR', 'Active', 0), 
(1287, 'North Aegean', 'NA', 84, 'GR', 'Active', 0), 
(1288, 'Peloponnesos', 'PP', 84, 'GR', 'Active', 0), 
(1289, 'South Aegean', 'SA', 84, 'GR', 'Active', 0), 
(1290, 'Thessaly', 'TH', 84, 'GR', 'Active', 0), 
(1291, 'West Greece', 'WG', 84, 'GR', 'Active', 0), 
(1292, 'West Macedonia', 'WM', 84, 'GR', 'Active', 0), 
(1293, 'Avannaa', 'A', 85, 'GL', 'Active', 0), 
(1294, 'Tunu', 'T', 85, 'GL', 'Active', 0), 
(1295, 'Kitaa', 'K', 85, 'GL', 'Active', 0), 
(1296, 'Saint Andrew', 'A', 86, 'GD', 'Active', 0), 
(1297, 'Saint David', 'D', 86, 'GD', 'Active', 0), 
(1298, 'Saint George', 'G', 86, 'GD', 'Active', 0), 
(1299, 'Saint John', 'J', 86, 'GD', 'Active', 0), 
(1300, 'Saint Mark', 'M', 86, 'GD', 'Active', 0), 
(1301, 'Saint Patrick', 'P', 86, 'GD', 'Active', 0), 
(1302, 'Carriacou', 'C', 86, 'GD', 'Active', 0), 
(1303, 'Petit Martinique', 'Q', 86, 'GD', 'Active', 0), 
(1304, 'Alta Verapaz', 'AV', 89, 'GT', 'Active', 0), 
(1305, 'Baja Verapaz', 'BV', 89, 'GT', 'Active', 0), 
(1306, 'Chimaltenango', 'CM', 89, 'GT', 'Active', 0), 
(1307, 'Chiquimula', 'CQ', 89, 'GT', 'Active', 0), 
(1308, 'El Peten', 'PE', 89, 'GT', 'Active', 0), 
(1309, 'El Progreso', 'PR', 89, 'GT', 'Active', 0), 
(1310, 'El Quiche', 'QC', 89, 'GT', 'Active', 0), 
(1311, 'Escuintla', 'ES', 89, 'GT', 'Active', 0), 
(1312, 'Guatemala', 'GU', 89, 'GT', 'Active', 0), 
(1313, 'Huehuetenango', 'HU', 89, 'GT', 'Active', 0), 
(1314, 'Izabal', 'IZ', 89, 'GT', 'Active', 0), 
(1315, 'Jalapa', 'JA', 89, 'GT', 'Active', 0), 
(1316, 'Jutiapa', 'JU', 89, 'GT', 'Active', 0), 
(1317, 'Quetzaltenango', 'QZ', 89, 'GT', 'Active', 0), 
(1318, 'Retalhuleu', 'RE', 89, 'GT', 'Active', 0), 
(1319, 'Sacatepequez', 'ST', 89, 'GT', 'Active', 0), 
(1320, 'San Marcos', 'SM', 89, 'GT', 'Active', 0), 
(1321, 'Santa Rosa', 'SR', 89, 'GT', 'Active', 0), 
(1322, 'Solola', 'SO', 89, 'GT', 'Active', 0), 
(1323, 'Suchitepequez', 'SU', 89, 'GT', 'Active', 0), 
(1324, 'Totonicapan', 'TO', 89, 'GT', 'Active', 0), 
(1325, 'Zacapa', 'ZA', 89, 'GT', 'Active', 0), 
(1326, 'Conakry', 'CNK', 90, 'GN', 'Active', 0), 
(1327, 'Beyla', 'BYL', 90, 'GN', 'Active', 0), 
(1328, 'Boffa', 'BFA', 90, 'GN', 'Active', 0), 
(1329, 'Boke', 'BOK', 90, 'GN', 'Active', 0), 
(1330, 'Coyah', 'COY', 90, 'GN', 'Active', 0), 
(1331, 'Dabola', 'DBL', 90, 'GN', 'Active', 0), 
(1332, 'Dalaba', 'DLB', 90, 'GN', 'Active', 0), 
(1333, 'Dinguiraye', 'DGR', 90, 'GN', 'Active', 0), 
(1334, 'Dubreka', 'DBR', 90, 'GN', 'Active', 0), 
(1335, 'Faranah', 'FRN', 90, 'GN', 'Active', 0), 
(1336, 'Forecariah', 'FRC', 90, 'GN', 'Active', 0), 
(1337, 'Fria', 'FRI', 90, 'GN', 'Active', 0), 
(1338, 'Gaoual', 'GAO', 90, 'GN', 'Active', 0), 
(1339, 'Gueckedou', 'GCD', 90, 'GN', 'Active', 0), 
(1340, 'Kankan', 'KNK', 90, 'GN', 'Active', 0), 
(1341, 'Kerouane', 'KRN', 90, 'GN', 'Active', 0), 
(1342, 'Kindia', 'KND', 90, 'GN', 'Active', 0), 
(1343, 'Kissidougou', 'KSD', 90, 'GN', 'Active', 0), 
(1344, 'Koubia', 'KBA', 90, 'GN', 'Active', 0), 
(1345, 'Koundara', 'KDA', 90, 'GN', 'Active', 0), 
(1346, 'Kouroussa', 'KRA', 90, 'GN', 'Active', 0), 
(1347, 'Labe', 'LAB', 90, 'GN', 'Active', 0), 
(1348, 'Lelouma', 'LLM', 90, 'GN', 'Active', 0), 
(1349, 'Lola', 'LOL', 90, 'GN', 'Active', 0), 
(1350, 'Macenta', 'MCT', 90, 'GN', 'Active', 0), 
(1351, 'Mali', 'MAL', 90, 'GN', 'Active', 0), 
(1352, 'Mamou', 'MAM', 90, 'GN', 'Active', 0), 
(1353, 'Mandiana', 'MAN', 90, 'GN', 'Active', 0), 
(1354, 'Nzerekore', 'NZR', 90, 'GN', 'Active', 0), 
(1355, 'Pita', 'PIT', 90, 'GN', 'Active', 0), 
(1356, 'Siguiri', 'SIG', 90, 'GN', 'Active', 0), 
(1357, 'Telimele', 'TLM', 90, 'GN', 'Active', 0), 
(1358, 'Tougue', 'TOG', 90, 'GN', 'Active', 0), 
(1359, 'Yomou', 'YOM', 90, 'GN', 'Active', 0), 
(1360, 'Bafata Region', 'BF', 91, 'GW', 'Active', 0), 
(1361, 'Biombo Region', 'BB', 91, 'GW', 'Active', 0), 
(1362, 'Bissau Region', 'BS', 91, 'GW', 'Active', 0), 
(1363, 'Bolama Region', 'BL', 91, 'GW', 'Active', 0), 
(1364, 'Cacheu Region', 'CA', 91, 'GW', 'Active', 0), 
(1365, 'Gabu Region', 'GA', 91, 'GW', 'Active', 0), 
(1366, 'Oio Region', 'OI', 91, 'GW', 'Active', 0), 
(1367, 'Quinara Region', 'QU', 91, 'GW', 'Active', 0), 
(1368, 'Tombali Region', 'TO', 91, 'GW', 'Active', 0), 
(1369, 'Barima-Waini', 'BW', 92, 'GY', 'Active', 0), 
(1370, 'Cuyuni-Mazaruni', 'CM', 92, 'GY', 'Active', 0), 
(1371, 'Demerara-Mahaica', 'DM', 92, 'GY', 'Active', 0), 
(1372, 'East Berbice-Corentyne', 'EC', 92, 'GY', 'Active', 0), 
(1373, 'Essequibo Islands-West Demerara', 'EW', 92, 'GY', 'Active', 0), 
(1374, 'Mahaica-Berbice', 'MB', 92, 'GY', 'Active', 0), 
(1375, 'Pomeroon-Supenaam', 'PM', 92, 'GY', 'Active', 0), 
(1376, 'Potaro-Siparuni', 'PI', 92, 'GY', 'Active', 0), 
(1377, 'Upper Demerara-Berbice', 'UD', 92, 'GY', 'Active', 0), 
(1378, 'Upper Takutu-Upper Essequibo', 'UT', 92, 'GY', 'Active', 0), 
(1379, 'Artibonite', 'AR', 93, 'HT', 'Active', 0), 
(1380, 'Centre', 'CE', 93, 'HT', 'Active', 0), 
(1381, 'Grand''Anse', 'GA', 93, 'HT', 'Active', 0), 
(1382, 'Nord', 'ND', 93, 'HT', 'Active', 0), 
(1383, 'Nord-Est', 'NE', 93, 'HT', 'Active', 0), 
(1384, 'Nord-Ouest', 'NO', 93, 'HT', 'Active', 0), 
(1385, 'Ouest', 'OU', 93, 'HT', 'Active', 0), 
(1386, 'Sud', 'SD', 93, 'HT', 'Active', 0), 
(1387, 'Sud-Est', 'SE', 93, 'HT', 'Active', 0), 
(1388, 'Flat Island', 'F', 94, 'HM', 'Active', 0), 
(1389, 'McDonald Island', 'M', 94, 'HM', 'Active', 0), 
(1390, 'Shag Island', 'S', 94, 'HM', 'Active', 0), 
(1391, 'Heard Island', 'H', 94, 'HM', 'Active', 0), 
(1392, 'Atlantida', 'AT', 95, 'HN', 'Active', 0), 
(1393, 'Choluteca', 'CH', 95, 'HN', 'Active', 0), 
(1394, 'Colon', 'CL', 95, 'HN', 'Active', 0), 
(1395, 'Comayagua', 'CM', 95, 'HN', 'Active', 0), 
(1396, 'Copan', 'CP', 95, 'HN', 'Active', 0), 
(1397, 'Cortes', 'CR', 95, 'HN', 'Active', 0), 
(1398, 'El Paraiso', 'PA', 95, 'HN', 'Active', 0), 
(1399, 'Francisco Morazan', 'FM', 95, 'HN', 'Active', 0), 
(1400, 'Gracias a Dios', 'GD', 95, 'HN', 'Active', 0), 
(1401, 'Intibuca', 'IN', 95, 'HN', 'Active', 0), 
(1402, 'Islas de la Bahia (Bay Islands)', 'IB', 95, 'HN', 'Active', 0), 
(1403, 'La Paz', 'PZ', 95, 'HN', 'Active', 0), 
(1404, 'Lempira', 'LE', 95, 'HN', 'Active', 0), 
(1405, 'Ocotepeque', 'OC', 95, 'HN', 'Active', 0), 
(1406, 'Olancho', 'OL', 95, 'HN', 'Active', 0), 
(1407, 'Santa Barbara', 'SB', 95, 'HN', 'Active', 0), 
(1408, 'Valle', 'VA', 95, 'HN', 'Active', 0), 
(1409, 'Yoro', 'YO', 95, 'HN', 'Active', 0), 
(1410, 'Central and Western Hong Kong Is', 'HCW', 96, 'HK', 'Active', 0), 
(1411, 'Eastern Hong Kong Island', 'HEA', 96, 'HK', 'Active', 0), 
(1412, 'Southern Hong Kong Island', 'HSO', 96, 'HK', 'Active', 0), 
(1413, 'Wan Chai Hong Kong Island', 'HWC', 96, 'HK', 'Active', 0), 
(1414, 'Kowloon City Kowloon', 'KKC', 96, 'HK', 'Active', 0), 
(1415, 'Kwun Tong Kowloon', 'KKT', 96, 'HK', 'Active', 0), 
(1416, 'Sham Shui Po Kowloon', 'KSS', 96, 'HK', 'Active', 0), 
(1417, 'Wong Tai Sin Kowloon', 'KWT', 96, 'HK', 'Active', 0), 
(1418, 'Yau Tsim Mong Kowloon', 'KYT', 96, 'HK', 'Active', 0), 
(1419, 'Islands New Territories', 'NIS', 96, 'HK', 'Active', 0), 
(1420, 'Kwai Tsing New Territories', 'NKT', 96, 'HK', 'Active', 0), 
(1421, 'North New Territories', 'NNO', 96, 'HK', 'Active', 0), 
(1422, 'Sai Kung New Territories', 'NSK', 96, 'HK', 'Active', 0), 
(1423, 'Sha Tin New Territories', 'NST', 96, 'HK', 'Active', 0), 
(1424, 'Tai Po New Territories', 'NTP', 96, 'HK', 'Active', 0), 
(1425, 'Tsuen Wan New Territories', 'NTW', 96, 'HK', 'Active', 0), 
(1426, 'Tuen Mun New Territories', 'NTM', 96, 'HK', 'Active', 0), 
(1427, 'Yuen Long New Territories', 'NYL', 96, 'HK', 'Active', 0), 
(1428, 'Bacs-Kiskun', 'BK', 97, 'HU', 'Active', 0), 
(1429, 'Baranya', 'BA', 97, 'HU', 'Active', 0), 
(1430, 'Bekes', 'BE', 97, 'HU', 'Active', 0), 
(1431, 'Bekescsaba', 'BS', 97, 'HU', 'Active', 0), 
(1432, 'Borsod-Abauj-Zemplen', 'BZ', 97, 'HU', 'Active', 0), 
(1433, 'Budapest', 'BU', 97, 'HU', 'Active', 0), 
(1434, 'Csongrad', 'CS', 97, 'HU', 'Active', 0), 
(1435, 'Debrecen', 'DE', 97, 'HU', 'Active', 0), 
(1436, 'Dunaujvaros', 'DU', 97, 'HU', 'Active', 0), 
(1437, 'Eger', 'EG', 97, 'HU', 'Active', 0), 
(1438, 'Fejer', 'FE', 97, 'HU', 'Active', 0), 
(1439, 'Gyor', 'GY', 97, 'HU', 'Active', 0), 
(1440, 'Gyor-Moson-Sopron', 'GM', 97, 'HU', 'Active', 0), 
(1441, 'Hajdu-Bihar', 'HB', 97, 'HU', 'Active', 0), 
(1442, 'Heves', 'HE', 97, 'HU', 'Active', 0), 
(1443, 'Hodmezovasarhely', 'HO', 97, 'HU', 'Active', 0), 
(1444, 'Jasz-Nagykun-Szolnok', 'JN', 97, 'HU', 'Active', 0), 
(1445, 'Kaposvar', 'KA', 97, 'HU', 'Active', 0), 
(1446, 'Kecskemet', 'KE', 97, 'HU', 'Active', 0), 
(1447, 'Komarom-Esztergom', 'KO', 97, 'HU', 'Active', 0), 
(1448, 'Miskolc', 'MI', 97, 'HU', 'Active', 0), 
(1449, 'Nagykanizsa', 'NA', 97, 'HU', 'Active', 0), 
(1450, 'Nograd', 'NO', 97, 'HU', 'Active', 0), 
(1451, 'Nyiregyhaza', 'NY', 97, 'HU', 'Active', 0), 
(1452, 'Pecs', 'PE', 97, 'HU', 'Active', 0), 
(1453, 'Pest', 'PS', 97, 'HU', 'Active', 0), 
(1454, 'Somogy', 'SO', 97, 'HU', 'Active', 0), 
(1455, 'Sopron', 'SP', 97, 'HU', 'Active', 0), 
(1456, 'Szabolcs-Szatmar-Bereg', 'SS', 97, 'HU', 'Active', 0), 
(1457, 'Szeged', 'SZ', 97, 'HU', 'Active', 0), 
(1458, 'Szekesfehervar', 'SE', 97, 'HU', 'Active', 0), 
(1459, 'Szolnok', 'SL', 97, 'HU', 'Active', 0), 
(1460, 'Szombathely', 'SM', 97, 'HU', 'Active', 0), 
(1461, 'Tatabanya', 'TA', 97, 'HU', 'Active', 0), 
(1462, 'Tolna', 'TO', 97, 'HU', 'Active', 0), 
(1463, 'Vas', 'VA', 97, 'HU', 'Active', 0), 
(1464, 'Veszprem', 'VE', 97, 'HU', 'Active', 0), 
(1465, 'Zala', 'ZA', 97, 'HU', 'Active', 0), 
(1466, 'Zalaegerszeg', 'ZZ', 97, 'HU', 'Active', 0), 
(1467, 'Austurland', 'AL', 98, 'IS', 'Active', 0), 
(1468, 'Hofuoborgarsvaeoi', 'HF', 98, 'IS', 'Active', 0), 
(1469, 'Norourland eystra', 'NE', 98, 'IS', 'Active', 0), 
(1470, 'Norourland vestra', 'NV', 98, 'IS', 'Active', 0), 
(1471, 'Suourland', 'SL', 98, 'IS', 'Active', 0), 
(1472, 'Suournes', 'SN', 98, 'IS', 'Active', 0), 
(1473, 'Vestfiroir', 'VF', 98, 'IS', 'Active', 0), 
(1474, 'Vesturland', 'VL', 98, 'IS', 'Active', 0), 
(1475, 'Andaman and Nicobar Islands', 'AN', 99, 'IN', 'Active', 0), 
(1476, 'Andhra Pradesh', 'AP', 99, 'IN', 'Active', 0), 
(1477, 'Arunachal Pradesh', 'AR', 99, 'IN', 'Active', 0), 
(1478, 'Assam', 'AS', 99, 'IN', 'Active', 0), 
(1479, 'Bihar', 'BI', 99, 'IN', 'Active', 0), 
(1480, 'Chandigarh', 'CH', 99, 'IN', 'Active', 0), 
(1481, 'Dadra and Nagar Haveli', 'DA', 99, 'IN', 'Active', 0), 
(1482, 'Daman and Diu', 'DM', 99, 'IN', 'Active', 0), 
(1483, 'Delhi', 'DE', 99, 'IN', 'Active', 0), 
(1484, 'Goa', 'GO', 99, 'IN', 'Active', 0), 
(1485, 'Gujarat', 'GU', 99, 'IN', 'Active', 0), 
(1486, 'Haryana', 'HA', 99, 'IN', 'Active', 0), 
(1487, 'Himachal Pradesh', 'HP', 99, 'IN', 'Active', 0), 
(1488, 'Jammu and Kashmir', 'JA', 99, 'IN', 'Active', 0), 
(1489, 'Karnataka', 'KA', 99, 'IN', 'Active', 0), 
(1490, 'Kerala', 'KE', 99, 'IN', 'Active', 0), 
(1491, 'Lakshadweep Islands', 'LI', 99, 'IN', 'Active', 0), 
(1492, 'Madhya Pradesh', 'MP', 99, 'IN', 'Active', 0), 
(1493, 'Maharashtra', 'MA', 99, 'IN', 'Active', 0), 
(1494, 'Manipur', 'MN', 99, 'IN', 'Active', 0), 
(1495, 'Meghalaya', 'ME', 99, 'IN', 'Active', 0), 
(1496, 'Mizoram', 'MI', 99, 'IN', 'Active', 0), 
(1497, 'Nagaland', 'NA', 99, 'IN', 'Active', 0), 
(1498, 'Orissa', 'OR', 99, 'IN', 'Active', 0), 
(1499, 'Pondicherry', 'PO', 99, 'IN', 'Active', 0), 
(1500, 'Punjab', 'PU', 99, 'IN', 'Active', 0), 
(1501, 'Rajasthan', 'RA', 99, 'IN', 'Active', 0), 
(1502, 'Sikkim', 'SI', 99, 'IN', 'Active', 0), 
(1503, 'Tamil Nadu', 'TN', 99, 'IN', 'Active', 0), 
(1504, 'Tripura', 'TR', 99, 'IN', 'Active', 0), 
(1505, 'Uttar Pradesh', 'UP', 99, 'IN', 'Active', 0), 
(1506, 'West Bengal', 'WB', 99, 'IN', 'Active', 0), 
(1507, 'Aceh', 'AC', 100, 'ID', 'Active', 0), 
(1508, 'Bali', 'BA', 100, 'ID', 'Active', 0), 
(1509, 'Banten', 'BT', 100, 'ID', 'Active', 0), 
(1510, 'Bengkulu', 'BE', 100, 'ID', 'Active', 0), 
(1511, 'BoDeTaBek', 'BD', 100, 'ID', 'Active', 0), 
(1512, 'Gorontalo', 'GO', 100, 'ID', 'Active', 0), 
(1513, 'Jakarta Raya', 'JK', 100, 'ID', 'Active', 0), 
(1514, 'Jambi', 'JA', 100, 'ID', 'Active', 0), 
(1515, 'Jawa Barat', 'JB', 100, 'ID', 'Active', 0), 
(1516, 'Jawa Tengah', 'JT', 100, 'ID', 'Active', 0), 
(1517, 'Jawa Timur', 'JI', 100, 'ID', 'Active', 0), 
(1518, 'Kalimantan Barat', 'KB', 100, 'ID', 'Active', 0), 
(1519, 'Kalimantan Selatan', 'KS', 100, 'ID', 'Active', 0), 
(1520, 'Kalimantan Tengah', 'KT', 100, 'ID', 'Active', 0), 
(1521, 'Kalimantan Timur', 'KI', 100, 'ID', 'Active', 0), 
(1522, 'Kepulauan Bangka Belitung', 'BB', 100, 'ID', 'Active', 0), 
(1523, 'Lampung', 'LA', 100, 'ID', 'Active', 0), 
(1524, 'Maluku', 'MA', 100, 'ID', 'Active', 0), 
(1525, 'Maluku Utara', 'MU', 100, 'ID', 'Active', 0), 
(1526, 'Nusa Tenggara Barat', 'NB', 100, 'ID', 'Active', 0), 
(1527, 'Nusa Tenggara Timur', 'NT', 100, 'ID', 'Active', 0), 
(1528, 'Papua', 'PA', 100, 'ID', 'Active', 0), 
(1529, 'Riau', 'RI', 100, 'ID', 'Active', 0), 
(1530, 'Sulawesi Selatan', 'SN', 100, 'ID', 'Active', 0), 
(1531, 'Sulawesi Tengah', 'ST', 100, 'ID', 'Active', 0), 
(1532, 'Sulawesi Tenggara', 'SG', 100, 'ID', 'Active', 0), 
(1533, 'Sulawesi Utara', 'SA', 100, 'ID', 'Active', 0), 
(1534, 'Sumatera Barat', 'SB', 100, 'ID', 'Active', 0), 
(1535, 'Sumatera Selatan', 'SS', 100, 'ID', 'Active', 0), 
(1536, 'Sumatera Utara', 'SU', 100, 'ID', 'Active', 0), 
(1537, 'Yogyakarta', 'YO', 100, 'ID', 'Active', 0), 
(1538, 'Tehran', 'TEH', 101, 'IR', 'Active', 0), 
(1539, 'Qom', 'QOM', 101, 'IR', 'Active', 0), 
(1540, 'Markazi', 'MKZ', 101, 'IR', 'Active', 0), 
(1541, 'Qazvin', 'QAZ', 101, 'IR', 'Active', 0), 
(1542, 'Gilan', 'GIL', 101, 'IR', 'Active', 0), 
(1543, 'Ardabil', 'ARD', 101, 'IR', 'Active', 0), 
(1544, 'Zanjan', 'ZAN', 101, 'IR', 'Active', 0), 
(1545, 'East Azarbaijan', 'EAZ', 101, 'IR', 'Active', 0), 
(1546, 'West Azarbaijan', 'WEZ', 101, 'IR', 'Active', 0), 
(1547, 'Kurdistan', 'KRD', 101, 'IR', 'Active', 0), 
(1548, 'Hamadan', 'HMD', 101, 'IR', 'Active', 0), 
(1549, 'Kermanshah', 'KRM', 101, 'IR', 'Active', 0), 
(1550, 'Ilam', 'ILM', 101, 'IR', 'Active', 0), 
(1551, 'Lorestan', 'LRS', 101, 'IR', 'Active', 0), 
(1552, 'Khuzestan', 'KZT', 101, 'IR', 'Active', 0);

INSERT INTO `mod_state` (`iStateId`, `vState`, `vStateCode`, `iCountryId`, `vCountryCode`, `eStatus`, `iSysRecDeleted`) VALUES 
(1553, 'Chahar Mahaal and Bakhtiari', 'CMB', 101, 'IR', 'Active', 0), 
(1554, 'Kohkiluyeh and Buyer Ahmad', 'KBA', 101, 'IR', 'Active', 0), 
(1555, 'Bushehr', 'BSH', 101, 'IR', 'Active', 0), 
(1556, 'Fars', 'FAR', 101, 'IR', 'Active', 0), 
(1557, 'Hormozgan', 'HRM', 101, 'IR', 'Active', 0), 
(1558, 'Sistan and Baluchistan', 'SBL', 101, 'IR', 'Active', 0), 
(1559, 'Kerman', 'KRB', 101, 'IR', 'Active', 0), 
(1560, 'Yazd', 'YZD', 101, 'IR', 'Active', 0), 
(1561, 'Esfahan', 'EFH', 101, 'IR', 'Active', 0), 
(1562, 'Semnan', 'SMN', 101, 'IR', 'Active', 0), 
(1563, 'Mazandaran', 'MZD', 101, 'IR', 'Active', 0), 
(1564, 'Golestan', 'GLS', 101, 'IR', 'Active', 0), 
(1565, 'North Khorasan', 'NKH', 101, 'IR', 'Active', 0), 
(1566, 'Razavi Khorasan', 'RKH', 101, 'IR', 'Active', 0), 
(1567, 'South Khorasan', 'SKH', 101, 'IR', 'Active', 0), 
(1568, 'Baghdad', 'BD', 102, 'IQ', 'Active', 0), 
(1569, 'Salah ad Din', 'SD', 102, 'IQ', 'Active', 0), 
(1570, 'Diyala', 'DY', 102, 'IQ', 'Active', 0), 
(1571, 'Wasit', 'WS', 102, 'IQ', 'Active', 0), 
(1572, 'Maysan', 'MY', 102, 'IQ', 'Active', 0), 
(1573, 'Al Basrah', 'BA', 102, 'IQ', 'Active', 0), 
(1574, 'Dhi Qar', 'DQ', 102, 'IQ', 'Active', 0), 
(1577, 'Babil', 'BB', 102, 'IQ', 'Active', 0), 
(1578, 'Al Karbala', 'KB', 102, 'IQ', 'Active', 0), 
(1579, 'An Najaf', 'NJ', 102, 'IQ', 'Active', 0), 
(1580, 'Al Anbar', 'AB', 102, 'IQ', 'Active', 0), 
(1581, 'Ninawa', 'NN', 102, 'IQ', 'Active', 0), 
(1582, 'Dahuk', 'DH', 102, 'IQ', 'Active', 0), 
(1583, 'Arbil', 'AL', 102, 'IQ', 'Active', 0), 
(1584, 'At Ta''mim', 'TM', 102, 'IQ', 'Active', 0), 
(1585, 'As Sulaymaniyah', 'SL', 102, 'IQ', 'Active', 0), 
(1586, 'Carlow', 'CA', 103, 'IE', 'Active', 0), 
(1587, 'Cavan', 'CV', 103, 'IE', 'Active', 0), 
(1588, 'Clare', 'CL', 103, 'IE', 'Active', 0), 
(1589, 'Cork', 'CO', 103, 'IE', 'Active', 0), 
(1590, 'Donegal', 'DO', 103, 'IE', 'Active', 0), 
(1591, 'Dublin', 'DU', 103, 'IE', 'Active', 0), 
(1592, 'Galway', 'GA', 103, 'IE', 'Active', 0), 
(1593, 'Kerry', 'KE', 103, 'IE', 'Active', 0), 
(1594, 'Kildare', 'KI', 103, 'IE', 'Active', 0), 
(1595, 'Kilkenny', 'KL', 103, 'IE', 'Active', 0), 
(1596, 'Laois', 'LA', 103, 'IE', 'Active', 0), 
(1597, 'Leitrim', 'LE', 103, 'IE', 'Active', 0), 
(1598, 'Limerick', 'LI', 103, 'IE', 'Active', 0), 
(1599, 'Longford', 'LO', 103, 'IE', 'Active', 0), 
(1600, 'Louth', 'LU', 103, 'IE', 'Active', 0), 
(1601, 'Mayo', 'MA', 103, 'IE', 'Active', 0), 
(1602, 'Meath', 'ME', 103, 'IE', 'Active', 0), 
(1603, 'Monaghan', 'MO', 103, 'IE', 'Active', 0), 
(1604, 'Offaly', 'OF', 103, 'IE', 'Active', 0), 
(1605, 'Roscommon', 'RO', 103, 'IE', 'Active', 0), 
(1606, 'Sligo', 'SL', 103, 'IE', 'Active', 0), 
(1607, 'Tipperary', 'TI', 103, 'IE', 'Active', 0), 
(1608, 'Waterford', 'WA', 103, 'IE', 'Active', 0), 
(1609, 'Westmeath', 'WE', 103, 'IE', 'Active', 0), 
(1610, 'Wexford', 'WX', 103, 'IE', 'Active', 0), 
(1611, 'Wicklow', 'WI', 103, 'IE', 'Active', 0), 
(1612, 'Be''er Sheva', 'BS', 104, 'IL', 'Active', 0), 
(1613, 'Bika''at Hayarden', 'BH', 104, 'IL', 'Active', 0), 
(1614, 'Eilat and Arava', 'EA', 104, 'IL', 'Active', 0), 
(1615, 'Galil', 'GA', 104, 'IL', 'Active', 0), 
(1616, 'Haifa', 'HA', 104, 'IL', 'Active', 0), 
(1617, 'Jehuda Mountains', 'JM', 104, 'IL', 'Active', 0), 
(1618, 'Jerusalem', 'JE', 104, 'IL', 'Active', 0), 
(1619, 'Negev', 'NE', 104, 'IL', 'Active', 0), 
(1620, 'Semaria', 'SE', 104, 'IL', 'Active', 0), 
(1621, 'Sharon', 'SH', 104, 'IL', 'Active', 0), 
(1622, 'Tel Aviv (Gosh Dan)', 'TA', 104, 'IL', 'Active', 0), 
(1623, 'Abruzzo', 'AB', 105, 'IT', 'Active', 0), 
(1624, 'Basilicata', 'BA', 105, 'IT', 'Active', 0), 
(1625, 'Calabria', 'CA', 105, 'IT', 'Active', 0), 
(1626, 'Campania', 'CP', 105, 'IT', 'Active', 0), 
(1627, 'Emilia Romagna', 'ER', 105, 'IT', 'Active', 0), 
(1628, 'Friuli-Venezia Giulia', 'FV', 105, 'IT', 'Active', 0), 
(1629, 'Lazio (Latium & Rome)', 'LA', 105, 'IT', 'Active', 0), 
(1630, 'Le Marche (The Marches)', 'TM', 105, 'IT', 'Active', 0), 
(1631, 'Liguria', 'LI', 105, 'IT', 'Active', 0), 
(1632, 'Lombardia (Lombardy)', 'LO', 105, 'IT', 'Active', 0), 
(1633, 'Molise', 'MO', 105, 'IT', 'Active', 0), 
(1634, 'Piemonte (Piedmont)', 'PI', 105, 'IT', 'Active', 0), 
(1635, 'Puglia (Apulia)', 'AP', 105, 'IT', 'Active', 0), 
(1636, 'Sardegna (Sardinia)', 'SA', 105, 'IT', 'Active', 0), 
(1637, 'Sicilia (Sicily)', 'SI', 105, 'IT', 'Active', 0), 
(1638, 'Toscana (Tuscany)', 'TU', 105, 'IT', 'Active', 0), 
(1639, 'Trentino Alto Adige', 'TR', 105, 'IT', 'Active', 0), 
(1640, 'Umbria', 'UM', 105, 'IT', 'Active', 0), 
(1641, 'Val d''Aosta', 'VA', 105, 'IT', 'Active', 0), 
(1642, 'Veneto', 'VE', 105, 'IT', 'Active', 0), 
(1643, 'Clarendon Parish', 'CLA', 106, 'JM', 'Active', 0), 
(1644, 'Hanover Parish', 'HAN', 106, 'JM', 'Active', 0), 
(1645, 'Kingston Parish', 'KIN', 106, 'JM', 'Active', 0), 
(1646, 'Manchester Parish', 'MAN', 106, 'JM', 'Active', 0), 
(1647, 'Portland Parish', 'POR', 106, 'JM', 'Active', 0), 
(1648, 'Saint Andrew Parish', 'AND', 106, 'JM', 'Active', 0), 
(1649, 'Saint Ann Parish', 'ANN', 106, 'JM', 'Active', 0), 
(1650, 'Saint Catherine Parish', 'CAT', 106, 'JM', 'Active', 0), 
(1651, 'Saint Elizabeth Parish', 'ELI', 106, 'JM', 'Active', 0), 
(1652, 'Saint James Parish', 'JAM', 106, 'JM', 'Active', 0), 
(1653, 'Saint Mary Parish', 'MAR', 106, 'JM', 'Active', 0), 
(1654, 'Saint Thomas Parish', 'THO', 106, 'JM', 'Active', 0), 
(1655, 'Trelawny Parish', 'TRL', 106, 'JM', 'Active', 0), 
(1656, 'Westmoreland Parish', 'WML', 106, 'JM', 'Active', 0), 
(1657, 'Aichi', 'AI', 107, 'JP', 'Active', 0), 
(1658, 'Akita', 'AK', 107, 'JP', 'Active', 0), 
(1659, 'Aomori', 'AO', 107, 'JP', 'Active', 0), 
(1660, 'Chiba', 'CH', 107, 'JP', 'Active', 0), 
(1661, 'Ehime', 'EH', 107, 'JP', 'Active', 0), 
(1662, 'Fukui', 'FK', 107, 'JP', 'Active', 0), 
(1663, 'Fukuoka', 'FU', 107, 'JP', 'Active', 0), 
(1664, 'Fukushima', 'FS', 107, 'JP', 'Active', 0), 
(1665, 'Gifu', 'GI', 107, 'JP', 'Active', 0), 
(1666, 'Gumma', 'GU', 107, 'JP', 'Active', 0), 
(1667, 'Hiroshima', 'HI', 107, 'JP', 'Active', 0), 
(1668, 'Hokkaido', 'HO', 107, 'JP', 'Active', 0), 
(1669, 'Hyogo', 'HY', 107, 'JP', 'Active', 0), 
(1670, 'Ibaraki', 'IB', 107, 'JP', 'Active', 0), 
(1671, 'Ishikawa', 'IS', 107, 'JP', 'Active', 0), 
(1672, 'Iwate', 'IW', 107, 'JP', 'Active', 0), 
(1673, 'Kagawa', 'KA', 107, 'JP', 'Active', 0), 
(1674, 'Kagoshima', 'KG', 107, 'JP', 'Active', 0), 
(1675, 'Kanagawa', 'KN', 107, 'JP', 'Active', 0), 
(1676, 'Kochi', 'KO', 107, 'JP', 'Active', 0), 
(1677, 'Kumamoto', 'KU', 107, 'JP', 'Active', 0), 
(1678, 'Kyoto', 'KY', 107, 'JP', 'Active', 0), 
(1679, 'Mie', 'MI', 107, 'JP', 'Active', 0), 
(1680, 'Miyagi', 'MY', 107, 'JP', 'Active', 0), 
(1681, 'Miyazaki', 'MZ', 107, 'JP', 'Active', 0), 
(1682, 'Nagano', 'NA', 107, 'JP', 'Active', 0), 
(1683, 'Nagasaki', 'NG', 107, 'JP', 'Active', 0), 
(1684, 'Nara', 'NR', 107, 'JP', 'Active', 0), 
(1685, 'Niigata', 'NI', 107, 'JP', 'Active', 0), 
(1686, 'Oita', 'OI', 107, 'JP', 'Active', 0), 
(1687, 'Okayama', 'OK', 107, 'JP', 'Active', 0), 
(1688, 'Okinawa', 'ON', 107, 'JP', 'Active', 0), 
(1689, 'Osaka', 'OS', 107, 'JP', 'Active', 0), 
(1690, 'Saga', 'SA', 107, 'JP', 'Active', 0), 
(1691, 'Saitama', 'SI', 107, 'JP', 'Active', 0), 
(1692, 'Shiga', 'SH', 107, 'JP', 'Active', 0), 
(1693, 'Shimane', 'SM', 107, 'JP', 'Active', 0), 
(1694, 'Shizuoka', 'SZ', 107, 'JP', 'Active', 0), 
(1695, 'Tochigi', 'TO', 107, 'JP', 'Active', 0), 
(1696, 'Tokushima', 'TS', 107, 'JP', 'Active', 0), 
(1697, 'Tokyo', 'TK', 107, 'JP', 'Active', 0), 
(1698, 'Tottori', 'TT', 107, 'JP', 'Active', 0), 
(1699, 'Toyama', 'TY', 107, 'JP', 'Active', 0), 
(1700, 'Wakayama', 'WA', 107, 'JP', 'Active', 0), 
(1701, 'Yamagata', 'YA', 107, 'JP', 'Active', 0), 
(1702, 'Yamaguchi', 'YM', 107, 'JP', 'Active', 0), 
(1703, 'Yamanashi', 'YN', 107, 'JP', 'Active', 0), 
(1704, 'Amman', 'AM', 108, 'JO', 'Active', 0), 
(1705, 'Ajlun', 'AJ', 108, 'JO', 'Active', 0), 
(1706, 'Al ''Aqabah', 'AA', 108, 'JO', 'Active', 0), 
(1707, 'Al Balqa', 'AB', 108, 'JO', 'Active', 0), 
(1708, 'Al Karak', 'AK', 108, 'JO', 'Active', 0), 
(1709, 'Al Mafraq', 'AL', 108, 'JO', 'Active', 0), 
(1710, 'At Tafilah', 'AT', 108, 'JO', 'Active', 0), 
(1711, 'Az Zarqa''', 'AZ', 108, 'JO', 'Active', 0), 
(1712, 'Irbid', 'IR', 108, 'JO', 'Active', 0), 
(1713, 'Jarash', 'JA', 108, 'JO', 'Active', 0), 
(1714, 'Ma''an', 'MA', 108, 'JO', 'Active', 0), 
(1715, 'Madaba', 'MD', 108, 'JO', 'Active', 0), 
(1716, 'Almaty', 'AL', 109, 'KZ', 'Active', 0), 
(1717, 'Almaty City', 'AC', 109, 'KZ', 'Active', 0), 
(1718, 'Aqmola', 'AM', 109, 'KZ', 'Active', 0), 
(1719, 'Aqtobe', 'AQ', 109, 'KZ', 'Active', 0), 
(1720, 'Astana City', 'AS', 109, 'KZ', 'Active', 0), 
(1721, 'Atyrau', 'AT', 109, 'KZ', 'Active', 0), 
(1722, 'Batys Qazaqstan', 'BA', 109, 'KZ', 'Active', 0), 
(1723, 'Bayqongyr City', 'BY', 109, 'KZ', 'Active', 0), 
(1724, 'Mangghystau', 'MA', 109, 'KZ', 'Active', 0), 
(1725, 'Ongtustik Qazaqstan', 'ON', 109, 'KZ', 'Active', 0), 
(1726, 'Pavlodar', 'PA', 109, 'KZ', 'Active', 0), 
(1727, 'Qaraghandy', 'QA', 109, 'KZ', 'Active', 0), 
(1728, 'Qostanay', 'QO', 109, 'KZ', 'Active', 0), 
(1729, 'Qyzylorda', 'QY', 109, 'KZ', 'Active', 0), 
(1730, 'Shyghys Qazaqstan', 'SH', 109, 'KZ', 'Active', 0), 
(1731, 'Soltustik Qazaqstan', 'SO', 109, 'KZ', 'Active', 0), 
(1732, 'Zhambyl', 'ZH', 109, 'KZ', 'Active', 0), 
(1733, 'Central', 'CE', 110, 'KE', 'Active', 0), 
(1734, 'Coast', 'CO', 110, 'KE', 'Active', 0), 
(1735, 'Eastern', 'EA', 110, 'KE', 'Active', 0), 
(1736, 'Nairobi Area', 'NA', 110, 'KE', 'Active', 0), 
(1737, 'North Eastern', 'NE', 110, 'KE', 'Active', 0), 
(1738, 'Nyanza', 'NY', 110, 'KE', 'Active', 0), 
(1739, 'Rift Valley', 'RV', 110, 'KE', 'Active', 0), 
(1740, 'Western', 'WE', 110, 'KE', 'Active', 0), 
(1741, 'Abaiang', 'AG', 111, 'KI', 'Active', 0), 
(1742, 'Abemama', 'AM', 111, 'KI', 'Active', 0), 
(1743, 'Aranuka', 'AK', 111, 'KI', 'Active', 0), 
(1744, 'Arorae', 'AO', 111, 'KI', 'Active', 0), 
(1745, 'Banaba', 'BA', 111, 'KI', 'Active', 0), 
(1746, 'Beru', 'BE', 111, 'KI', 'Active', 0), 
(1747, 'Butaritari', 'bT', 111, 'KI', 'Active', 0), 
(1748, 'Kanton', 'KA', 111, 'KI', 'Active', 0), 
(1749, 'Kiritimati', 'KR', 111, 'KI', 'Active', 0), 
(1750, 'Kuria', 'KU', 111, 'KI', 'Active', 0), 
(1751, 'Maiana', 'MI', 111, 'KI', 'Active', 0), 
(1752, 'Makin', 'MN', 111, 'KI', 'Active', 0), 
(1753, 'Marakei', 'ME', 111, 'KI', 'Active', 0), 
(1754, 'Nikunau', 'NI', 111, 'KI', 'Active', 0), 
(1755, 'Nonouti', 'NO', 111, 'KI', 'Active', 0), 
(1756, 'Onotoa', 'ON', 111, 'KI', 'Active', 0), 
(1757, 'Tabiteuea', 'TT', 111, 'KI', 'Active', 0), 
(1758, 'Tabuaeran', 'TR', 111, 'KI', 'Active', 0), 
(1759, 'Tamana', 'TM', 111, 'KI', 'Active', 0), 
(1760, 'Tarawa', 'TW', 111, 'KI', 'Active', 0), 
(1761, 'Teraina', 'TE', 111, 'KI', 'Active', 0), 
(1762, 'Chagang-do', 'CHA', 112, 'KP', 'Active', 0), 
(1763, 'Hamgyong-bukto', 'HAB', 112, 'KP', 'Active', 0), 
(1764, 'Hamgyong-namdo', 'HAN', 112, 'KP', 'Active', 0), 
(1765, 'Hwanghae-bukto', 'HWB', 112, 'KP', 'Active', 0), 
(1766, 'Hwanghae-namdo', 'HWN', 112, 'KP', 'Active', 0), 
(1767, 'Kangwon-do', 'KAN', 112, 'KP', 'Active', 0), 
(1768, 'P''yongan-bukto', 'PYB', 112, 'KP', 'Active', 0), 
(1769, 'P''yongan-namdo', 'PYN', 112, 'KP', 'Active', 0), 
(1770, 'Ryanggang-do (Yanggang-do)', 'YAN', 112, 'KP', 'Active', 0), 
(1771, 'Rason Directly Governed City', 'NAJ', 112, 'KP', 'Active', 0), 
(1772, 'P''yongyang Special City', 'PYO', 112, 'KP', 'Active', 0), 
(1773, 'Ch''ungch''ong-bukto', 'CO', 113, 'KR', 'Active', 0), 
(1774, 'Ch''ungch''ong-namdo', 'CH', 113, 'KR', 'Active', 0), 
(1775, 'Cheju-do', 'CD', 113, 'KR', 'Active', 0), 
(1776, 'Cholla-bukto', 'CB', 113, 'KR', 'Active', 0), 
(1777, 'Cholla-namdo', 'CN', 113, 'KR', 'Active', 0), 
(1778, 'Inch''on-gwangyoksi', 'IG', 113, 'KR', 'Active', 0), 
(1779, 'Kangwon-do', 'KA', 113, 'KR', 'Active', 0), 
(1780, 'Kwangju-gwangyoksi', 'KG', 113, 'KR', 'Active', 0), 
(1781, 'Kyonggi-do', 'KD', 113, 'KR', 'Active', 0), 
(1782, 'Kyongsang-bukto', 'KB', 113, 'KR', 'Active', 0), 
(1783, 'Kyongsang-namdo', 'KN', 113, 'KR', 'Active', 0), 
(1784, 'Pusan-gwangyoksi', 'PG', 113, 'KR', 'Active', 0), 
(1785, 'Soul-t''ukpyolsi', 'SO', 113, 'KR', 'Active', 0), 
(1786, 'Taegu-gwangyoksi', 'TA', 113, 'KR', 'Active', 0), 
(1787, 'Taejon-gwangyoksi', 'TG', 113, 'KR', 'Active', 0), 
(1788, 'Al ''Asimah', 'AL', 114, 'KW', 'Active', 0), 
(1789, 'Al Ahmadi', 'AA', 114, 'KW', 'Active', 0), 
(1790, 'Al Farwaniyah', 'AF', 114, 'KW', 'Active', 0), 
(1791, 'Al Jahra', 'AJ', 114, 'KW', 'Active', 0), 
(1792, 'Hawalli', 'HA', 114, 'KW', 'Active', 0), 
(1793, 'Bishkek', 'GB', 115, 'KG', 'Active', 0), 
(1794, 'Batken', 'B', 115, 'KG', 'Active', 0), 
(1795, 'Chu', 'CHU', 115, 'KG', 'Active', 0), 
(1796, 'Jalal-Abad', 'J', 115, 'KG', 'Active', 0), 
(1797, 'Naryn', 'N', 115, 'KG', 'Active', 0), 
(1798, 'Osh', 'O', 115, 'KG', 'Active', 0), 
(1799, 'Talas', 'T', 115, 'KG', 'Active', 0), 
(1800, 'Ysyk-Kol', 'Y', 115, 'KG', 'Active', 0), 
(1801, 'Vientiane', 'VT', 116, 'LA', 'Active', 0), 
(1802, 'Attapu', 'AT', 116, 'LA', 'Active', 0), 
(1803, 'Bokeo', 'BK', 116, 'LA', 'Active', 0), 
(1804, 'Bolikhamxai', 'BL', 116, 'LA', 'Active', 0), 
(1805, 'Champasak', 'CH', 116, 'LA', 'Active', 0), 
(1806, 'Houaphan', 'HO', 116, 'LA', 'Active', 0), 
(1807, 'Khammouan', 'KH', 116, 'LA', 'Active', 0), 
(1808, 'Louang Namtha', 'LM', 116, 'LA', 'Active', 0), 
(1809, 'Louangphabang', 'LP', 116, 'LA', 'Active', 0), 
(1810, 'Oudomxai', 'OU', 116, 'LA', 'Active', 0), 
(1811, 'Phongsali', 'PH', 116, 'LA', 'Active', 0), 
(1812, 'Salavan', 'SL', 116, 'LA', 'Active', 0), 
(1813, 'Savannakhet', 'SV', 116, 'LA', 'Active', 0), 
(1814, 'Vientiane', 'VI', 116, 'LA', 'Active', 0), 
(1815, 'Xaignabouli', 'XA', 116, 'LA', 'Active', 0), 
(1816, 'Xekong', 'XE', 116, 'LA', 'Active', 0), 
(1817, 'Xiangkhoang', 'XI', 116, 'LA', 'Active', 0), 
(1818, 'Xaisomboun', 'XN', 116, 'LA', 'Active', 0), 
(1819, 'Aizkraukles Rajons', 'AIZ', 117, 'LV', 'Active', 0), 
(1820, 'Aluksnes Rajons', 'ALU', 117, 'LV', 'Active', 0), 
(1821, 'Balvu Rajons', 'BAL', 117, 'LV', 'Active', 0), 
(1822, 'Bauskas Rajons', 'BAU', 117, 'LV', 'Active', 0), 
(1823, 'Cesu Rajons', 'CES', 117, 'LV', 'Active', 0), 
(1824, 'Daugavpils Rajons', 'DGR', 117, 'LV', 'Active', 0), 
(1825, 'Dobeles Rajons', 'DOB', 117, 'LV', 'Active', 0), 
(1826, 'Gulbenes Rajons', 'GUL', 117, 'LV', 'Active', 0), 
(1827, 'Jekabpils Rajons', 'JEK', 117, 'LV', 'Active', 0), 
(1828, 'Jelgavas Rajons', 'JGR', 117, 'LV', 'Active', 0), 
(1829, 'Kraslavas Rajons', 'KRA', 117, 'LV', 'Active', 0), 
(1830, 'Kuldigas Rajons', 'KUL', 117, 'LV', 'Active', 0), 
(1831, 'Liepajas Rajons', 'LPR', 117, 'LV', 'Active', 0), 
(1832, 'Limbazu Rajons', 'LIM', 117, 'LV', 'Active', 0), 
(1833, 'Ludzas Rajons', 'LUD', 117, 'LV', 'Active', 0), 
(1834, 'Madonas Rajons', 'MAD', 117, 'LV', 'Active', 0), 
(1835, 'Ogres Rajons', 'OGR', 117, 'LV', 'Active', 0), 
(1836, 'Preilu Rajons', 'PRE', 117, 'LV', 'Active', 0), 
(1837, 'Rezeknes Rajons', 'RZR', 117, 'LV', 'Active', 0), 
(1838, 'Rigas Rajons', 'RGR', 117, 'LV', 'Active', 0), 
(1839, 'Saldus Rajons', 'SAL', 117, 'LV', 'Active', 0), 
(1840, 'Talsu Rajons', 'TAL', 117, 'LV', 'Active', 0), 
(1841, 'Tukuma Rajons', 'TUK', 117, 'LV', 'Active', 0), 
(1842, 'Valkas Rajons', 'VLK', 117, 'LV', 'Active', 0), 
(1843, 'Valmieras Rajons', 'VLM', 117, 'LV', 'Active', 0), 
(1844, 'Ventspils Rajons', 'VSR', 117, 'LV', 'Active', 0), 
(1845, 'Daugavpils', 'DGV', 117, 'LV', 'Active', 0), 
(1846, 'Jelgava', 'JGV', 117, 'LV', 'Active', 0), 
(1847, 'Jurmala', 'JUR', 117, 'LV', 'Active', 0), 
(1848, 'Liepaja', 'LPK', 117, 'LV', 'Active', 0), 
(1849, 'Rezekne', 'RZK', 117, 'LV', 'Active', 0), 
(1850, 'Riga', 'RGA', 117, 'LV', 'Active', 0), 
(1851, 'Ventspils', 'VSL', 117, 'LV', 'Active', 0), 
(1852, 'Berea', 'BE', 119, 'LS', 'Active', 0), 
(1853, 'Butha-Buthe', 'BB', 119, 'LS', 'Active', 0), 
(1854, 'Leribe', 'LE', 119, 'LS', 'Active', 0), 
(1855, 'Mafeteng', 'MF', 119, 'LS', 'Active', 0), 
(1856, 'Maseru', 'MS', 119, 'LS', 'Active', 0), 
(1857, 'Mohale''s Hoek', 'MH', 119, 'LS', 'Active', 0), 
(1858, 'Mokhotlong', 'MK', 119, 'LS', 'Active', 0), 
(1859, 'Qacha''s Nek', 'QN', 119, 'LS', 'Active', 0), 
(1860, 'Quthing', 'QT', 119, 'LS', 'Active', 0), 
(1861, 'Thaba-Tseka', 'TT', 119, 'LS', 'Active', 0), 
(1862, 'Bomi', 'BI', 120, 'LR', 'Active', 0), 
(1863, 'Bong', 'BG', 120, 'LR', 'Active', 0), 
(1864, 'Grand Bassa', 'GB', 120, 'LR', 'Active', 0), 
(1865, 'Grand Cape Mount', 'CM', 120, 'LR', 'Active', 0), 
(1866, 'Grand Gedeh', 'GG', 120, 'LR', 'Active', 0), 
(1867, 'Grand Kru', 'GK', 120, 'LR', 'Active', 0), 
(1868, 'Lofa', 'LO', 120, 'LR', 'Active', 0), 
(1869, 'Margibi', 'MG', 120, 'LR', 'Active', 0), 
(1870, 'Maryland', 'ML', 120, 'LR', 'Active', 0), 
(1871, 'Montserrado', 'MS', 120, 'LR', 'Active', 0), 
(1872, 'Nimba', 'NB', 120, 'LR', 'Active', 0), 
(1873, 'River Cess', 'RC', 120, 'LR', 'Active', 0), 
(1874, 'Sinoe', 'SN', 120, 'LR', 'Active', 0), 
(1875, 'Ajdabiya', 'AJ', 121, 'LY', 'Active', 0), 
(1876, 'Al ''Aziziyah', 'AZ', 121, 'LY', 'Active', 0), 
(1877, 'Al Fatih', 'FA', 121, 'LY', 'Active', 0), 
(1878, 'Al Jabal al Akhdar', 'JA', 121, 'LY', 'Active', 0), 
(1879, 'Al Jufrah', 'JU', 121, 'LY', 'Active', 0), 
(1880, 'Al Khums', 'KH', 121, '', 'Active', 0), 
(1881, 'Al Kufrah', 'KU', 121, 'LY', 'Active', 0), 
(1882, 'An Nuqat al Khams', 'NK', 121, 'LY', 'Active', 0), 
(1883, 'Ash Shati''', 'AS', 121, 'LY', 'Active', 0), 
(1884, 'Awbari', 'AW', 121, 'LY', 'Active', 0), 
(1885, 'Az Zawiyah', 'ZA', 121, 'LY', 'Active', 0), 
(1886, 'Banghazi', 'BA', 121, 'LY', 'Active', 0), 
(1887, 'Darnah', 'DA', 121, 'LY', 'Active', 0), 
(1888, 'Ghadamis', 'GD', 121, 'LY', 'Active', 0), 
(1889, 'Gharyan', 'GY', 121, 'LY', 'Active', 0), 
(1890, 'Misratah', 'MI', 121, 'LY', 'Active', 0), 
(1891, 'Murzuq', 'MZ', 121, 'LY', 'Active', 0), 
(1892, 'Sabha', 'SB', 121, 'LY', 'Active', 0), 
(1893, 'Sawfajjin', 'SW', 121, 'LY', 'Active', 0), 
(1894, 'Surt', 'SU', 121, 'LY', 'Active', 0), 
(1895, 'Tarabulus (Tripoli)', 'TL', 121, 'LY', 'Active', 0), 
(1896, 'Tarhunah', 'TH', 121, 'LY', 'Active', 0), 
(1897, 'Tubruq', 'TU', 121, 'LY', 'Active', 0), 
(1898, 'Yafran', 'YA', 121, 'LY', 'Active', 0), 
(1899, 'Zlitan', 'ZL', 121, 'LY', 'Active', 0), 
(1900, 'Vaduz', 'V', 122, 'LI', 'Active', 0), 
(1901, 'Schaan', 'A', 122, 'LI', 'Active', 0), 
(1902, 'Balzers', 'B', 122, 'LI', 'Active', 0), 
(1903, 'Triesen', 'N', 122, 'LI', 'Active', 0), 
(1904, 'Eschen', 'E', 122, 'LI', 'Active', 0), 
(1905, 'Mauren', 'M', 122, 'LI', 'Active', 0), 
(1906, 'Triesenberg', 'T', 122, 'LI', 'Active', 0), 
(1907, 'Ruggell', 'R', 122, 'LI', 'Active', 0), 
(1908, 'Gamprin', 'G', 122, 'LI', 'Active', 0), 
(1909, 'Schellenberg', 'L', 122, 'LI', 'Active', 0), 
(1910, 'Planken', 'P', 122, 'LI', 'Active', 0), 
(1911, 'Alytus', 'AL', 123, 'LT', 'Active', 0), 
(1912, 'Kaunas', 'KA', 123, 'LT', 'Active', 0), 
(1913, 'Klaipeda', 'KL', 123, 'LT', 'Active', 0), 
(1914, 'Marijampole', 'MA', 123, 'LT', 'Active', 0), 
(1915, 'Panevezys', 'PA', 123, 'LT', 'Active', 0), 
(1916, 'Siauliai', 'SI', 123, 'LT', 'Active', 0), 
(1917, 'Taurage', 'TA', 123, 'LT', 'Active', 0), 
(1918, 'Telsiai', 'TE', 123, 'LT', 'Active', 0), 
(1919, 'Utena', 'UT', 123, 'LT', 'Active', 0), 
(1920, 'Vilnius', 'VI', 123, 'LT', 'Active', 0), 
(1921, 'Diekirch', 'DD', 124, 'LU', 'Active', 0), 
(1922, 'Clervaux', 'DC', 124, 'LU', 'Active', 0), 
(1923, 'Redange', 'DR', 124, 'LU', 'Active', 0), 
(1924, 'Vianden', 'DV', 124, 'LU', 'Active', 0), 
(1925, 'Wiltz', 'DW', 124, 'LU', 'Active', 0), 
(1926, 'Grevenmacher', 'GG', 124, 'LU', 'Active', 0), 
(1927, 'Echternach', 'GE', 124, 'LU', 'Active', 0), 
(1928, 'Remich', 'GR', 124, 'LU', 'Active', 0), 
(1929, 'Luxembourg', 'LL', 124, 'LU', 'Active', 0), 
(1930, 'Capellen', 'LC', 124, 'LU', 'Active', 0), 
(1931, 'Esch-sur-Alzette', 'LE', 124, 'LU', 'Active', 0), 
(1932, 'Mersch', 'LM', 124, 'LU', 'Active', 0), 
(1933, 'Our Lady Fatima Parish', 'OLF', 125, 'MO', 'Active', 0), 
(1934, 'St. Anthony Parish', 'ANT', 125, 'MO', 'Active', 0), 
(1935, 'St. Lazarus Parish', 'LAZ', 125, 'MO', 'Active', 0), 
(1936, 'Cathedral Parish', 'CAT', 125, 'MO', 'Active', 0), 
(1937, 'St. Lawrence Parish', 'LAW', 125, 'MO', 'Active', 0), 
(1938, 'Antananarivo', 'AN', 127, 'MG', 'Active', 0), 
(1939, 'Antsiranana', 'AS', 127, 'MG', 'Active', 0), 
(1940, 'Fianarantsoa', 'FN', 127, 'MG', 'Active', 0), 
(1941, 'Mahajanga', 'MJ', 127, 'MG', 'Active', 0), 
(1942, 'Toamasina', 'TM', 127, 'MG', 'Active', 0), 
(1943, 'Toliara', 'TL', 127, 'MG', 'Active', 0), 
(1944, 'Balaka', 'BLK', 128, 'MW', 'Active', 0), 
(1945, 'Blantyre', 'BLT', 128, 'MW', 'Active', 0), 
(1946, 'Chikwawa', 'CKW', 128, 'MW', 'Active', 0), 
(1947, 'Chiradzulu', 'CRD', 128, 'MW', 'Active', 0), 
(1948, 'Chitipa', 'CTP', 128, 'MW', 'Active', 0), 
(1949, 'Dedza', 'DDZ', 128, 'MW', 'Active', 0), 
(1950, 'Dowa', 'DWA', 128, 'MW', 'Active', 0), 
(1951, 'Karonga', 'KRG', 128, 'MW', 'Active', 0), 
(1952, 'Kasungu', 'KSG', 128, 'MW', 'Active', 0), 
(1953, 'Likoma', 'LKM', 128, 'MW', 'Active', 0), 
(1954, 'Lilongwe', 'LLG', 128, 'MW', 'Active', 0), 
(1955, 'Machinga', 'MCG', 128, 'MW', 'Active', 0), 
(1956, 'Mangochi', 'MGC', 128, 'MW', 'Active', 0), 
(1957, 'Mchinji', 'MCH', 128, 'MW', 'Active', 0), 
(1958, 'Mulanje', 'MLJ', 128, 'MW', 'Active', 0), 
(1959, 'Mwanza', 'MWZ', 128, 'MW', 'Active', 0), 
(1960, 'Mzimba', 'MZM', 128, 'MW', 'Active', 0), 
(1961, 'Ntcheu', 'NTU', 128, 'MW', 'Active', 0), 
(1962, 'Nkhata Bay', 'NKB', 128, 'MW', 'Active', 0), 
(1963, 'Nkhotakota', 'NKH', 128, 'MW', 'Active', 0), 
(1964, 'Nsanje', 'NSJ', 128, 'MW', 'Active', 0), 
(1965, 'Ntchisi', 'NTI', 128, 'MW', 'Active', 0), 
(1966, 'Phalombe', 'PHL', 128, 'MW', 'Active', 0), 
(1967, 'Rumphi', 'RMP', 128, 'MW', 'Active', 0), 
(1968, 'Salima', 'SLM', 128, 'MW', 'Active', 0), 
(1969, 'Thyolo', 'THY', 128, 'MW', 'Active', 0), 
(1970, 'Zomba', 'ZBA', 128, 'MW', 'Active', 0), 
(1971, 'Johor', 'JO', 129, 'MY', 'Active', 0), 
(1972, 'Kedah', 'KE', 129, 'MY', 'Active', 0), 
(1973, 'Kelantan', 'KL', 129, 'MY', 'Active', 0), 
(1974, 'Labuan', 'LA', 129, 'MY', 'Active', 0), 
(1975, 'Melaka', 'ME', 129, 'MY', 'Active', 0), 
(1976, 'Negeri Sembilan', 'NS', 129, 'MY', 'Active', 0), 
(1977, 'Pahang', 'PA', 129, 'MY', 'Active', 0), 
(1978, 'Perak', 'PE', 129, 'MY', 'Active', 0), 
(1979, 'Perlis', 'PR', 129, 'MY', 'Active', 0), 
(1980, 'Pulau Pinang', 'PP', 129, 'MY', 'Active', 0), 
(1981, 'Sabah', 'SA', 129, 'MY', 'Active', 0), 
(1982, 'Sarawak', 'SR', 129, 'MY', 'Active', 0), 
(1983, 'Selangor', 'SE', 129, 'MY', 'Active', 0), 
(1984, 'Terengganu', 'TE', 129, 'MY', 'Active', 0), 
(1985, 'Wilayah Persekutuan', 'WP', 129, 'MY', 'Active', 0), 
(1986, 'Thiladhunmathi Uthuru', 'THU', 130, 'MV', 'Active', 0), 
(1987, 'Thiladhunmathi Dhekunu', 'THD', 130, 'MV', 'Active', 0), 
(1988, 'Miladhunmadulu Uthuru', 'MLU', 130, 'MV', 'Active', 0), 
(1989, 'Miladhunmadulu Dhekunu', 'MLD', 130, 'MV', 'Active', 0), 
(1990, 'Maalhosmadulu Uthuru', 'MAU', 130, 'MV', 'Active', 0), 
(1991, 'Maalhosmadulu Dhekunu', 'MAD', 130, 'MV', 'Active', 0), 
(1992, 'Faadhippolhu', 'FAA', 130, 'MV', 'Active', 0), 
(1993, 'Male Atoll', 'MAA', 130, 'MV', 'Active', 0), 
(1994, 'Ari Atoll Uthuru', 'AAU', 130, 'MV', 'Active', 0), 
(1995, 'Ari Atoll Dheknu', 'AAD', 130, 'MV', 'Active', 0), 
(1996, 'Felidhe Atoll', 'FEA', 130, 'MV', 'Active', 0), 
(1997, 'Mulaku Atoll', 'MUA', 130, 'MV', 'Active', 0), 
(1998, 'Nilandhe Atoll Uthuru', 'NAU', 130, 'MV', 'Active', 0), 
(1999, 'Nilandhe Atoll Dhekunu', 'NAD', 130, 'MV', 'Active', 0), 
(2000, 'Kolhumadulu', 'KLH', 130, 'MV', 'Active', 0), 
(2001, 'Hadhdhunmathi', 'HDH', 130, 'MV', 'Active', 0), 
(2002, 'Huvadhu Atoll Uthuru', 'HAU', 130, 'MV', 'Active', 0), 
(2003, 'Huvadhu Atoll Dhekunu', 'HAD', 130, 'MV', 'Active', 0), 
(2004, 'Fua Mulaku', 'FMU', 130, 'MV', 'Active', 0), 
(2005, 'Addu', 'ADD', 130, 'MV', 'Active', 0), 
(2006, 'Gao', 'GA', 131, 'ML', 'Active', 0), 
(2007, 'Kayes', 'KY', 131, 'ML', 'Active', 0), 
(2008, 'Kidal', 'KD', 131, 'ML', 'Active', 0), 
(2009, 'Koulikoro', 'KL', 131, 'ML', 'Active', 0), 
(2010, 'Mopti', 'MP', 131, 'ML', 'Active', 0), 
(2011, 'Segou', 'SG', 131, 'ML', 'Active', 0), 
(2012, 'Sikasso', 'SK', 131, 'ML', 'Active', 0), 
(2013, 'Tombouctou', 'TB', 131, 'ML', 'Active', 0), 
(2014, 'Bamako Capital District', 'CD', 131, 'ML', 'Active', 0), 
(2015, 'Attard', 'ATT', 132, 'MT', 'Active', 0), 
(2016, 'Balzan', 'BAL', 132, 'MT', 'Active', 0), 
(2017, 'Birgu', 'BGU', 132, 'MT', 'Active', 0), 
(2018, 'Birkirkara', 'BKK', 132, 'MT', 'Active', 0), 
(2019, 'Birzebbuga', 'BRZ', 132, 'MT', 'Active', 0), 
(2020, 'Bormla', 'BOR', 132, 'MT', 'Active', 0), 
(2021, 'Dingli', 'DIN', 132, 'MT', 'Active', 0), 
(2022, 'Fgura', 'FGU', 132, 'MT', 'Active', 0), 
(2023, 'Floriana', 'FLO', 132, 'MT', 'Active', 0), 
(2024, 'Gudja', 'GDJ', 132, 'MT', 'Active', 0), 
(2025, 'Gzira', 'GZR', 132, 'MT', 'Active', 0), 
(2026, 'Gargur', 'GRG', 132, 'MT', 'Active', 0), 
(2027, 'Gaxaq', 'GXQ', 132, 'MT', 'Active', 0), 
(2028, 'Hamrun', 'HMR', 132, 'MT', 'Active', 0), 
(2029, 'Iklin', 'IKL', 132, 'MT', 'Active', 0), 
(2030, 'Isla', 'ISL', 132, 'MT', 'Active', 0), 
(2031, 'Kalkara', 'KLK', 132, 'MT', 'Active', 0), 
(2032, 'Kirkop', 'KRK', 132, 'MT', 'Active', 0), 
(2033, 'Lija', 'LIJ', 132, 'MT', 'Active', 0), 
(2034, 'Luqa', 'LUQ', 132, 'MT', 'Active', 0), 
(2035, 'Marsa', 'MRS', 132, 'MT', 'Active', 0), 
(2036, 'Marsaskala', 'MKL', 132, 'MT', 'Active', 0), 
(2037, 'Marsaxlokk', 'MXL', 132, 'MT', 'Active', 0), 
(2038, 'Mdina', 'MDN', 132, 'MT', 'Active', 0), 
(2039, 'Melliea', 'MEL', 132, 'MT', 'Active', 0), 
(2040, 'Mgarr', 'MGR', 132, 'MT', 'Active', 0), 
(2041, 'Mosta', 'MST', 132, 'MT', 'Active', 0), 
(2042, 'Mqabba', 'MQA', 132, 'MT', 'Active', 0), 
(2043, 'Msida', 'MSI', 132, 'MT', 'Active', 0), 
(2044, 'Mtarfa', 'MTF', 132, 'MT', 'Active', 0), 
(2045, 'Naxxar', 'NAX', 132, 'MT', 'Active', 0), 
(2046, 'Paola', 'PAO', 132, 'MT', 'Active', 0), 
(2047, 'Pembroke', 'PEM', 132, 'MT', 'Active', 0), 
(2048, 'Pieta', 'PIE', 132, 'MT', 'Active', 0), 
(2049, 'Qormi', 'QOR', 132, 'MT', 'Active', 0), 
(2050, 'Qrendi', 'QRE', 132, 'MT', 'Active', 0), 
(2051, 'Rabat', 'RAB', 132, 'MT', 'Active', 0), 
(2052, 'Safi', 'SAF', 132, 'MT', 'Active', 0), 
(2053, 'San Giljan', 'SGI', 132, 'MT', 'Active', 0), 
(2054, 'Santa Lucija', 'SLU', 132, 'MT', 'Active', 0);

INSERT INTO `mod_state` (`iStateId`, `vState`, `vStateCode`, `iCountryId`, `vCountryCode`, `eStatus`, `iSysRecDeleted`) VALUES 
(2055, 'San Pawl il-Bahar', 'SPB', 132, 'MT', 'Active', 0), 
(2056, 'San Gwann', 'SGW', 132, 'MT', 'Active', 0), 
(2057, 'Santa Venera', 'SVE', 132, 'MT', 'Active', 0), 
(2058, 'Siggiewi', 'SIG', 132, 'MT', 'Active', 0), 
(2059, 'Sliema', 'SLM', 132, 'MT', 'Active', 0), 
(2060, 'Swieqi', 'SWQ', 132, 'MT', 'Active', 0), 
(2061, 'Ta Xbiex', 'TXB', 132, 'MT', 'Active', 0), 
(2062, 'Tarxien', 'TRX', 132, 'MT', 'Active', 0), 
(2063, 'Valletta', 'VLT', 132, 'MT', 'Active', 0), 
(2064, 'Xgajra', 'XGJ', 132, 'MT', 'Active', 0), 
(2065, 'Zabbar', 'ZBR', 132, 'MT', 'Active', 0), 
(2066, 'Zebbug', 'ZBG', 132, 'MT', 'Active', 0), 
(2067, 'Zejtun', 'ZJT', 132, 'MT', 'Active', 0), 
(2068, 'Zurrieq', 'ZRQ', 132, 'MT', 'Active', 0), 
(2069, 'Fontana', 'FNT', 132, 'MT', 'Active', 0), 
(2070, 'Ghajnsielem', 'GHJ', 132, 'MT', 'Active', 0), 
(2071, 'Gharb', 'GHR', 132, 'MT', 'Active', 0), 
(2072, 'Ghasri', 'GHS', 132, 'MT', 'Active', 0), 
(2073, 'Kercem', 'KRC', 132, 'MT', 'Active', 0), 
(2074, 'Munxar', 'MUN', 132, 'MT', 'Active', 0), 
(2075, 'Nadur', 'NAD', 132, 'MT', 'Active', 0), 
(2076, 'Qala', 'QAL', 132, 'MT', 'Active', 0), 
(2077, 'Victoria', 'VIC', 132, 'MT', 'Active', 0), 
(2078, 'San Lawrenz', 'SLA', 132, 'MT', 'Active', 0), 
(2079, 'Sannat', 'SNT', 132, 'MT', 'Active', 0), 
(2080, 'Xagra', 'ZAG', 132, 'MT', 'Active', 0), 
(2081, 'Xewkija', 'XEW', 132, 'MT', 'Active', 0), 
(2082, 'Zebbug', 'ZEB', 132, 'MT', 'Active', 0), 
(2083, 'Ailinginae', 'ALG', 133, 'MH', 'Active', 0), 
(2084, 'Ailinglaplap', 'ALL', 133, 'MH', 'Active', 0), 
(2085, 'Ailuk', 'ALK', 133, 'MH', 'Active', 0), 
(2086, 'Arno', 'ARN', 133, 'MH', 'Active', 0), 
(2087, 'Aur', 'AUR', 133, 'MH', 'Active', 0), 
(2088, 'Bikar', 'BKR', 133, 'MH', 'Active', 0), 
(2089, 'Bikini', 'BKN', 133, 'MH', 'Active', 0), 
(2090, 'Bokak', 'BKK', 133, 'MH', 'Active', 0), 
(2091, 'Ebon', 'EBN', 133, 'MH', 'Active', 0), 
(2092, 'Enewetak', 'ENT', 133, 'MH', 'Active', 0), 
(2093, 'Erikub', 'EKB', 133, 'MH', 'Active', 0), 
(2094, 'Jabat', 'JBT', 133, 'MH', 'Active', 0), 
(2095, 'Jaluit', 'JLT', 133, 'MH', 'Active', 0), 
(2096, 'Jemo', 'JEM', 133, 'MH', 'Active', 0), 
(2097, 'Kili', 'KIL', 133, 'MH', 'Active', 0), 
(2098, 'Kwajalein', 'KWJ', 133, 'MH', 'Active', 0), 
(2099, 'Lae', 'LAE', 133, 'MH', 'Active', 0), 
(2100, 'Lib', 'LIB', 133, 'MH', 'Active', 0), 
(2101, 'Likiep', 'LKP', 133, 'MH', 'Active', 0), 
(2102, 'Majuro', 'MJR', 133, 'MH', 'Active', 0), 
(2103, 'Maloelap', 'MLP', 133, 'MH', 'Active', 0), 
(2104, 'Mejit', 'MJT', 133, 'MH', 'Active', 0), 
(2105, 'Mili', 'MIL', 133, 'MH', 'Active', 0), 
(2106, 'Namorik', 'NMK', 133, 'MH', 'Active', 0), 
(2107, 'Namu', 'NAM', 133, 'MH', 'Active', 0), 
(2108, 'Rongelap', 'RGL', 133, 'MH', 'Active', 0), 
(2109, 'Rongrik', 'RGK', 133, 'MH', 'Active', 0), 
(2110, 'Toke', 'TOK', 133, 'MH', 'Active', 0), 
(2111, 'Ujae', 'UJA', 133, 'MH', 'Active', 0), 
(2112, 'Ujelang', 'UJL', 133, 'MH', 'Active', 0), 
(2113, 'Utirik', 'UTK', 133, 'MH', 'Active', 0), 
(2114, 'Wotho', 'WTH', 133, 'MH', 'Active', 0), 
(2115, 'Wotje', 'WTJ', 133, 'MH', 'Active', 0), 
(2116, 'Adrar', 'AD', 135, 'MR', 'Active', 0), 
(2117, 'Assaba', 'AS', 135, 'MR', 'Active', 0), 
(2118, 'Brakna', 'BR', 135, 'MR', 'Active', 0), 
(2119, 'Dakhlet Nouadhibou', 'DN', 135, 'MR', 'Active', 0), 
(2120, 'Gorgol', 'GO', 135, 'MR', 'Active', 0), 
(2121, 'Guidimaka', 'GM', 135, 'MR', 'Active', 0), 
(2122, 'Hodh Ech Chargui', 'HC', 135, 'MR', 'Active', 0), 
(2123, 'Hodh El Gharbi', 'HG', 135, 'MR', 'Active', 0), 
(2124, 'Inchiri', 'IN', 135, 'MR', 'Active', 0), 
(2125, 'Tagant', 'TA', 135, 'MR', 'Active', 0), 
(2126, 'Tiris Zemmour', 'TZ', 135, 'MR', 'Active', 0), 
(2127, 'Trarza', 'TR', 135, 'MR', 'Active', 0), 
(2128, 'Nouakchott', 'NO', 135, 'MR', 'Active', 0), 
(2129, 'Beau Bassin-Rose Hill', 'BR', 136, 'MU', 'Active', 0), 
(2130, 'Curepipe', 'CU', 136, 'MU', 'Active', 0), 
(2131, 'Port Louis', 'PU', 136, 'MU', 'Active', 0), 
(2132, 'Quatre Bornes', 'QB', 136, 'MU', 'Active', 0), 
(2133, 'Vacoas-Phoenix', 'VP', 136, 'MU', 'Active', 0), 
(2134, 'Agalega Islands', 'AG', 136, 'MU', 'Active', 0), 
(2135, 'Cargados Carajos Shoals (Saint B', 'CC', 136, 'MU', 'Active', 0), 
(2136, 'Rodrigues', 'RO', 136, 'MU', 'Active', 0), 
(2137, 'Black River', 'BL', 136, 'MU', 'Active', 0), 
(2138, 'Flacq', 'FL', 136, 'MU', 'Active', 0), 
(2139, 'Grand Port', 'GP', 136, 'MU', 'Active', 0), 
(2140, 'Moka', 'MO', 136, 'MU', 'Active', 0), 
(2141, 'Pamplemousses', 'PA', 136, 'MU', 'Active', 0), 
(2142, 'Plaines Wilhems', 'PW', 136, 'MU', 'Active', 0), 
(2143, 'Port Louis', 'PL', 136, 'MU', 'Active', 0), 
(2144, 'Riviere du Rempart', 'RR', 136, 'MU', 'Active', 0), 
(2145, 'Savanne', 'SA', 136, 'MU', 'Active', 0), 
(2146, 'Aguascalientes', 'AGU', 138, 'MX', 'Active', 0), 
(2147, 'Baja California Norte', 'BCN', 138, 'MX', 'Active', 0), 
(2148, 'Baja California Sur', 'BCS', 138, 'MX', 'Active', 0), 
(2149, 'Campeche', 'CAM', 138, 'MX', 'Active', 0), 
(2150, 'Chiapas', 'CHP', 138, 'MX', 'Active', 0), 
(2151, 'Chihuahua', 'CHH', 138, 'MX', 'Active', 0), 
(2152, 'Coahuila de Zaragoza', 'COA', 138, 'MX', 'Active', 0), 
(2153, 'Colima', 'COL', 138, 'MX', 'Active', 0), 
(2154, 'Distrito Federal', 'DIF', 138, 'MX', 'Active', 0), 
(2155, 'Durango', 'DUR', 138, 'MX', 'Active', 0), 
(2156, 'Guanajuato', 'GUA', 138, 'MX', 'Active', 0), 
(2157, 'Guerrero', 'GRO', 138, 'MX', 'Active', 0), 
(2158, 'Hidalgo', 'HID', 138, 'MX', 'Active', 0), 
(2159, 'Jalisco', 'JAL', 138, 'MX', 'Active', 0), 
(2160, 'Mexico', 'MEX', 138, 'MX', 'Active', 0), 
(2161, 'Michoacan de Ocampo', 'MIC', 138, 'MX', 'Active', 0), 
(2162, 'Morelos', 'MOR', 138, 'MX', 'Active', 0), 
(2163, 'Nayarit', 'NAY', 138, 'MX', 'Active', 0), 
(2164, 'Nuevo Leon', 'NLE', 138, 'MX', 'Active', 0), 
(2165, 'Oaxaca', 'OAX', 138, 'MX', 'Active', 0), 
(2166, 'Puebla', 'PUE', 138, 'MX', 'Active', 0), 
(2167, 'Queretaro de Arteaga', 'QUE', 138, 'MX', 'Active', 0), 
(2168, 'Quintana Roo', 'ROO', 138, 'MX', 'Active', 0), 
(2169, 'San Luis Potosi', 'SLP', 138, 'MX', 'Active', 0), 
(2170, 'Sinaloa', 'SIN', 138, 'MX', 'Active', 0), 
(2171, 'Sonora', 'SON', 138, 'MX', 'Active', 0), 
(2172, 'Tabasco', 'TAB', 138, 'MX', 'Active', 0), 
(2173, 'Tamaulipas', 'TAM', 138, 'MX', 'Active', 0), 
(2174, 'Tlaxcala', 'TLA', 138, 'MX', 'Active', 0), 
(2175, 'Veracruz-Llave', 'VER', 138, 'MX', 'Active', 0), 
(2176, 'Yucatan', 'YUC', 138, 'MX', 'Active', 0), 
(2177, 'Zacatecas', 'ZAC', 138, 'MX', 'Active', 0), 
(2178, 'Chuuk', 'C', 139, 'FM', 'Active', 0), 
(2179, 'Kosrae', 'K', 139, 'FM', 'Active', 0), 
(2180, 'Pohnpei', 'P', 139, 'FM', 'Active', 0), 
(2181, 'Yap', 'Y', 139, 'FM', 'Active', 0), 
(2182, 'Gagauzia', 'GA', 140, 'MD', 'Active', 0), 
(2183, 'Chisinau', 'CU', 140, 'MD', 'Active', 0), 
(2184, 'Balti', 'BA', 140, 'MD', 'Active', 0), 
(2185, 'Cahul', 'CA', 140, 'MD', 'Active', 0), 
(2186, 'Edinet', 'ED', 140, 'MD', 'Active', 0), 
(2187, 'Lapusna', 'LA', 140, 'MD', 'Active', 0), 
(2188, 'Orhei', 'OR', 140, 'MD', 'Active', 0), 
(2189, 'Soroca', 'SO', 140, 'MD', 'Active', 0), 
(2190, 'Tighina', 'TI', 140, 'MD', 'Active', 0), 
(2191, 'Ungheni', 'UN', 140, 'MD', 'Active', 0), 
(2192, 'St?nga Nistrului', 'SN', 140, 'MD', 'Active', 0), 
(2193, 'Fontvieille', 'FV', 141, 'MC', 'Active', 0), 
(2194, 'La Condamine', 'LC', 141, 'MC', 'Active', 0), 
(2195, 'Monaco-Ville', 'MV', 141, 'MC', 'Active', 0), 
(2196, 'Monte-Carlo', 'MC', 141, 'MC', 'Active', 0), 
(2197, 'Ulanbaatar', '1', 142, 'MN', 'Active', 0), 
(2198, 'Orhon', '035', 142, 'MN', 'Active', 0), 
(2199, 'Darhan uul', '037', 142, 'MN', 'Active', 0), 
(2200, 'Hentiy', '039', 142, 'MN', 'Active', 0), 
(2201, 'Hovsgol', '041', 142, 'MN', 'Active', 0), 
(2202, 'Hovd', '043', 142, 'MN', 'Active', 0), 
(2203, 'Uvs', '046', 142, 'MN', 'Active', 0), 
(2204, 'Tov', '047', 142, 'MN', 'Active', 0), 
(2205, 'Selenge', '049', 142, 'MN', 'Active', 0), 
(2206, 'Suhbaatar', '051', 142, 'MN', 'Active', 0), 
(2207, 'Omnogovi', '053', 142, 'MN', 'Active', 0), 
(2208, 'Ovorhangay', '055', 142, 'MN', 'Active', 0), 
(2209, 'Dzavhan', '057', 142, 'MN', 'Active', 0), 
(2210, 'DundgovL', '059', 142, 'MN', 'Active', 0), 
(2211, 'Dornod', '061', 142, 'MN', 'Active', 0), 
(2212, 'Dornogov', '063', 142, 'MN', 'Active', 0), 
(2213, 'Govi-Sumber', '064', 142, 'MN', 'Active', 0), 
(2214, 'Govi-Altay', '065', 142, 'MN', 'Active', 0), 
(2215, 'Bulgan', '067', 142, 'MN', 'Active', 0), 
(2216, 'Bayanhongor', '069', 142, 'MN', 'Active', 0), 
(2217, 'Bayan-Olgiy', '071', 142, 'MN', 'Active', 0), 
(2218, 'Arhangay', '073', 142, 'MN', 'Active', 0), 
(2219, 'Saint Anthony', 'A', 143, 'MS', 'Active', 0), 
(2220, 'Saint Georges', 'G', 143, 'MS', 'Active', 0), 
(2221, 'Saint Peter', 'P', 143, 'MS', 'Active', 0), 
(2222, 'Agadir', 'AGD', 144, 'MA', 'Active', 0), 
(2223, 'Al Hoceima', 'HOC', 144, 'MA', 'Active', 0), 
(2224, 'Azilal', 'AZI', 144, 'MA', 'Active', 0), 
(2225, 'Beni Mellal', 'BME', 144, 'MA', 'Active', 0), 
(2226, 'Ben Slimane', 'BSL', 144, 'MA', 'Active', 0), 
(2227, 'Boulemane', 'BLM', 144, 'MA', 'Active', 0), 
(2228, 'Casablanca', 'CBL', 144, 'MA', 'Active', 0), 
(2229, 'Chaouen', 'CHA', 144, 'MA', 'Active', 0), 
(2230, 'El Jadida', 'EJA', 144, 'MA', 'Active', 0), 
(2231, 'El Kelaa des Sraghna', 'EKS', 144, 'MA', 'Active', 0), 
(2232, 'Er Rachidia', 'ERA', 144, 'MA', 'Active', 0), 
(2233, 'Essaouira', 'ESS', 144, 'MA', 'Active', 0), 
(2234, 'Fes', 'FES', 144, 'MA', 'Active', 0), 
(2235, 'Figuig', 'FIG', 144, 'MA', 'Active', 0), 
(2236, 'Guelmim', 'GLM', 144, 'MA', 'Active', 0), 
(2237, 'Ifrane', 'IFR', 144, 'MA', 'Active', 0), 
(2238, 'Kenitra', 'KEN', 144, 'MA', 'Active', 0), 
(2239, 'Khemisset', 'KHM', 144, 'MA', 'Active', 0), 
(2240, 'Khenifra', 'KHN', 144, 'MA', 'Active', 0), 
(2241, 'Khouribga', 'KHO', 144, 'MA', 'Active', 0), 
(2242, 'Laayoune', 'LYN', 144, 'MA', 'Active', 0), 
(2243, 'Larache', 'LAR', 144, 'MA', 'Active', 0), 
(2244, 'Marrakech', 'MRK', 144, 'MA', 'Active', 0), 
(2245, 'Meknes', 'MKN', 144, 'MA', 'Active', 0), 
(2246, 'Nador', 'NAD', 144, 'MA', 'Active', 0), 
(2247, 'Ouarzazate', 'ORZ', 144, 'MA', 'Active', 0), 
(2248, 'Oujda', 'OUJ', 144, 'MA', 'Active', 0), 
(2249, 'Rabat-Sale', 'RSA', 144, 'MA', 'Active', 0), 
(2250, 'Safi', 'SAF', 144, 'MA', 'Active', 0), 
(2251, 'Settat', 'SET', 144, 'MA', 'Active', 0), 
(2252, 'Sidi Kacem', 'SKA', 144, 'MA', 'Active', 0), 
(2253, 'Tangier', 'TGR', 144, 'MA', 'Active', 0), 
(2254, 'Tan-Tan', 'TAN', 144, 'MA', 'Active', 0), 
(2255, 'Taounate', 'TAO', 144, 'MA', 'Active', 0), 
(2256, 'Taroudannt', 'TRD', 144, 'MA', 'Active', 0), 
(2257, 'Tata', 'TAT', 144, 'MA', 'Active', 0), 
(2258, 'Taza', 'TAZ', 144, 'MA', 'Active', 0), 
(2259, 'Tetouan', 'TET', 144, 'MA', 'Active', 0), 
(2260, 'Tiznit', 'TIZ', 144, 'MA', 'Active', 0), 
(2261, 'Ad Dakhla', 'ADK', 144, 'MA', 'Active', 0), 
(2262, 'Boujdour', 'BJD', 144, 'MA', 'Active', 0), 
(2263, 'Es Smara', 'ESM', 144, 'MA', 'Active', 0), 
(2264, 'Cabo Delgado', 'CD', 145, 'MZ', 'Active', 0), 
(2265, 'Gaza', 'GZ', 145, 'MZ', 'Active', 0), 
(2266, 'Inhambane', 'IN', 145, 'MZ', 'Active', 0), 
(2267, 'Manica', 'MN', 145, 'MZ', 'Active', 0), 
(2268, 'Maputo (city)', 'MC', 145, 'MZ', 'Active', 0), 
(2269, 'Maputo', 'MP', 145, 'MZ', 'Active', 0), 
(2270, 'Nampula', 'NA', 145, 'MZ', 'Active', 0), 
(2271, 'Niassa', 'NI', 145, 'MZ', 'Active', 0), 
(2272, 'Sofala', 'SO', 145, 'MZ', 'Active', 0), 
(2273, 'Tete', 'TE', 145, 'MZ', 'Active', 0), 
(2274, 'Zambezia', 'ZA', 145, 'MZ', 'Active', 0), 
(2275, 'Ayeyarwady', 'AY', 146, 'MM', 'Active', 0), 
(2276, 'Bago', 'BG', 146, 'MM', 'Active', 0), 
(2277, 'Magway', 'MG', 146, 'MM', 'Active', 0), 
(2278, 'Mandalay', 'MD', 146, 'MM', 'Active', 0), 
(2279, 'Sagaing', 'SG', 146, 'MM', 'Active', 0), 
(2280, 'Tanintharyi', 'TN', 146, 'MM', 'Active', 0), 
(2281, 'Yangon', 'YG', 146, 'MM', 'Active', 0), 
(2282, 'Chin State', 'CH', 146, 'MM', 'Active', 0), 
(2283, 'Kachin State', 'KC', 146, 'MM', 'Active', 0), 
(2284, 'Kayah State', 'KH', 146, 'MM', 'Active', 0), 
(2285, 'Kayin State', 'KN', 146, 'MM', 'Active', 0), 
(2286, 'Mon State', 'MN', 146, 'MM', 'Active', 0), 
(2287, 'Rakhine State', 'RK', 146, 'MM', 'Active', 0), 
(2288, 'Shan State', 'SH', 146, 'MM', 'Active', 0), 
(2289, 'Caprivi', 'CA', 147, 'NA', 'Active', 0), 
(2290, 'Erongo', 'ER', 147, 'NA', 'Active', 0), 
(2291, 'Hardap', 'HA', 147, 'NA', 'Active', 0), 
(2292, 'Karas', 'KR', 147, 'NA', 'Active', 0), 
(2293, 'Kavango', 'KV', 147, 'NA', 'Active', 0), 
(2294, 'Khomas', 'KH', 147, 'NA', 'Active', 0), 
(2295, 'Kunene', 'KU', 147, 'NA', 'Active', 0), 
(2296, 'Ohangwena', 'OW', 147, 'NA', 'Active', 0), 
(2297, 'Omaheke', 'OK', 147, 'NA', 'Active', 0), 
(2298, 'Omusati', 'OT', 147, 'NA', 'Active', 0), 
(2299, 'Oshana', 'ON', 147, 'NA', 'Active', 0), 
(2300, 'Oshikoto', 'OO', 147, 'NA', 'Active', 0), 
(2301, 'Otjozondjupa', 'OJ', 147, 'NA', 'Active', 0), 
(2302, 'Aiwo', 'AO', 148, 'NR', 'Active', 0), 
(2303, 'Anabar', 'AA', 148, 'NR', 'Active', 0), 
(2304, 'Anetan', 'AT', 148, 'NR', 'Active', 0), 
(2305, 'Anibare', 'AI', 148, 'NR', 'Active', 0), 
(2306, 'Baiti', 'BA', 148, 'NR', 'Active', 0), 
(2307, 'Boe', 'BO', 148, 'NR', 'Active', 0), 
(2308, 'Buada', 'BU', 148, 'NR', 'Active', 0), 
(2309, 'Denigomodu', 'DE', 148, 'NR', 'Active', 0), 
(2310, 'Ewa', 'EW', 148, 'NR', 'Active', 0), 
(2311, 'Ijuw', 'IJ', 148, 'NR', 'Active', 0), 
(2312, 'Meneng', 'ME', 148, 'NR', 'Active', 0), 
(2313, 'Nibok', 'NI', 148, 'NR', 'Active', 0), 
(2314, 'Uaboe', 'UA', 148, 'NR', 'Active', 0), 
(2315, 'Yaren', 'YA', 148, 'NR', 'Active', 0), 
(2316, 'Bagmati', 'BA', 149, 'NP', 'Active', 0), 
(2317, 'Bheri', 'BH', 149, 'NP', 'Active', 0), 
(2318, 'Dhawalagiri', 'DH', 149, 'NP', 'Active', 0), 
(2319, 'Gandaki', 'GA', 149, 'NP', 'Active', 0), 
(2320, 'Janakpur', 'JA', 149, 'NP', 'Active', 0), 
(2321, 'Karnali', 'KA', 149, 'NP', 'Active', 0), 
(2322, 'Kosi', 'KO', 149, 'NP', 'Active', 0), 
(2323, 'Lumbini', 'LU', 149, 'NP', 'Active', 0), 
(2324, 'Mahakali', 'MA', 149, 'NP', 'Active', 0), 
(2325, 'Mechi', 'ME', 149, 'NP', 'Active', 0), 
(2326, 'Narayani', 'NA', 149, 'NP', 'Active', 0), 
(2327, 'Rapti', 'RA', 149, 'NP', 'Active', 0), 
(2328, 'Sagarmatha', 'SA', 149, 'NP', 'Active', 0), 
(2329, 'Seti', 'SE', 149, 'NP', 'Active', 0), 
(2330, 'Drenthe', 'DR', 150, 'NL', 'Active', 0), 
(2331, 'Flevoland', 'FL', 150, 'NL', 'Active', 0), 
(2332, 'Friesland', 'FR', 150, 'NL', 'Active', 0), 
(2333, 'Gelderland', 'GE', 150, 'NL', 'Active', 0), 
(2334, 'Groningen', 'GR', 150, 'NL', 'Active', 0), 
(2335, 'Limburg', 'LI', 150, 'NL', 'Active', 0), 
(2336, 'Noord Brabant', 'NB', 150, 'NL', 'Active', 0), 
(2337, 'Noord Holland', 'NH', 150, 'NL', 'Active', 0), 
(2338, 'Overijssel', 'OV', 150, 'NL', 'Active', 0), 
(2339, 'Utrecht', 'UT', 150, 'NL', 'Active', 0), 
(2340, 'Zeeland', 'ZE', 150, 'NL', 'Active', 0), 
(2341, 'Zuid Holland', 'ZH', 150, 'NL', 'Active', 0), 
(2342, 'Iles Loyaute', 'L', 152, 'NC', 'Active', 0), 
(2343, 'Nord', 'N', 152, 'NC', 'Active', 0), 
(2344, 'Sud', 'S', 152, 'NC', 'Active', 0), 
(2345, 'Auckland', 'AUK', 153, 'NZ', 'Active', 0), 
(2346, 'Bay of Plenty', 'BOP', 153, 'NZ', 'Active', 0), 
(2347, 'Canterbury', 'CAN', 153, 'NZ', 'Active', 0), 
(2348, 'Coromandel', 'COR', 153, 'NZ', 'Active', 0), 
(2349, 'Gisborne', 'GIS', 153, 'NZ', 'Active', 0), 
(2350, 'Fiordland', 'FIO', 153, 'NZ', 'Active', 0), 
(2351, 'Hawke''s Bay', 'HKB', 153, 'NZ', 'Active', 0), 
(2352, 'Marlborough', 'MBH', 153, 'NZ', 'Active', 0), 
(2353, 'Manawatu-Wanganui', 'MWT', 153, 'NZ', 'Active', 0), 
(2354, 'Mt Cook-Mackenzie', 'MCM', 153, 'NZ', 'Active', 0), 
(2355, 'Nelson', 'NSN', 153, 'NZ', 'Active', 0), 
(2356, 'Northland', 'NTL', 153, 'NZ', 'Active', 0), 
(2357, 'Otago', 'OTA', 153, 'NZ', 'Active', 0), 
(2358, 'Southland', 'STL', 153, 'NZ', 'Active', 0), 
(2359, 'Taranaki', 'TKI', 153, 'NZ', 'Active', 0), 
(2360, 'Wellington', 'WGN', 153, 'NZ', 'Active', 0), 
(2361, 'Waikato', 'WKO', 153, 'NZ', 'Active', 0), 
(2362, 'Wairprarapa', 'WAI', 153, 'NZ', 'Active', 0), 
(2363, 'West Coast', 'WTC', 153, 'NZ', 'Active', 0), 
(2364, 'Atlantico Norte', 'AN', 154, 'NI', 'Active', 0), 
(2365, 'Atlantico Sur', 'AS', 154, 'NI', 'Active', 0), 
(2366, 'Boaco', 'BO', 154, 'NI', 'Active', 0), 
(2367, 'Carazo', 'CA', 154, 'NI', 'Active', 0), 
(2368, 'Chinandega', 'CI', 154, 'NI', 'Active', 0), 
(2369, 'Chontales', 'CO', 154, 'NI', 'Active', 0), 
(2370, 'Esteli', 'ES', 154, 'NI', 'Active', 0), 
(2371, 'Granada', 'GR', 154, 'NI', 'Active', 0), 
(2372, 'Jinotega', 'JI', 154, 'NI', 'Active', 0), 
(2373, 'Leon', 'LE', 154, 'NI', 'Active', 0), 
(2374, 'Madriz', 'MD', 154, 'NI', 'Active', 0), 
(2375, 'Managua', 'MN', 154, 'NI', 'Active', 0), 
(2376, 'Masaya', 'MS', 154, 'NI', 'Active', 0), 
(2377, 'Matagalpa', 'MT', 154, 'NI', 'Active', 0), 
(2378, 'Nuevo Segovia', 'NS', 154, 'NI', 'Active', 0), 
(2379, 'Rio San Juan', 'RS', 154, 'NI', 'Active', 0), 
(2380, 'Rivas', 'RI', 154, 'NI', 'Active', 0), 
(2381, 'Agadez', 'AG', 155, 'NE', 'Active', 0), 
(2382, 'Diffa', 'DF', 155, 'NE', 'Active', 0), 
(2383, 'Dosso', 'DS', 155, 'NE', 'Active', 0), 
(2384, 'Maradi', 'MA', 155, 'NE', 'Active', 0), 
(2385, 'Niamey', 'NM', 155, 'NE', 'Active', 0), 
(2386, 'Tahoua', 'TH', 155, 'NE', 'Active', 0), 
(2387, 'Tillaberi', 'TL', 155, 'NE', 'Active', 0), 
(2388, 'Zinder', 'ZD', 155, 'NE', 'Active', 0), 
(2389, 'Abia', 'AB', 156, 'NG', 'Active', 0), 
(2390, 'Abuja Federal Capital Territory', 'CT', 156, 'NG', 'Active', 0), 
(2391, 'Adamawa', 'AD', 156, 'NG', 'Active', 0), 
(2392, 'Akwa Ibom', 'AK', 156, 'NG', 'Active', 0), 
(2393, 'Anambra', 'AN', 156, 'NG', 'Active', 0), 
(2394, 'Bauchi', 'BC', 156, 'NG', 'Active', 0), 
(2395, 'Bayelsa', 'BY', 156, 'NG', 'Active', 0), 
(2396, 'Benue', 'BN', 156, 'NG', 'Active', 0), 
(2397, 'Borno', 'BO', 156, 'NG', 'Active', 0), 
(2398, 'Cross River', 'CR', 156, 'NG', 'Active', 0), 
(2399, 'Delta', 'DE', 156, 'NG', 'Active', 0), 
(2400, 'Ebonyi', 'EB', 156, 'NG', 'Active', 0), 
(2401, 'Edo', 'ED', 156, 'NG', 'Active', 0), 
(2402, 'Ekiti', 'EK', 156, 'NG', 'Active', 0), 
(2403, 'Enugu', 'EN', 156, 'NG', 'Active', 0), 
(2404, 'Gombe', 'GO', 156, 'NG', 'Active', 0), 
(2405, 'Imo', 'IM', 156, 'NG', 'Active', 0), 
(2406, 'Jigawa', 'JI', 156, 'NG', 'Active', 0), 
(2407, 'Kaduna', 'KD', 156, 'NG', 'Active', 0), 
(2408, 'Kano', 'KN', 156, 'NG', 'Active', 0), 
(2409, 'Katsina', 'KT', 156, 'NG', 'Active', 0), 
(2410, 'Kebbi', 'KE', 156, 'NG', 'Active', 0), 
(2411, 'Kogi', 'KO', 156, 'NG', 'Active', 0), 
(2412, 'Kwara', 'KW', 156, 'NG', 'Active', 0), 
(2413, 'Lagos', 'LA', 156, 'NG', 'Active', 0), 
(2414, 'Nassarawa', 'NA', 156, 'NG', 'Active', 0), 
(2415, 'Niger', 'NI', 156, 'NG', 'Active', 0), 
(2416, 'Ogun', 'OG', 156, 'NG', 'Active', 0), 
(2417, 'Ondo', 'ONG', 156, 'NG', 'Active', 0), 
(2418, 'Osun', 'OS', 156, 'NG', 'Active', 0), 
(2419, 'Oyo', 'OY', 156, 'NG', 'Active', 0), 
(2420, 'Plateau', 'PL', 156, 'NG', 'Active', 0), 
(2421, 'Rivers', 'RI', 156, 'NG', 'Active', 0), 
(2422, 'Sokoto', 'SO', 156, 'NG', 'Active', 0), 
(2423, 'Taraba', 'TA', 156, 'NG', 'Active', 0), 
(2424, 'Yobe', 'YO', 156, 'NG', 'Active', 0), 
(2425, 'Zamfara', 'ZA', 156, 'NG', 'Active', 0), 
(2426, 'Northern Islands', 'N', 159, 'MP', 'Active', 0), 
(2427, 'Rota', 'R', 159, 'MP', 'Active', 0), 
(2428, 'Saipan', 'S', 159, 'MP', 'Active', 0), 
(2429, 'Tinian', 'T', 159, 'MP', 'Active', 0), 
(2430, 'Akershus', 'AK', 160, 'NO', 'Active', 0), 
(2431, 'Aust-Agder', 'AA', 160, 'NO', 'Active', 0), 
(2432, 'Buskerud', 'BU', 160, 'NO', 'Active', 0), 
(2433, 'Finnmark', 'FM', 160, 'NO', 'Active', 0), 
(2434, 'Hedmark', 'HM', 160, 'NO', 'Active', 0), 
(2435, 'Hordaland', 'HL', 160, 'NO', 'Active', 0), 
(2436, 'More og Romdal', 'MR', 160, 'NO', 'Active', 0), 
(2437, 'Nord-Trondelag', 'NT', 160, 'NO', 'Active', 0), 
(2438, 'Nordland', 'NL', 160, 'NO', 'Active', 0), 
(2439, 'Ostfold', 'OF', 160, 'NO', 'Active', 0), 
(2440, 'Oppland', 'OP', 160, 'NO', 'Active', 0), 
(2441, 'Oslo', 'OL', 160, 'NO', 'Active', 0), 
(2442, 'Rogaland', 'RL', 160, 'NO', 'Active', 0), 
(2443, 'Sor-Trondelag', 'ST', 160, 'NO', 'Active', 0), 
(2444, 'Sogn og Fjordane', 'SJ', 160, 'NO', 'Active', 0), 
(2445, 'Svalbard', 'SV', 160, 'NO', 'Active', 0), 
(2446, 'Telemark', 'TM', 160, 'NO', 'Active', 0), 
(2447, 'Troms', 'TR', 160, 'NO', 'Active', 0), 
(2448, 'Vest-Agder', 'VA', 160, 'NO', 'Active', 0), 
(2449, 'Vestfold', 'VF', 160, 'NO', 'Active', 0), 
(2450, 'Ad Dakhiliyah', 'DA', 161, 'OM', 'Active', 0), 
(2451, 'Al Batinah', 'BA', 161, 'OM', 'Active', 0), 
(2452, 'Al Wusta', 'WU', 161, 'OM', 'Active', 0), 
(2453, 'Ash Sharqiyah', 'SH', 161, 'OM', 'Active', 0), 
(2454, 'Az Zahirah', 'ZA', 161, 'OM', 'Active', 0), 
(2455, 'Masqat', 'MA', 161, 'OM', 'Active', 0), 
(2456, 'Musandam', 'MU', 161, 'OM', 'Active', 0), 
(2457, 'Zufar', 'ZU', 161, 'OM', 'Active', 0), 
(2458, 'Balochistan', 'B', 162, 'PK', 'Active', 0), 
(2459, 'Federally Administered Tribal Ar', 'T', 162, 'PK', 'Active', 0), 
(2460, 'Islamabad Capital Territory', 'I', 162, 'PK', 'Active', 0), 
(2461, 'North-West Frontier', 'N', 162, 'PK', 'Active', 0), 
(2462, 'Punjab', 'P', 162, 'PK', 'Active', 0), 
(2463, 'Sindh', 'S', 162, 'PK', 'Active', 0), 
(2464, 'Aimeliik', 'AM', 163, 'PW', 'Active', 0), 
(2465, 'Airai', 'AR', 163, 'PW', 'Active', 0), 
(2466, 'Angaur', 'AN', 163, 'PW', 'Active', 0), 
(2467, 'Hatohobei', 'HA', 163, 'PW', 'Active', 0), 
(2468, 'Kayangel', 'KA', 163, 'PW', 'Active', 0), 
(2469, 'Koror', 'KO', 163, 'PW', 'Active', 0), 
(2470, 'Melekeok', 'ME', 163, 'PW', 'Active', 0), 
(2471, 'Ngaraard', 'NA', 163, 'PW', 'Active', 0), 
(2472, 'Ngarchelong', 'NG', 163, 'PW', 'Active', 0), 
(2473, 'Ngardmau', 'ND', 163, 'PW', 'Active', 0), 
(2474, 'Ngatpang', 'NT', 163, 'PW', 'Active', 0), 
(2475, 'Ngchesar', 'NC', 163, 'PW', 'Active', 0), 
(2476, 'Ngeremlengui', 'NR', 163, 'PW', 'Active', 0), 
(2477, 'Ngiwal', 'NW', 163, 'PW', 'Active', 0), 
(2478, 'Peleliu', 'PE', 163, 'PW', 'Active', 0), 
(2479, 'Sonsorol', 'SO', 163, 'PW', 'Active', 0), 
(2480, 'Bocas del Toro', 'BT', 164, 'PA', 'Active', 0), 
(2481, 'Chiriqui', 'CH', 164, 'PA', 'Active', 0), 
(2482, 'Cocle', 'CC', 164, 'PA', 'Active', 0), 
(2483, 'Colon', 'CL', 164, 'PA', 'Active', 0), 
(2484, 'Darien', 'DA', 164, 'PA', 'Active', 0), 
(2485, 'Herrera', 'HE', 164, 'PA', 'Active', 0), 
(2486, 'Los Santos', 'LS', 164, 'PA', 'Active', 0), 
(2487, 'Panama', 'PA', 164, 'PA', 'Active', 0), 
(2488, 'San Blas', 'SB', 164, 'PA', 'Active', 0), 
(2489, 'Veraguas', 'VG', 164, 'PA', 'Active', 0), 
(2490, 'Bougainville', 'BV', 165, 'PG', 'Active', 0), 
(2491, 'Central', 'CE', 165, 'PG', 'Active', 0), 
(2492, 'Chimbu', 'CH', 165, 'PG', 'Active', 0), 
(2493, 'Eastern Highlands', 'EH', 165, 'PG', 'Active', 0), 
(2494, 'East New Britain', 'EB', 165, 'PG', 'Active', 0), 
(2495, 'East Sepik', 'ES', 165, 'PG', 'Active', 0), 
(2496, 'Enga', 'EN', 165, 'PG', 'Active', 0), 
(2497, 'Gulf', 'GU', 165, 'PG', 'Active', 0), 
(2498, 'Madang', 'MD', 165, 'PG', 'Active', 0), 
(2499, 'Manus', 'MN', 165, 'PG', 'Active', 0), 
(2500, 'Milne Bay', 'MB', 165, 'PG', 'Active', 0), 
(2501, 'Morobe', 'MR', 165, 'PG', 'Active', 0), 
(2502, 'National Capital', 'NC', 165, 'PG', 'Active', 0), 
(2503, 'New Ireland', 'NI', 165, 'PG', 'Active', 0), 
(2504, 'Northern', 'NO', 165, 'PG', 'Active', 0), 
(2505, 'Sandaun', 'SA', 165, 'PG', 'Active', 0), 
(2506, 'Southern Highlands', 'SH', 165, 'PG', 'Active', 0), 
(2507, 'Western', 'WE', 165, 'PG', 'Active', 0), 
(2508, 'Western Highlands', 'WH', 165, 'PG', 'Active', 0), 
(2509, 'West New Britain', 'WB', 165, 'PG', 'Active', 0), 
(2510, 'Alto Paraguay', 'AG', 166, 'PY', 'Active', 0), 
(2511, 'Alto Parana', 'AN', 166, 'PY', 'Active', 0), 
(2512, 'Amambay', 'AM', 166, 'PY', 'Active', 0), 
(2513, 'Asuncion', 'AS', 166, 'PY', 'Active', 0), 
(2514, 'Boqueron', 'BO', 166, 'PY', 'Active', 0), 
(2515, 'Caaguazu', 'CG', 166, 'PY', 'Active', 0), 
(2516, 'Caazapa', 'CZ', 166, 'PY', 'Active', 0), 
(2517, 'Canindeyu', 'CN', 166, 'PY', 'Active', 0), 
(2518, 'Central', 'CE', 166, 'PY', 'Active', 0), 
(2519, 'Concepcion', 'CC', 166, 'PY', 'Active', 0), 
(2520, 'Cordillera', 'CD', 166, 'PY', 'Active', 0), 
(2521, 'Guaira', 'GU', 166, 'PY', 'Active', 0), 
(2522, 'Itapua', 'IT', 166, 'PY', 'Active', 0), 
(2523, 'Misiones', 'MI', 166, 'PY', 'Active', 0), 
(2524, 'Neembucu', 'NE', 166, 'PY', 'Active', 0), 
(2525, 'Paraguari', 'PA', 166, 'PY', 'Active', 0), 
(2526, 'Presidente Hayes', 'PH', 166, 'PY', 'Active', 0), 
(2527, 'San Pedro', 'SP', 166, 'PY', 'Active', 0), 
(2528, 'Amazonas', 'AM', 167, 'PE', 'Active', 0), 
(2529, 'Ancash', 'AN', 167, 'PE', 'Active', 0), 
(2530, 'Apurimac', 'AP', 167, 'PE', 'Active', 0), 
(2531, 'Arequipa', 'AR', 167, 'PE', 'Active', 0), 
(2532, 'Ayacucho', 'AY', 167, 'PE', 'Active', 0), 
(2533, 'Cajamarca', 'CJ', 167, 'PE', 'Active', 0), 
(2534, 'Callao', 'CL', 167, 'PE', 'Active', 0), 
(2535, 'Cusco', 'CU', 167, 'PE', 'Active', 0), 
(2536, 'Huancavelica', 'HV', 167, 'PE', 'Active', 0), 
(2537, 'Huanuco', 'HO', 167, 'PE', 'Active', 0), 
(2538, 'Ica', 'IC', 167, 'PE', 'Active', 0), 
(2539, 'Junin', 'JU', 167, 'PE', 'Active', 0), 
(2540, 'La Libertad', 'LD', 167, 'PE', 'Active', 0), 
(2541, 'Lambayeque', 'LY', 167, 'PE', 'Active', 0), 
(2542, 'Lima', 'LI', 167, 'PE', 'Active', 0), 
(2543, 'Loreto', 'LO', 167, 'PE', 'Active', 0), 
(2544, 'Madre de Dios', 'MD', 167, 'PE', 'Active', 0), 
(2545, 'Moquegua', 'MO', 167, 'PE', 'Active', 0), 
(2546, 'Pasco', 'PA', 167, 'PE', 'Active', 0), 
(2547, 'Piura', 'PI', 167, 'PE', 'Active', 0), 
(2548, 'Puno', 'PU', 167, 'PE', 'Active', 0), 
(2549, 'San Martin', 'SM', 167, 'PE', 'Active', 0), 
(2550, 'Tacna', 'TA', 167, 'PE', 'Active', 0), 
(2551, 'Tumbes', 'TU', 167, 'PE', 'Active', 0), 
(2552, 'Ucayali', 'UC', 167, 'PE', 'Active', 0), 
(2553, 'Abra', 'ABR', 168, 'PH', 'Active', 0), 
(2554, 'Agusan del Norte', 'ANO', 168, 'PH', 'Active', 0);

INSERT INTO `mod_state` (`iStateId`, `vState`, `vStateCode`, `iCountryId`, `vCountryCode`, `eStatus`, `iSysRecDeleted`) VALUES 
(2555, 'Agusan del Sur', 'ASU', 168, 'PH', 'Active', 0), 
(2556, 'Aklan', 'AKL', 168, 'PH', 'Active', 0), 
(2557, 'Albay', 'ALB', 168, 'PH', 'Active', 0), 
(2558, 'Antique', 'ANT', 168, 'PH', 'Active', 0), 
(2559, 'Apayao', 'APY', 168, 'PH', 'Active', 0), 
(2560, 'Aurora', 'AUR', 168, 'PH', 'Active', 0), 
(2561, 'Basilan', 'BAS', 168, 'PH', 'Active', 0), 
(2562, 'Bataan', 'BTA', 168, 'PH', 'Active', 0), 
(2563, 'Batanes', 'BTE', 168, 'PH', 'Active', 0), 
(2564, 'Batangas', 'BTG', 168, 'PH', 'Active', 0), 
(2565, 'Biliran', 'BLR', 168, 'PH', 'Active', 0), 
(2566, 'Benguet', 'BEN', 168, 'PH', 'Active', 0), 
(2567, 'Bohol', 'BOL', 168, 'PH', 'Active', 0), 
(2568, 'Bukidnon', 'BUK', 168, 'PH', 'Active', 0), 
(2569, 'Bulacan', 'BUL', 168, 'PH', 'Active', 0), 
(2570, 'Cagayan', 'CAG', 168, 'PH', 'Active', 0), 
(2571, 'Camarines Norte', 'CNO', 168, 'PH', 'Active', 0), 
(2572, 'Camarines Sur', 'CSU', 168, 'PH', 'Active', 0), 
(2573, 'Camiguin', 'CAM', 168, 'PH', 'Active', 0), 
(2574, 'Capiz', 'CAP', 168, 'PH', 'Active', 0), 
(2575, 'Catanduanes', 'CAT', 168, 'PH', 'Active', 0), 
(2576, 'Cavite', 'CAV', 168, 'PH', 'Active', 0), 
(2577, 'Cebu', 'CEB', 168, 'PH', 'Active', 0), 
(2578, 'Compostela', 'CMP', 168, 'PH', 'Active', 0), 
(2579, 'Davao del Norte', 'DNO', 168, 'PH', 'Active', 0), 
(2580, 'Davao del Sur', 'DSU', 168, 'PH', 'Active', 0), 
(2581, 'Davao Oriental', 'DOR', 168, 'PH', 'Active', 0), 
(2582, 'Eastern Samar', 'ESA', 168, 'PH', 'Active', 0), 
(2583, 'Guimaras', 'GUI', 168, 'PH', 'Active', 0), 
(2584, 'Ifugao', 'IFU', 168, 'PH', 'Active', 0), 
(2585, 'Ilocos Norte', 'INO', 168, 'PH', 'Active', 0), 
(2586, 'Ilocos Sur', 'ISU', 168, 'PH', 'Active', 0), 
(2587, 'Iloilo', 'ILO', 168, 'PH', 'Active', 0), 
(2588, 'Isabela', 'ISA', 168, 'PH', 'Active', 0), 
(2589, 'Kalinga', 'KAL', 168, 'PH', 'Active', 0), 
(2590, 'Laguna', 'LAG', 168, 'PH', 'Active', 0), 
(2591, 'Lanao del Norte', 'LNO', 168, 'PH', 'Active', 0), 
(2592, 'Lanao del Sur', 'LSU', 168, 'PH', 'Active', 0), 
(2593, 'La Union', 'UNI', 168, 'PH', 'Active', 0), 
(2594, 'Leyte', 'LEY', 168, 'PH', 'Active', 0), 
(2595, 'Maguindanao', 'MAG', 168, 'PH', 'Active', 0), 
(2596, 'Marinduque', 'MRN', 168, 'PH', 'Active', 0), 
(2597, 'Masbate', 'MSB', 168, 'PH', 'Active', 0), 
(2598, 'Mindoro Occidental', 'MIC', 168, 'PH', 'Active', 0), 
(2599, 'Mindoro Oriental', 'MIR', 168, 'PH', 'Active', 0), 
(2600, 'Misamis Occidental', 'MSC', 168, 'PH', 'Active', 0), 
(2601, 'Misamis Oriental', 'MOR', 168, 'PH', 'Active', 0), 
(2602, 'Mountain', 'MOP', 168, 'PH', 'Active', 0), 
(2603, 'Negros Occidental', 'NOC', 168, 'PH', 'Active', 0), 
(2604, 'Negros Oriental', 'NOR', 168, 'PH', 'Active', 0), 
(2605, 'North Cotabato', 'NCT', 168, 'PH', 'Active', 0), 
(2606, 'Northern Samar', 'NSM', 168, 'PH', 'Active', 0), 
(2607, 'Nueva Ecija', 'NEC', 168, 'PH', 'Active', 0), 
(2608, 'Nueva Vizcaya', 'NVZ', 168, 'PH', 'Active', 0), 
(2609, 'Palawan', 'PLW', 168, 'PH', 'Active', 0), 
(2610, 'Pampanga', 'PMP', 168, 'PH', 'Active', 0), 
(2611, 'Pangasinan', 'PNG', 168, 'PH', 'Active', 0), 
(2612, 'Quezon', 'QZN', 168, 'PH', 'Active', 0), 
(2613, 'Quirino', 'QRN', 168, 'PH', 'Active', 0), 
(2614, 'Rizal', 'RIZ', 168, 'PH', 'Active', 0), 
(2615, 'Romblon', 'ROM', 168, 'PH', 'Active', 0), 
(2616, 'Samar', 'SMR', 168, 'PH', 'Active', 0), 
(2617, 'Sarangani', 'SRG', 168, 'PH', 'Active', 0), 
(2618, 'Siquijor', 'SQJ', 168, 'PH', 'Active', 0), 
(2619, 'Sorsogon', 'SRS', 168, 'PH', 'Active', 0), 
(2620, 'South Cotabato', 'SCO', 168, 'PH', 'Active', 0), 
(2621, 'Southern Leyte', 'SLE', 168, 'PH', 'Active', 0), 
(2622, 'Sultan Kudarat', 'SKU', 168, 'PH', 'Active', 0), 
(2623, 'Sulu', 'SLU', 168, 'PH', 'Active', 0), 
(2624, 'Surigao del Norte', 'SNO', 168, 'PH', 'Active', 0), 
(2625, 'Surigao del Sur', 'SSU', 168, 'PH', 'Active', 0), 
(2626, 'Tarlac', 'TAR', 168, 'PH', 'Active', 0), 
(2627, 'Tawi-Tawi', 'TAW', 168, 'PH', 'Active', 0), 
(2628, 'Zambales', 'ZBL', 168, 'PH', 'Active', 0), 
(2629, 'Zamboanga del Norte', 'ZNO', 168, 'PH', 'Active', 0), 
(2630, 'Zamboanga del Sur', 'ZSU', 168, 'PH', 'Active', 0), 
(2631, 'Zamboanga Sibugay', 'ZSI', 168, 'PH', 'Active', 0), 
(2632, 'Dolnoslaskie', 'DO', 170, 'PL', 'Active', 0), 
(2633, 'Kujawsko-Pomorskie', 'KP', 170, 'PL', 'Active', 0), 
(2634, 'Lodzkie', 'LO', 170, 'PL', 'Active', 0), 
(2635, 'Lubelskie', 'LL', 170, 'PL', 'Active', 0), 
(2636, 'Lubuskie', 'LU', 170, 'PL', 'Active', 0), 
(2637, 'Malopolskie', 'ML', 170, 'PL', 'Active', 0), 
(2638, 'Mazowieckie', 'MZ', 170, 'PL', 'Active', 0), 
(2639, 'Opolskie', 'OP', 170, 'PL', 'Active', 0), 
(2640, 'Podkarpackie', 'PP', 170, 'PL', 'Active', 0), 
(2641, 'Podlaskie', 'PL', 170, 'PL', 'Active', 0), 
(2642, 'Pomorskie', 'PM', 170, 'PL', 'Active', 0), 
(2643, 'Slaskie', 'SL', 170, 'PL', 'Active', 0), 
(2644, 'Swietokrzyskie', 'SW', 170, 'PL', 'Active', 0), 
(2645, 'Warminsko-Mazurskie', 'WM', 170, 'PL', 'Active', 0), 
(2646, 'Wielkopolskie', 'WP', 170, 'PL', 'Active', 0), 
(2647, 'Zachodniopomorskie', 'ZA', 170, 'PL', 'Active', 0), 
(2648, 'Saint Pierre', 'P', 198, 'PM', 'Active', 0), 
(2649, 'Miquelon', 'M', 198, 'PM', 'Active', 0), 
(2651, 'Aveiro', 'AV', 171, 'PT', 'Active', 0), 
(2652, 'Beja', 'BE', 171, 'PT', 'Active', 0), 
(2653, 'Braga', 'BR', 171, 'PT', 'Active', 0), 
(2654, 'Bragan&ccedil;a', 'BA', 171, 'PT', 'Active', 0), 
(2655, 'Castelo Branco', 'CB', 171, 'PT', 'Active', 0), 
(2656, 'Coimbra', 'CO', 171, 'PT', 'Active', 0), 
(2659, 'Guarda', 'GU', 171, 'PT', 'Active', 0), 
(2660, 'Leiria', 'LE', 171, 'PT', 'Active', 0), 
(2661, 'Lisboa', 'LI', 171, 'PT', 'Active', 0), 
(2662, 'Madeira', 'ME', 171, 'PT', 'Active', 0), 
(2663, 'Portalegre', 'PO', 171, 'PT', 'Active', 0), 
(2664, 'Porto', 'PR', 171, 'PT', 'Active', 0), 
(2665, 'Santar&eacute;m', 'SA', 171, 'PT', 'Active', 0), 
(2666, 'Set&uacute;bal', 'SE', 171, 'PT', 'Active', 0), 
(2667, 'Viana do Castelo', 'VC', 171, 'PT', 'Active', 0), 
(2668, 'Vila Real', 'VR', 171, 'PT', 'Active', 0), 
(2669, 'Viseu', 'VI', 171, 'PT', 'Active', 0), 
(2670, 'Ad Dawhah', 'DW', 173, 'QA', 'Active', 0), 
(2671, 'Al Ghuwayriyah', 'GW', 173, 'QA', 'Active', 0), 
(2672, 'Al Jumayliyah', 'JM', 173, 'QA', 'Active', 0), 
(2673, 'Al Khawr', 'KR', 173, 'QA', 'Active', 0), 
(2674, 'Al Wakrah', 'WK', 173, 'QA', 'Active', 0), 
(2675, 'Ar Rayyan', 'RN', 173, 'QA', 'Active', 0), 
(2676, 'Jarayan al Batinah', 'JB', 173, 'QA', 'Active', 0), 
(2677, 'Madinat ash Shamal', 'MS', 173, 'QA', 'Active', 0), 
(2678, 'Umm Sa''id', 'UD', 173, 'QA', 'Active', 0), 
(2679, 'Umm Salal', 'UL', 173, 'QA', 'Active', 0), 
(2680, 'Alba', 'AB', 175, 'RO', 'Active', 0), 
(2681, 'Arad', 'AR', 175, 'RO', 'Active', 0), 
(2682, 'Arges', 'AG', 175, 'RO', 'Active', 0), 
(2683, 'Bacau', 'BC', 175, 'RO', 'Active', 0), 
(2684, 'Bihor', 'BH', 175, 'RO', 'Active', 0), 
(2685, 'Bistrita-Nasaud', 'BN', 175, 'RO', 'Active', 0), 
(2686, 'Botosani', 'BT', 175, 'RO', 'Active', 0), 
(2687, 'Brasov', 'BV', 175, 'RO', 'Active', 0), 
(2688, 'Braila', 'BR', 175, 'RO', 'Active', 0), 
(2689, 'Bucuresti', 'B', 175, 'RO', 'Active', 0), 
(2690, 'Buzau', 'BZ', 175, 'RO', 'Active', 0), 
(2691, 'Caras-Severin', 'CS', 175, 'RO', 'Active', 0), 
(2692, 'Calarasi', 'CL', 175, 'RO', 'Active', 0), 
(2693, 'Cluj', 'CJ', 175, 'RO', 'Active', 0), 
(2694, 'Constanta', 'CT', 175, 'RO', 'Active', 0), 
(2695, 'Covasna', 'CV', 175, 'RO', 'Active', 0), 
(2696, 'Dimbovita', 'DB', 175, 'RO', 'Active', 0), 
(2697, 'Dolj', 'DJ', 175, 'RO', 'Active', 0), 
(2698, 'Galati', 'GL', 175, 'RO', 'Active', 0), 
(2699, 'Giurgiu', 'GR', 175, 'RO', 'Active', 0), 
(2700, 'Gorj', 'GJ', 175, 'RO', 'Active', 0), 
(2701, 'Harghita', 'HR', 175, 'RO', 'Active', 0), 
(2702, 'Hunedoara', 'HD', 175, 'RO', 'Active', 0), 
(2703, 'Ialomita', 'IL', 175, 'RO', 'Active', 0), 
(2704, 'Iasi', 'IS', 175, 'RO', 'Active', 0), 
(2705, 'Ilfov', 'IF', 175, 'RO', 'Active', 0), 
(2706, 'Maramures', 'MM', 175, 'RO', 'Active', 0), 
(2707, 'Mehedinti', 'MH', 175, 'RO', 'Active', 0), 
(2708, 'Mures', 'MS', 175, 'RO', 'Active', 0), 
(2709, 'Neamt', 'NT', 175, 'RO', 'Active', 0), 
(2710, 'Olt', 'OT', 175, 'RO', 'Active', 0), 
(2711, 'Prahova', 'PH', 175, 'RO', 'Active', 0), 
(2712, 'Satu-Mare', 'SM', 175, 'RO', 'Active', 0), 
(2713, 'Salaj', 'SJ', 175, 'RO', 'Active', 0), 
(2714, 'Sibiu', 'SB', 175, 'RO', 'Active', 0), 
(2715, 'Suceava', 'SV', 175, 'RO', 'Active', 0), 
(2716, 'Teleorman', 'TR', 175, 'RO', 'Active', 0), 
(2717, 'Timis', 'TM', 175, 'RO', 'Active', 0), 
(2718, 'Tulcea', 'TL', 175, 'RO', 'Active', 0), 
(2719, 'Vaslui', 'VS', 175, 'RO', 'Active', 0), 
(2720, 'Valcea', 'VL', 175, 'RO', 'Active', 0), 
(2721, 'Vrancea', 'VN', 175, 'RO', 'Active', 0), 
(2722, 'Abakan', 'AB', 223, 'US', 'Active', 0), 
(2723, 'Aginskoye', 'AG', 176, 'RU', 'Active', 0), 
(2724, 'Anadyr', 'AN', 176, 'RU', 'Active', 0), 
(2725, 'Arkahangelsk', 'AR', 176, 'RU', 'Active', 0), 
(2726, 'Astrakhan', 'AS', 176, 'RU', 'Active', 0), 
(2727, 'Barnaul', 'BA', 176, 'RU', 'Active', 0), 
(2728, 'Belgorod', 'BE', 176, 'RU', 'Active', 0), 
(2729, 'Birobidzhan', 'BI', 176, 'RU', 'Active', 0), 
(2730, 'Blagoveshchensk', 'BL', 176, 'RU', 'Active', 0), 
(2731, 'Bryansk', 'BR', 176, 'RU', 'Active', 0), 
(2732, 'Cheboksary', 'CH', 176, 'RU', 'Active', 0), 
(2733, 'Chelyabinsk', 'CL', 176, 'RU', 'Active', 0), 
(2734, 'Cherkessk', 'CR', 176, 'RU', 'Active', 0), 
(2735, 'Chita', 'CI', 176, 'RU', 'Active', 0), 
(2736, 'Dudinka', 'DU', 176, 'RU', 'Active', 0), 
(2737, 'Elista', 'EL', 176, 'RU', 'Active', 0), 
(2738, 'Gomo-Altaysk', 'GO', 176, 'RU', 'Active', 0), 
(2739, 'Gorno-Altaysk', 'GA', 176, 'RU', 'Active', 0), 
(2740, 'Groznyy', 'GR', 176, 'RU', 'Active', 0), 
(2741, 'Irkutsk', 'IR', 176, 'RU', 'Active', 0), 
(2742, 'Ivanovo', 'IV', 176, 'RU', 'Active', 0), 
(2743, 'Izhevsk', 'IZ', 176, 'RU', 'Active', 0), 
(2744, 'Kalinigrad', 'KA', 176, 'RU', 'Active', 0), 
(2745, 'Kaluga', 'KL', 176, 'RU', 'Active', 0), 
(2746, 'Kasnodar', 'KS', 176, 'RU', 'Active', 0), 
(2747, 'Kazan', 'KZ', 176, 'RU', 'Active', 0), 
(2748, 'Kemerovo', 'KE', 176, 'RU', 'Active', 0), 
(2749, 'Khabarovsk', 'KH', 176, 'RU', 'Active', 0), 
(2750, 'Khanty-Mansiysk', 'KM', 176, 'RU', 'Active', 0), 
(2751, 'Kostroma', 'KO', 176, 'RU', 'Active', 0), 
(2752, 'Krasnodar', 'KR', 176, 'RU', 'Active', 0), 
(2753, 'Krasnoyarsk', 'KN', 176, 'RU', 'Active', 0), 
(2754, 'Kudymkar', 'KU', 176, 'RU', 'Active', 0), 
(2755, 'Kurgan', 'KG', 176, 'RU', 'Active', 0), 
(2756, 'Kursk', 'KK', 176, 'RU', 'Active', 0), 
(2757, 'Kyzyl', 'KY', 176, 'RU', 'Active', 0), 
(2758, 'Lipetsk', 'LI', 176, 'RU', 'Active', 0), 
(2759, 'Magadan', 'MA', 176, 'RU', 'Active', 0), 
(2760, 'Makhachkala', 'MK', 176, 'RU', 'Active', 0), 
(2761, 'Maykop', 'MY', 176, 'RU', 'Active', 0), 
(2762, 'Moscow', 'MO', 176, 'RU', 'Active', 0), 
(2763, 'Murmansk', 'MU', 176, 'RU', 'Active', 0), 
(2764, 'Nalchik', 'NA', 176, 'RU', 'Active', 0), 
(2765, 'Naryan Mar', 'NR', 176, 'RU', 'Active', 0), 
(2766, 'Nazran', 'NZ', 176, 'RU', 'Active', 0), 
(2767, 'Nizhniy Novgorod', 'NI', 176, 'RU', 'Active', 0), 
(2768, 'Novgorod', 'NO', 176, 'RU', 'Active', 0), 
(2769, 'Novosibirsk', 'NV', 176, 'RU', 'Active', 0), 
(2770, 'Omsk', 'OM', 176, 'RU', 'Active', 0), 
(2771, 'Orel', 'OR', 176, 'RU', 'Active', 0), 
(2772, 'Orenburg', 'OE', 176, 'RU', 'Active', 0), 
(2773, 'Palana', 'PA', 176, 'RU', 'Active', 0), 
(2774, 'Penza', 'PE', 176, 'RU', 'Active', 0), 
(2775, 'Perm', 'PR', 176, 'RU', 'Active', 0), 
(2776, 'Petropavlovsk-Kamchatskiy', 'PK', 176, 'RU', 'Active', 0), 
(2777, 'Petrozavodsk', 'PT', 176, 'RU', 'Active', 0), 
(2778, 'Pskov', 'PS', 176, 'RU', 'Active', 0), 
(2779, 'Rostov-na-Donu', 'RO', 176, 'RU', 'Active', 0), 
(2780, 'Ryazan', 'RY', 176, 'RU', 'Active', 0), 
(2781, 'Salekhard', 'SL', 176, 'RU', 'Active', 0), 
(2782, 'Samara', 'SA', 176, 'RU', 'Active', 0), 
(2783, 'Saransk', 'SR', 176, 'RU', 'Active', 0), 
(2784, 'Saratov', 'SV', 176, 'RU', 'Active', 0), 
(2785, 'Smolensk', 'SM', 176, 'RU', 'Active', 0), 
(2786, 'St. Petersburg', 'SP', 176, 'RU', 'Active', 0), 
(2787, 'Stavropol', 'ST', 176, 'RU', 'Active', 0), 
(2788, 'Syktyvkar', 'SY', 176, 'RU', 'Active', 0), 
(2789, 'Tambov', 'TA', 176, 'RU', 'Active', 0), 
(2790, 'Tomsk', 'TO', 176, 'RU', 'Active', 0), 
(2791, 'Tula', 'TU', 176, 'RU', 'Active', 0), 
(2792, 'Tura', 'TR', 176, 'RU', 'Active', 0), 
(2793, 'Tver', 'TV', 176, 'RU', 'Active', 0), 
(2794, 'Tyumen', 'TY', 176, 'RU', 'Active', 0), 
(2795, 'Ufa', 'UF', 176, 'RU', 'Active', 0), 
(2796, 'Ul''yanovsk', 'UL', 176, 'RU', 'Active', 0), 
(2797, 'Ulan-Ude', 'UU', 176, 'RU', 'Active', 0), 
(2798, 'Ust''-Ordynskiy', 'US', 176, 'RU', 'Active', 0), 
(2799, 'Vladikavkaz', 'VL', 176, 'RU', 'Active', 0), 
(2800, 'Vladimir', 'VA', 176, 'RU', 'Active', 0), 
(2801, 'Vladivostok', 'VV', 176, 'RU', 'Active', 0), 
(2802, 'Volgograd', 'VG', 176, 'RU', 'Active', 0), 
(2803, 'Vologda', 'VD', 176, 'RU', 'Active', 0), 
(2804, 'Voronezh', 'VO', 176, 'RU', 'Active', 0), 
(2805, 'Vyatka', 'VY', 176, 'RU', 'Active', 0), 
(2806, 'Yakutsk', 'YA', 176, 'RU', 'Active', 0), 
(2807, 'Yaroslavl', 'YR', 176, 'RU', 'Active', 0), 
(2808, 'Yekaterinburg', 'YE', 176, 'RU', 'Active', 0), 
(2809, 'Yoshkar-Ola', 'YO', 176, 'RU', 'Active', 0), 
(2810, 'Butare', 'BU', 177, 'RW', 'Active', 0), 
(2811, 'Byumba', 'BY', 177, 'RW', 'Active', 0), 
(2812, 'Cyangugu', 'CY', 177, 'RW', 'Active', 0), 
(2813, 'Gikongoro', 'GK', 177, 'RW', 'Active', 0), 
(2814, 'Gisenyi', 'GS', 177, 'RW', 'Active', 0), 
(2815, 'Gitarama', 'GT', 177, 'RW', 'Active', 0), 
(2816, 'Kibungo', 'KG', 177, 'RW', 'Active', 0), 
(2817, 'Kibuye', 'KY', 177, 'RW', 'Active', 0), 
(2818, 'Kigali Rurale', 'KR', 177, 'RW', 'Active', 0), 
(2819, 'Kigali-ville', 'KV', 177, 'RW', 'Active', 0), 
(2820, 'Ruhengeri', 'RU', 177, 'RW', 'Active', 0), 
(2821, 'Umutara', 'UM', 177, 'RW', 'Active', 0), 
(2822, 'Christ Church Nichola Town', 'CCN', 178, 'KN', 'Active', 0), 
(2823, 'Saint Anne Sandy Point', 'SAS', 178, 'KN', 'Active', 0), 
(2824, 'Saint George Basseterre', 'SGB', 178, 'KN', 'Active', 0), 
(2825, 'Saint George Gingerland', 'SGG', 178, 'KN', 'Active', 0), 
(2826, 'Saint James Windward', 'SJW', 178, 'KN', 'Active', 0), 
(2827, 'Saint John Capesterre', 'SJC', 178, 'KN', 'Active', 0), 
(2828, 'Saint John Figtree', 'SJF', 178, 'KN', 'Active', 0), 
(2829, 'Saint Mary Cayon', 'SMC', 178, 'KN', 'Active', 0), 
(2830, 'Saint Paul Capesterre', 'CAP', 178, 'KN', 'Active', 0), 
(2831, 'Saint Paul Charlestown', 'CHA', 178, 'KN', 'Active', 0), 
(2832, 'Saint Peter Basseterre', 'SPB', 178, 'KN', 'Active', 0), 
(2833, 'Saint Thomas Lowland', 'STL', 178, 'KN', 'Active', 0), 
(2834, 'Saint Thomas Middle Island', 'STM', 178, 'KN', 'Active', 0), 
(2835, 'Trinity Palmetto Point', 'TPP', 178, 'KN', 'Active', 0), 
(2836, 'Anse-la-Raye', 'AR', 179, 'LC', 'Active', 0), 
(2837, 'Castries', 'CA', 179, 'LC', 'Active', 0), 
(2838, 'Choiseul', 'CH', 179, 'LC', 'Active', 0), 
(2839, 'Dauphin', 'DA', 179, 'LC', 'Active', 0), 
(2840, 'Dennery', 'DE', 179, 'LC', 'Active', 0), 
(2841, 'Gros-Islet', 'GI', 179, 'LC', 'Active', 0), 
(2842, 'Laborie', 'LA', 179, 'LC', 'Active', 0), 
(2843, 'Micoud', 'MI', 179, 'LC', 'Active', 0), 
(2844, 'Praslin', 'PR', 179, 'LC', 'Active', 0), 
(2845, 'Soufriere', 'SO', 179, 'LC', 'Active', 0), 
(2846, 'Vieux-Fort', 'VF', 179, 'LC', 'Active', 0), 
(2847, 'Charlotte', 'C', 180, 'VC', 'Active', 0), 
(2848, 'Grenadines', 'R', 180, 'VC', 'Active', 0), 
(2849, 'Saint Andrew', 'A', 180, 'VC', 'Active', 0), 
(2850, 'Saint David', 'D', 180, 'VC', 'Active', 0), 
(2851, 'Saint George', 'G', 180, 'VC', 'Active', 0), 
(2852, 'Saint Patrick', 'P', 180, 'VC', 'Active', 0), 
(2854, 'Aiga-i-le-Tai', 'AI', 181, 'WS', 'Active', 0), 
(2855, 'Atua', 'AT', 181, 'WS', 'Active', 0), 
(2856, 'Fa''asaleleaga', 'FA', 181, 'WS', 'Active', 0), 
(2857, 'Gaga''emauga', 'GE', 181, 'WS', 'Active', 0), 
(2858, 'Gagaifomauga', 'GF', 181, 'WS', 'Active', 0), 
(2859, 'Palauli', 'PA', 181, 'WS', 'Active', 0), 
(2860, 'Satupa''itea', 'SA', 181, 'WS', 'Active', 0), 
(2861, 'Tuamasaga', 'TU', 181, 'WS', 'Active', 0), 
(2862, 'Va''a-o-Fonoti', 'VF', 181, 'WS', 'Active', 0), 
(2863, 'Vaisigano', 'VS', 181, 'WS', 'Active', 0), 
(2864, 'Acquaviva', 'AC', 182, 'SM', 'Active', 0), 
(2865, 'Borgo Maggiore', 'BM', 182, 'SM', 'Active', 0), 
(2866, 'Chiesanuova', 'CH', 182, 'SM', 'Active', 0), 
(2867, 'Domagnano', 'DO', 182, 'SM', 'Active', 0), 
(2868, 'Faetano', 'FA', 182, 'SM', 'Active', 0), 
(2869, 'Fiorentino', 'FI', 182, 'SM', 'Active', 0), 
(2870, 'Montegiardino', 'MO', 182, 'SM', 'Active', 0), 
(2871, 'Citta di San Marino', 'SM', 182, 'SM', 'Active', 0), 
(2872, 'Serravalle', 'SE', 182, 'SM', 'Active', 0), 
(2873, 'Sao Tome', 'S', 183, 'ST', 'Active', 0), 
(2874, 'Principe', 'P', 183, 'ST', 'Active', 0), 
(2875, 'Al Bahah', 'BH', 184, 'SA', 'Active', 0), 
(2876, 'Al Hudud ash Shamaliyah', 'HS', 184, 'SA', 'Active', 0), 
(2877, 'Al Jawf', 'JF', 184, 'SA', 'Active', 0), 
(2878, 'Al Madinah', 'MD', 184, 'SA', 'Active', 0), 
(2879, 'Al Qasim', 'QS', 184, 'SA', 'Active', 0), 
(2880, 'Ar Riyad', 'RD', 184, 'SA', 'Active', 0), 
(2881, 'Ash Sharqiyah (Eastern)', 'AQ', 184, 'SA', 'Active', 0), 
(2886, 'Najran', 'NR', 184, 'SA', 'Active', 0), 
(2887, 'Tabuk', 'TB', 184, 'SA', 'Active', 0), 
(2888, 'Dakar', 'DA', 185, 'SN', 'Active', 0), 
(2889, 'Diourbel', 'DI', 185, 'SN', 'Active', 0), 
(2890, 'Fatick', 'FA', 185, 'SN', 'Active', 0), 
(2891, 'Kaolack', 'KA', 185, 'SN', 'Active', 0), 
(2892, 'Kolda', 'KO', 185, 'SN', 'Active', 0), 
(2893, 'Louga', 'LO', 185, 'SN', 'Active', 0), 
(2894, 'Matam', 'MA', 185, 'SN', 'Active', 0), 
(2895, 'Saint-Louis', 'SL', 185, 'SN', 'Active', 0), 
(2896, 'Tambacounda', 'TA', 185, 'SN', 'Active', 0), 
(2897, 'Thies', 'TH', 185, 'SN', 'Active', 0), 
(2898, 'Ziguinchor', 'ZI', 185, 'SN', 'Active', 0), 
(2899, 'Anse aux Pins', 'AP', 186, 'SC', 'Active', 0), 
(2900, 'Anse Boileau', 'AB', 186, 'SC', 'Active', 0), 
(2901, 'Anse Etoile', 'AE', 186, 'SC', 'Active', 0), 
(2902, 'Anse Louis', 'AL', 186, 'SC', 'Active', 0), 
(2903, 'Anse Royale', 'AR', 186, 'SC', 'Active', 0), 
(2904, 'Baie Lazare', 'BL', 186, 'SC', 'Active', 0), 
(2905, 'Baie Sainte Anne', 'BS', 186, 'SC', 'Active', 0), 
(2906, 'Beau Vallon', 'BV', 186, 'SC', 'Active', 0), 
(2907, 'Bel Air', 'BA', 186, 'SC', 'Active', 0), 
(2908, 'Bel Ombre', 'BO', 186, 'SC', 'Active', 0), 
(2909, 'Cascade', 'CA', 186, 'SC', 'Active', 0), 
(2910, 'Glacis', 'GL', 186, 'SC', 'Active', 0), 
(2911, 'Grand'' Anse (on Mahe)', 'GM', 186, 'SC', 'Active', 0), 
(2912, 'Grand'' Anse (on Praslin)', 'GP', 186, 'SC', 'Active', 0), 
(2913, 'La Digue', 'DG', 186, 'SC', 'Active', 0), 
(2914, 'La Riviere Anglaise', 'RA', 186, 'SC', 'Active', 0), 
(2915, 'Mont Buxton', 'MB', 186, 'SC', 'Active', 0), 
(2916, 'Mont Fleuri', 'MF', 186, 'SC', 'Active', 0), 
(2917, 'Plaisance', 'PL', 186, 'SC', 'Active', 0), 
(2918, 'Pointe La Rue', 'PR', 186, 'SC', 'Active', 0), 
(2919, 'Port Glaud', 'PG', 186, 'SC', 'Active', 0), 
(2920, 'Saint Louis', 'SL', 186, 'SC', 'Active', 0), 
(2921, 'Takamaka', 'TA', 186, 'SC', 'Active', 0), 
(2922, 'Eastern', 'E', 187, 'SL', 'Active', 0), 
(2923, 'Northern', 'N', 187, 'SL', 'Active', 0), 
(2924, 'Southern', 'S', 187, 'SL', 'Active', 0), 
(2925, 'Western', 'W', 187, 'SL', 'Active', 0), 
(2926, 'Banskobystricky', 'BA', 189, 'SK', 'Active', 0), 
(2927, 'Bratislavsky', 'BR', 189, 'SK', 'Active', 0), 
(2928, 'Kosicky', 'KO', 189, 'SK', 'Active', 0), 
(2929, 'Nitriansky', 'NI', 189, 'SK', 'Active', 0), 
(2930, 'Presovsky', 'PR', 189, 'SK', 'Active', 0), 
(2931, 'Trenciansky', 'TC', 189, 'SK', 'Active', 0), 
(2932, 'Trnavsky', 'TV', 189, 'SK', 'Active', 0), 
(2933, 'Zilinsky', 'ZI', 189, 'SK', 'Active', 0), 
(2934, 'Central', 'CE', 191, 'SB', 'Active', 0), 
(2935, 'Choiseul', 'CH', 191, 'SB', 'Active', 0), 
(2936, 'Guadalcanal', 'GC', 191, 'SB', 'Active', 0), 
(2937, 'Honiara', 'HO', 191, 'SB', 'Active', 0), 
(2938, 'Isabel', 'IS', 191, 'SB', 'Active', 0), 
(2939, 'Makira', 'MK', 191, 'SB', 'Active', 0), 
(2940, 'Malaita', 'ML', 191, 'SB', 'Active', 0), 
(2941, 'Rennell and Bellona', 'RB', 191, 'SB', 'Active', 0), 
(2942, 'Temotu', 'TM', 191, 'SB', 'Active', 0), 
(2943, 'Western', 'WE', 191, 'SB', 'Active', 0), 
(2944, 'Awdal', 'AW', 192, 'SO', 'Active', 0), 
(2945, 'Bakool', 'BK', 192, 'SO', 'Active', 0), 
(2946, 'Banaadir', 'BN', 192, 'SO', 'Active', 0), 
(2947, 'Bari', 'BR', 192, 'SO', 'Active', 0), 
(2948, 'Bay', 'BY', 192, 'SO', 'Active', 0), 
(2949, 'Galguduud', 'GA', 192, 'SO', 'Active', 0), 
(2950, 'Gedo', 'GE', 192, 'SO', 'Active', 0), 
(2951, 'Hiiraan', 'HI', 192, 'SO', 'Active', 0), 
(2952, 'Jubbada Dhexe', 'JD', 192, 'SO', 'Active', 0), 
(2953, 'Jubbada Hoose', 'JH', 192, 'SO', 'Active', 0), 
(2954, 'Mudug', 'MU', 192, 'SO', 'Active', 0), 
(2955, 'Nugaal', 'NU', 192, 'SO', 'Active', 0), 
(2956, 'Sanaag', 'SA', 192, 'SO', 'Active', 0), 
(2957, 'Shabeellaha Dhexe', 'SD', 192, 'SO', 'Active', 0), 
(2958, 'Shabeellaha Hoose', 'SH', 192, 'SO', 'Active', 0), 
(2959, 'Sool', 'SL', 192, 'SO', 'Active', 0), 
(2960, 'Togdheer', 'TO', 192, 'SO', 'Active', 0), 
(2961, 'Woqooyi Galbeed', 'WG', 192, 'SO', 'Active', 0), 
(2962, 'Eastern Cape', 'EC', 193, 'ZA', 'Active', 0), 
(2963, 'Free State', 'FS', 193, 'ZA', 'Active', 0), 
(2964, 'Gauteng', 'GT', 193, 'ZA', 'Active', 0), 
(2965, 'KwaZulu-Natal', 'KN', 193, 'ZA', 'Active', 0), 
(2966, 'Limpopo', 'LP', 193, 'ZA', 'Active', 0), 
(2967, 'Mpumalanga', 'MP', 193, 'ZA', 'Active', 0), 
(2968, 'North West', 'NW', 193, 'ZA', 'Active', 0), 
(2969, 'Northern Cape', 'NC', 193, 'ZA', 'Active', 0), 
(2970, 'Western Cape', 'WC', 193, 'ZA', 'Active', 0), 
(2971, 'ACoruna', 'CA', 195, 'ES', 'Active', 0), 
(2973, 'Albacete', 'AB', 195, 'ES', 'Active', 0), 
(2974, 'Alicante', 'AC', 195, 'ES', 'Active', 0), 
(2975, 'Almeria', 'AM', 195, 'ES', 'Active', 0), 
(2976, 'Asturias', 'AS', 195, 'ES', 'Active', 0), 
(2978, 'Badajoz', 'BJ', 195, 'ES', 'Active', 0), 
(2979, 'Baleares', 'IB', 195, 'ES', 'Active', 0), 
(2980, 'Barcelona', 'BA', 195, 'ES', 'Active', 0), 
(2981, 'Burgos', 'BU', 195, 'ES', 'Active', 0), 
(2982, 'C&aacute;ceres', 'CC', 195, 'ES', 'Active', 0), 
(2983, 'C&aacute;diz', 'CZ', 195, 'ES', 'Active', 0), 
(2984, 'Cantabria', 'CT', 195, 'ES', 'Active', 0), 
(2985, 'Castell&oacute;n', 'CL', 195, 'ES', 'Active', 0), 
(2986, 'Ceuta', 'CE', 195, 'ES', 'Active', 0), 
(2987, 'Ciudad Real', 'CR', 195, 'ES', 'Active', 0), 
(2988, 'C&oacute;rdoba', 'CD', 195, 'ES', 'Active', 0), 
(2989, 'Cuenca', 'CU', 195, 'ES', 'Active', 0), 
(2990, 'Girona', 'GI', 195, 'ES', 'Active', 0), 
(2991, 'Granada', 'GD', 195, 'ES', 'Active', 0), 
(2992, 'Guadalajara', 'GJ', 195, 'ES', 'Active', 0), 
(2993, 'Guip&uacute;zcoa', 'GP', 195, 'ES', 'Active', 0), 
(2994, 'Huelva', 'HL', 195, 'ES', 'Active', 0), 
(2995, 'Huesca', 'HS', 195, 'ES', 'Active', 0), 
(2996, 'Ja&eacute;n', 'JN', 195, 'ES', 'Active', 0), 
(2997, 'La Rioja', 'RJ', 195, 'ES', 'Active', 0), 
(2998, 'Las Palmas', 'PM', 195, 'ES', 'Active', 0), 
(2999, 'Leon', 'LE', 195, 'ES', 'Active', 0), 
(3000, 'Lleida', 'LL', 195, 'ES', 'Active', 0), 
(3001, 'Lugo', 'LG', 195, 'ES', 'Active', 0), 
(3002, 'Madrid', 'MD', 195, 'ES', 'Active', 0), 
(3003, 'Malaga', 'MA', 195, 'ES', 'Active', 0), 
(3004, 'Melilla', 'ML', 195, 'ES', 'Active', 0), 
(3005, 'Murcia', 'MU', 195, 'ES', 'Active', 0), 
(3006, 'Navarra', 'NV', 195, 'ES', 'Active', 0), 
(3007, 'Ourense', 'OU', 195, 'ES', 'Active', 0), 
(3008, 'Palencia', 'PL', 195, 'ES', 'Active', 0), 
(3009, 'Pontevedra', 'PO', 195, 'ES', 'Active', 0), 
(3010, 'Salamanca', 'SL', 195, 'ES', 'Active', 0), 
(3011, 'Santa Cruz de Tenerife', 'SC', 195, 'ES', 'Active', 0), 
(3012, 'Segovia', 'SG', 195, 'ES', 'Active', 0), 
(3013, 'Sevilla', 'SV', 195, 'ES', 'Active', 0), 
(3014, 'Soria', 'SO', 195, 'ES', 'Active', 0), 
(3015, 'Tarragona', 'TA', 195, 'ES', 'Active', 0), 
(3016, 'Teruel', 'TE', 195, 'ES', 'Active', 0), 
(3017, 'Toledo', 'TO', 195, 'ES', 'Active', 0), 
(3018, 'Valencia', 'VC', 195, 'ES', 'Active', 0), 
(3019, 'Valladolid', 'VD', 195, 'ES', 'Active', 0), 
(3020, 'Vizcaya', 'VZ', 195, 'ES', 'Active', 0), 
(3021, 'Zamora', 'ZM', 195, 'ES', 'Active', 0), 
(3022, 'Zaragoza', 'ZR', 195, 'ES', 'Active', 0), 
(3023, 'Central', 'CE', 196, 'LK', 'Active', 0), 
(3024, 'Eastern', 'EA', 196, 'LK', 'Active', 0), 
(3025, 'North Central', 'NC', 196, 'LK', 'Active', 0), 
(3026, 'Northern', 'NO', 196, 'LK', 'Active', 0), 
(3027, 'North Western', 'NW', 196, 'LK', 'Active', 0), 
(3028, 'Sabaragamuwa', 'SA', 196, 'LK', 'Active', 0), 
(3029, 'Southern', 'SO', 196, 'LK', 'Active', 0), 
(3030, 'Uva', 'UV', 196, 'LK', 'Active', 0), 
(3031, 'Western', 'WE', 196, 'LK', 'Active', 0), 
(3032, 'Ascension', 'A', 197, 'SH', 'Active', 0), 
(3033, 'Saint Helena', 'S', 197, 'SH', 'Active', 0), 
(3034, 'Tristan da Cunha', 'T', 197, 'SH', 'Active', 0), 
(3036, 'Al Bahr al Ahmar', 'BAM', 199, 'SD', 'Active', 0), 
(3037, 'Al Buhayrat', 'BRT', 199, 'SD', 'Active', 0), 
(3038, 'Al Jazirah', 'JZR', 199, 'SD', 'Active', 0), 
(3039, 'Al Khartum', 'KRT', 199, '', 'Active', 0), 
(3040, 'Al Qadarif', 'QDR', 199, 'SD', 'Active', 0), 
(3041, 'Al Wahdah', 'WDH', 199, 'SD', 'Active', 0), 
(3042, 'An Nil al Abyad', 'ANB', 199, 'SD', 'Active', 0), 
(3043, 'An Nil al Azraq', 'ANZ', 199, 'SD', 'Active', 0), 
(3044, 'Ash Shamaliyah', 'ASH', 199, 'SD', 'Active', 0), 
(3045, 'Bahr al Jabal', 'BJA', 199, 'SD', 'Active', 0), 
(3046, 'Gharb al Istiwa''iyah', 'GIS', 199, 'SD', 'Active', 0), 
(3047, 'Gharb Bahr al Ghazal', 'GBG', 199, 'SD', 'Active', 0), 
(3048, 'Gharb Darfur', 'GDA', 199, 'SD', 'Active', 0), 
(3049, 'Gharb Kurdufan', 'GKU', 199, 'SD', 'Active', 0), 
(3050, 'Janub Darfur', 'JDA', 199, 'SD', 'Active', 0), 
(3051, 'Janub Kurdufan', 'JKU', 199, 'SD', 'Active', 0), 
(3052, 'Junqali', 'JQL', 199, 'SD', 'Active', 0), 
(3053, 'Kassala', 'KSL', 199, 'SD', 'Active', 0), 
(3054, 'Nahr an Nil', 'NNL', 199, 'SD', 'Active', 0), 
(3055, 'Shamal Bahr al Ghazal', 'SBG', 199, 'SD', 'Active', 0), 
(3056, 'Shamal Darfur', 'SDA', 199, 'SD', 'Active', 0), 
(3057, 'Shamal Kurdufan', 'SKU', 199, 'SD', 'Active', 0), 
(3058, 'Sharq al Istiwa''iyah', 'SIS', 199, 'SD', 'Active', 0), 
(3059, 'Sinnar', 'SNR', 199, 'SD', 'Active', 0), 
(3060, 'Warab', 'WRB', 199, 'SD', 'Active', 0), 
(3061, 'Brokopondo', 'BR', 200, 'SR', 'Active', 0), 
(3062, 'Commewijne', 'CM', 200, 'SR', 'Active', 0), 
(3063, 'Coronie', 'CR', 200, 'SR', 'Active', 0), 
(3064, 'Marowijne', 'MA', 200, 'SR', 'Active', 0), 
(3065, 'Nickerie', 'NI', 200, 'SR', 'Active', 0);

INSERT INTO `mod_state` (`iStateId`, `vState`, `vStateCode`, `iCountryId`, `vCountryCode`, `eStatus`, `iSysRecDeleted`) VALUES 
(3066, 'Para', 'PA', 200, 'SR', 'Active', 0), 
(3067, 'Paramaribo', 'PM', 200, 'SR', 'Active', 0), 
(3068, 'Saramacca', 'SA', 200, 'SR', 'Active', 0), 
(3069, 'Sipaliwini', 'SI', 200, 'SR', 'Active', 0), 
(3070, 'Wanica', 'WA', 200, 'SR', 'Active', 0), 
(3071, 'Hhohho', 'H', 202, 'SZ', 'Active', 0), 
(3072, 'Lubombo', 'L', 202, 'SZ', 'Active', 0), 
(3073, 'Manzini', 'M', 202, 'SZ', 'Active', 0), 
(3074, 'Shishelweni', 'S', 202, 'SZ', 'Active', 0), 
(3075, 'Blekinge', 'BL', 203, 'SE', 'Active', 0), 
(3076, 'Dalama', 'DA', 203, 'SE', 'Active', 0), 
(3077, 'Gavleborg', 'GA', 203, 'SE', 'Active', 0), 
(3078, 'Gotland', 'GO', 203, 'SE', 'Active', 0), 
(3079, 'Halland', 'HA', 203, 'SE', 'Active', 0), 
(3080, 'Jamtland', 'JA', 203, 'SE', 'Active', 0), 
(3081, 'Jonkping', 'JO', 203, 'SE', 'Active', 0), 
(3082, 'Kalmar', 'KA', 203, 'SE', 'Active', 0), 
(3083, 'Kronoberg', 'KR', 203, 'SE', 'Active', 0), 
(3084, 'Norrbotten', 'NO', 203, 'SE', 'Active', 0), 
(3085, 'Orebro', 'OR', 203, 'SE', 'Active', 0), 
(3086, 'Ostergotland', 'OG', 203, 'SE', 'Active', 0), 
(3087, 'Skane', 'SK', 203, 'SE', 'Active', 0), 
(3088, 'Sodermanland', 'SO', 203, 'SE', 'Active', 0), 
(3089, 'Stockholm', 'ST', 203, 'SE', 'Active', 0), 
(3090, 'Uppdala', 'UP', 203, 'SE', 'Active', 0), 
(3091, 'Varmland', 'VL', 203, 'SE', 'Active', 0), 
(3092, 'Vasterbotten', 'VB', 203, 'SE', 'Active', 0), 
(3093, 'Vasternorrland', 'VN', 203, 'SE', 'Active', 0), 
(3094, 'Vastmanland', 'VM', 203, 'SE', 'Active', 0), 
(3095, 'Vastra Gotaland', 'VG', 203, 'SE', 'Active', 0), 
(3097, 'Appenzell Ausserrhoden', 'AR', 204, 'CH', 'Active', 0), 
(3098, 'Appenzell Innerrhoden', 'AI', 204, 'CH', 'Active', 0), 
(3099, 'Basel-Stadt', 'BS', 204, 'CH', 'Active', 0), 
(3100, 'Basel-Landschaft', 'BL', 204, 'CH', 'Active', 0), 
(3101, 'Bern', 'BE', 204, 'CH', 'Active', 0), 
(3102, 'Fribourg', 'FR', 204, 'CH', 'Active', 0), 
(3103, 'Gen&egrave;ve', 'GE', 204, 'CH', 'Active', 0), 
(3104, 'Glarus', 'GL', 204, 'CH', 'Active', 0), 
(3105, 'Graubunden', 'GR', 204, 'CH', 'Active', 0), 
(3106, 'Jura', 'JU', 204, 'CH', 'Active', 0), 
(3107, 'Luzern', 'LU', 204, 'CH', 'Active', 0), 
(3108, 'Neuch?tel', 'NE', 204, 'CH', 'Active', 0), 
(3109, 'Nidwald', 'NW', 204, 'CH', 'Active', 0), 
(3110, 'Obwald', 'OW', 204, 'CH', 'Active', 0), 
(3111, 'St. Gallen', 'SG', 204, 'CH', 'Active', 0), 
(3112, 'Schaffhausen', 'SH', 204, 'CH', 'Active', 0), 
(3113, 'Schwyz', 'SZ', 204, 'CH', 'Active', 0), 
(3114, 'Solothurn', 'SO', 204, 'CH', 'Active', 0), 
(3115, 'Thurgau', 'TG', 204, 'CH', 'Active', 0), 
(3116, 'Ticino', 'TI', 204, 'CH', 'Active', 0), 
(3117, 'Uri', 'UR', 204, 'CH', 'Active', 0), 
(3118, 'Valais', 'VS', 204, 'CH', 'Active', 0), 
(3119, 'Vaud', 'VD', 204, 'CH', 'Active', 0), 
(3120, 'Zug', 'ZG', 204, 'CH', 'Active', 0), 
(3121, 'Z&uuml;rich', 'ZH', 204, 'CH', 'Active', 0), 
(3122, 'Al Hasakah', 'HA', 205, 'SY', 'Active', 0), 
(3123, 'Al Ladhiqiyah', 'LA', 205, 'SY', 'Active', 0), 
(3124, 'Al Qunaytirah', 'QU', 205, 'SY', 'Active', 0), 
(3125, 'Ar Raqqah', 'RQ', 205, 'SY', 'Active', 0), 
(3126, 'As Suwayda', 'SU', 205, 'SY', 'Active', 0), 
(3127, 'Dara', 'DA', 205, 'SY', 'Active', 0), 
(3128, 'Dayr az Zawr', 'DZ', 205, 'SY', 'Active', 0), 
(3129, 'Dimashq', 'DI', 205, 'SY', 'Active', 0), 
(3130, 'Halab', 'HL', 205, 'SY', 'Active', 0), 
(3131, 'Hamah', 'HM', 205, 'SY', 'Active', 0), 
(3132, 'Hims', 'HI', 205, 'SY', 'Active', 0), 
(3133, 'Idlib', 'ID', 205, 'SY', 'Active', 0), 
(3134, 'Rif Dimashq', 'RD', 205, 'SY', 'Active', 0), 
(3135, 'Tartus', 'TA', 205, 'SY', 'Active', 0), 
(3136, 'Chang-hua', 'CH', 206, 'TW', 'Active', 0), 
(3137, 'Chia-i', 'CI', 206, 'TW', 'Active', 0), 
(3138, 'Hsin-chu', 'HS', 206, 'TW', 'Active', 0), 
(3139, 'Hua-lien', 'HL', 206, 'TW', 'Active', 0), 
(3140, 'I-lan', 'IL', 206, 'TW', 'Active', 0), 
(3141, 'Kao-hsiung county', 'KH', 206, 'TW', 'Active', 0), 
(3142, 'Kin-men', 'KM', 206, 'TW', 'Active', 0), 
(3143, 'Lien-chiang', 'LC', 206, 'TW', 'Active', 0), 
(3144, 'Miao-li', 'ML', 206, 'TW', 'Active', 0), 
(3145, 'Nan-t''ou', 'NT', 206, 'TW', 'Active', 0), 
(3146, 'P''eng-hu', 'PH', 206, 'TW', 'Active', 0), 
(3147, 'P''ing-tung', 'PT', 206, 'TW', 'Active', 0), 
(3148, 'T''ai-chung', 'TG', 206, 'TW', 'Active', 0), 
(3149, 'T''ai-nan', 'TA', 206, 'TW', 'Active', 0), 
(3150, 'T''ai-pei county', 'TP', 206, 'TW', 'Active', 0), 
(3151, 'T''ai-tung', 'TT', 206, 'TW', 'Active', 0), 
(3152, 'T''ao-yuan', 'TY', 206, 'TW', 'Active', 0), 
(3153, 'Yun-lin', 'YL', 206, 'TW', 'Active', 0), 
(3154, 'Chia-i city', 'CC', 206, 'TW', 'Active', 0), 
(3155, 'Chi-lung', 'CL', 206, 'TW', 'Active', 0), 
(3156, 'Hsin-chu', 'HC', 206, 'TW', 'Active', 0), 
(3157, 'T''ai-chung', 'TH', 206, 'TW', 'Active', 0), 
(3158, 'T''ai-nan', 'TN', 206, 'TW', 'Active', 0), 
(3159, 'Kao-hsiung city', 'KC', 206, 'TW', 'Active', 0), 
(3160, 'T''ai-pei city', 'TC', 206, 'TW', 'Active', 0), 
(3161, 'Gorno-Badakhstan', 'GB', 207, 'TJ', 'Active', 0), 
(3162, 'Khatlon', 'KT', 207, 'TJ', 'Active', 0), 
(3163, 'Sughd', 'SU', 207, 'TJ', 'Active', 0), 
(3164, 'Arusha', 'AR', 208, 'TZ', 'Active', 0), 
(3165, 'Dar es Salaam', 'DS', 208, 'TZ', 'Active', 0), 
(3166, 'Dodoma', 'DO', 208, 'TZ', 'Active', 0), 
(3167, 'Iringa', 'IR', 208, 'TZ', 'Active', 0), 
(3168, 'Kagera', 'KA', 208, 'TZ', 'Active', 0), 
(3169, 'Kigoma', 'KI', 208, 'TZ', 'Active', 0), 
(3170, 'Kilimanjaro', 'KJ', 208, 'TZ', 'Active', 0), 
(3171, 'Lindi', 'LN', 208, 'TZ', 'Active', 0), 
(3172, 'Manyara', 'MY', 208, 'TZ', 'Active', 0), 
(3173, 'Mara', 'MR', 208, 'TZ', 'Active', 0), 
(3174, 'Mbeya', 'MB', 208, 'TZ', 'Active', 0), 
(3175, 'Morogoro', 'MO', 208, 'TZ', 'Active', 0), 
(3176, 'Mtwara', 'MT', 208, 'TZ', 'Active', 0), 
(3177, 'Mwanza', 'MW', 208, 'TZ', 'Active', 0), 
(3178, 'Pemba North', 'PN', 208, 'TZ', 'Active', 0), 
(3179, 'Pemba South', 'PS', 208, 'TZ', 'Active', 0), 
(3180, 'Pwani', 'PW', 208, 'TZ', 'Active', 0), 
(3181, 'Rukwa', 'RK', 208, 'TZ', 'Active', 0), 
(3182, 'Ruvuma', 'RV', 208, 'TZ', 'Active', 0), 
(3183, 'Shinyanga', 'SH', 208, 'TZ', 'Active', 0), 
(3184, 'Singida', 'SI', 208, 'TZ', 'Active', 0), 
(3185, 'Tabora', 'TB', 208, 'TZ', 'Active', 0), 
(3186, 'Tanga', 'TN', 208, 'TZ', 'Active', 0), 
(3187, 'Zanzibar Central/South', 'ZC', 208, 'TZ', 'Active', 0), 
(3188, 'Zanzibar North', 'ZN', 208, 'TZ', 'Active', 0), 
(3189, 'Zanzibar Urban/West', 'ZU', 208, 'TZ', 'Active', 0), 
(3190, 'Amnat Charoen', 'Amnat Charoen', 209, 'TH', 'Active', 0), 
(3191, 'Ang Thong', 'Ang Thong', 209, 'TH', 'Active', 0), 
(3192, 'Ayutthaya', 'Ayutthaya', 209, 'TH', 'Active', 0), 
(3193, 'Bangkok', 'Bangkok', 209, 'TH', 'Active', 0), 
(3194, 'Buriram', 'Buriram', 209, 'TH', 'Active', 0), 
(3195, 'Chachoengsao', 'Chachoengsao', 209, 'TH', 'Active', 0), 
(3196, 'Chai Nat', 'Chai Nat', 209, 'TH', 'Active', 0), 
(3197, 'Chaiyaphum', 'Chaiyaphum', 209, 'TH', 'Active', 0), 
(3198, 'Chanthaburi', 'Chanthaburi', 209, 'TH', 'Active', 0), 
(3199, 'Chiang Mai', 'Chiang Mai', 209, 'TH', 'Active', 0), 
(3200, 'Chiang Rai', 'Chiang Rai', 209, 'TH', 'Active', 0), 
(3201, 'Chon Buri', 'Chon Buri', 209, 'TH', 'Active', 0), 
(3202, 'Chumphon', 'Chumphon', 209, 'TH', 'Active', 0), 
(3203, 'Kalasin', 'Kalasin', 209, 'TH', 'Active', 0), 
(3204, 'Kamphaeng Phet', 'Kamphaeng Phet', 209, 'TH', 'Active', 0), 
(3205, 'Kanchanaburi', 'Kanchanaburi', 209, 'TH', 'Active', 0), 
(3206, 'Khon Kaen', 'Khon Kaen', 209, 'TH', 'Active', 0), 
(3207, 'Krabi', 'Krabi', 209, 'TH', 'Active', 0), 
(3208, 'Lampang', 'Lampang', 209, 'TH', 'Active', 0), 
(3209, 'Lamphun', 'Lamphun', 209, 'TH', 'Active', 0), 
(3210, 'Loei', 'Loei', 209, 'TH', 'Active', 0), 
(3211, 'Lop Buri', 'Lop Buri', 209, 'TH', 'Active', 0), 
(3212, 'Mae Hong Son', 'Mae Hong Son', 209, 'TH', 'Active', 0), 
(3213, 'Maha Sarakham', 'Maha Sarakham', 209, 'TH', 'Active', 0), 
(3214, 'Mukdahan', 'Mukdahan', 209, 'TH', 'Active', 0), 
(3215, 'Nakhon Nayok', 'Nakhon Nayok', 209, 'TH', 'Active', 0), 
(3216, 'Nakhon Pathom', 'Nakhon Pathom', 209, 'TH', 'Active', 0), 
(3217, 'Nakhon Phanom', 'Nakhon Phanom', 209, 'TH', 'Active', 0), 
(3218, 'Nakhon Ratchasima', 'Nakhon Ratchasima', 209, 'TH', 'Active', 0), 
(3219, 'Nakhon Sawan', 'Nakhon Sawan', 209, 'TH', 'Active', 0), 
(3220, 'Nakhon Si Thammarat', 'Nakhon Si Thammarat', 209, 'TH', 'Active', 0), 
(3221, 'Nan', 'Nan', 209, 'TH', 'Active', 0), 
(3222, 'Narathiwat', 'Narathiwat', 209, 'TH', 'Active', 0), 
(3223, 'Nong Bua Lamphu', 'Nong Bua Lamphu', 209, 'TH', 'Active', 0), 
(3224, 'Nong Khai', 'Nong Khai', 209, 'TH', 'Active', 0), 
(3225, 'Nonthaburi', 'Nonthaburi', 209, 'TH', 'Active', 0), 
(3226, 'Pathum Thani', 'Pathum Thani', 209, 'TH', 'Active', 0), 
(3227, 'Pattani', 'Pattani', 209, 'TH', 'Active', 0), 
(3228, 'Phangnga', 'Phangnga', 209, 'TH', 'Active', 0), 
(3229, 'Phatthalung', 'Phatthalung', 209, 'TH', 'Active', 0), 
(3230, 'Phayao', 'Phayao', 209, 'TH', 'Active', 0), 
(3231, 'Phetchabun', 'Phetchabun', 209, 'TH', 'Active', 0), 
(3232, 'Phetchaburi', 'Phetchaburi', 209, 'TH', 'Active', 0), 
(3233, 'Phichit', 'Phichit', 209, 'TH', 'Active', 0), 
(3234, 'Phitsanulok', 'Phitsanulok', 209, 'TH', 'Active', 0), 
(3235, 'Phrae', 'Phrae', 209, 'TH', 'Active', 0), 
(3236, 'Phuket', 'Phuket', 209, 'TH', 'Active', 0), 
(3237, 'Prachin Buri', 'Prachin Buri', 209, 'TH', 'Active', 0), 
(3238, 'Prachuap Khiri Khan', 'Prachuap Khiri Khan', 209, 'TH', 'Active', 0), 
(3239, 'Ranong', 'Ranong', 209, 'TH', 'Active', 0), 
(3240, 'Ratchaburi', 'Ratchaburi', 209, 'TH', 'Active', 0), 
(3241, 'Rayong', 'Rayong', 209, 'TH', 'Active', 0), 
(3242, 'Roi Et', 'Roi Et', 209, 'TH', 'Active', 0), 
(3243, 'Sa Kaeo', 'Sa Kaeo', 209, 'TH', 'Active', 0), 
(3244, 'Sakon Nakhon', 'Sakon Nakhon', 209, 'TH', 'Active', 0), 
(3245, 'Samut Prakan', 'Samut Prakan', 209, 'TH', 'Active', 0), 
(3246, 'Samut Sakhon', 'Samut Sakhon', 209, 'TH', 'Active', 0), 
(3247, 'Samut Songkhram', 'Samut Songkhram', 209, 'TH', 'Active', 0), 
(3248, 'Sara Buri', 'Sara Buri', 209, 'TH', 'Active', 0), 
(3249, 'Satun', 'Satun', 209, 'TH', 'Active', 0), 
(3250, 'Sing Buri', 'Sing Buri', 209, 'TH', 'Active', 0), 
(3251, 'Sisaket', 'Sisaket', 209, 'TH', 'Active', 0), 
(3252, 'Songkhla', 'Songkhla', 209, 'TH', 'Active', 0), 
(3253, 'Sukhothai', 'Sukhothai', 209, 'TH', 'Active', 0), 
(3254, 'Suphan Buri', 'Suphan Buri', 209, 'TH', 'Active', 0), 
(3255, 'Surat Thani', 'Surat Thani', 209, 'TH', 'Active', 0), 
(3256, 'Surin', 'Surin', 209, 'TH', 'Active', 0), 
(3257, 'Tak', 'Tak', 209, 'TH', 'Active', 0), 
(3258, 'Trang', 'Trang', 209, 'TH', 'Active', 0), 
(3259, 'Trat', 'Trat', 209, 'TH', 'Active', 0), 
(3260, 'Ubon Ratchathani', 'Ubon Ratchathani', 209, 'TH', 'Active', 0), 
(3261, 'Udon Thani', 'Udon Thani', 209, 'TH', 'Active', 0), 
(3262, 'Uthai Thani', 'Uthai Thani', 209, 'TH', 'Active', 0), 
(3263, 'Uttaradit', 'Uttaradit', 209, 'TH', 'Active', 0), 
(3264, 'Yala', 'Yala', 209, 'TH', 'Active', 0), 
(3265, 'Yasothon', 'Yasothon', 209, 'TH', 'Active', 0), 
(3266, 'Kara', 'K', 210, 'TG', 'Active', 0), 
(3267, 'Plateaux', 'P', 210, 'TG', 'Active', 0), 
(3268, 'Savanes', 'S', 210, 'TG', 'Active', 0), 
(3269, 'Centrale', 'C', 210, 'TG', 'Active', 0), 
(3270, 'Maritime', 'M', 210, 'TG', 'Active', 0), 
(3271, 'Atafu', 'A', 211, 'TK', 'Active', 0), 
(3272, 'Fakaofo', 'F', 211, 'TK', 'Active', 0), 
(3273, 'Nukunonu', 'N', 211, 'TK', 'Active', 0), 
(3274, 'Ha''apai', 'H', 212, 'TO', 'Active', 0), 
(3275, 'Tongatapu', 'T', 212, 'TO', 'Active', 0), 
(3276, 'Vava''u', 'V', 212, 'TO', 'Active', 0), 
(3277, 'Couva/Tabaquite/Talparo', 'CT', 213, 'TT', 'Active', 0), 
(3278, 'Diego Martin', 'DM', 213, 'TT', 'Active', 0), 
(3279, 'Mayaro/Rio Claro', 'MR', 213, 'TT', 'Active', 0), 
(3280, 'Penal/Debe', 'PD', 213, 'TT', 'Active', 0), 
(3281, 'Princes Town', 'PT', 213, 'TT', 'Active', 0), 
(3282, 'Sangre Grande', 'SG', 213, 'TT', 'Active', 0), 
(3283, 'San Juan/Laventille', 'SL', 213, 'TT', 'Active', 0), 
(3284, 'Siparia', 'SI', 213, 'TT', 'Active', 0), 
(3285, 'Tunapuna/Piarco', 'TP', 213, 'TT', 'Active', 0), 
(3286, 'Port of Spain', 'PS', 213, 'TT', 'Active', 0), 
(3287, 'San Fernando', 'SF', 213, 'TT', 'Active', 0), 
(3288, 'Arima', 'AR', 213, 'TT', 'Active', 0), 
(3289, 'Point Fortin', 'PF', 213, 'TT', 'Active', 0), 
(3290, 'Chaguanas', 'CH', 213, 'TT', 'Active', 0), 
(3291, 'Tobago', 'TO', 213, 'TT', 'Active', 0), 
(3292, 'Ariana', 'AR', 214, 'TN', 'Active', 0), 
(3293, 'Beja', 'BJ', 214, 'TN', 'Active', 0), 
(3294, 'Ben Arous', 'BA', 214, 'TN', 'Active', 0), 
(3295, 'Bizerte', 'BI', 214, 'TN', 'Active', 0), 
(3296, 'Gabes', 'GB', 214, 'TN', 'Active', 0), 
(3297, 'Gafsa', 'GF', 214, 'TN', 'Active', 0), 
(3298, 'Jendouba', 'JE', 214, 'TN', 'Active', 0), 
(3299, 'Kairouan', 'KR', 214, 'TN', 'Active', 0), 
(3300, 'Kasserine', 'KS', 214, 'TN', 'Active', 0), 
(3301, 'Kebili', 'KB', 214, 'TN', 'Active', 0), 
(3302, 'Kef', 'KF', 214, 'TN', 'Active', 0), 
(3303, 'Mahdia', 'MH', 214, 'TN', 'Active', 0), 
(3304, 'Manouba', 'MN', 214, 'TN', 'Active', 0), 
(3305, 'Medenine', 'ME', 214, 'TN', 'Active', 0), 
(3306, 'Monastir', 'MO', 214, 'TN', 'Active', 0), 
(3307, 'Nabeul', 'NA', 214, 'TN', 'Active', 0), 
(3308, 'Sfax', 'SF', 214, 'TN', 'Active', 0), 
(3309, 'Sidi', 'SD', 214, 'TN', 'Active', 0), 
(3310, 'Siliana', 'SL', 214, 'TN', 'Active', 0), 
(3311, 'Sousse', 'SO', 214, 'TN', 'Active', 0), 
(3312, 'Tataouine', 'TA', 214, 'TN', 'Active', 0), 
(3313, 'Tozeur', 'TO', 214, 'TN', 'Active', 0), 
(3314, 'Tunis', 'TU', 214, 'TN', 'Active', 0), 
(3315, 'Zaghouan', 'ZA', 214, 'TN', 'Active', 0), 
(3316, 'Adana', 'ADA', 215, 'TR', 'Active', 0), 
(3317, 'Adiyaman', 'ADI', 215, 'TR', 'Active', 0), 
(3318, 'Afyonkarahisar', 'AFY', 215, 'TR', 'Active', 0), 
(3319, 'Agri', 'AGR', 215, 'TR', 'Active', 0), 
(3320, 'Aksaray', 'AKS', 215, 'TR', 'Active', 0), 
(3321, 'Amasya', 'AMA', 215, 'TR', 'Active', 0), 
(3322, 'Ankara', 'ANK', 215, 'TR', 'Active', 0), 
(3323, 'Antalya', 'ANT', 215, 'TR', 'Active', 0), 
(3324, 'Ardahan', 'ARD', 215, 'TR', 'Active', 0), 
(3325, 'Artvin', 'ART', 215, 'TR', 'Active', 0), 
(3326, 'Aydin', 'AYI', 215, 'TR', 'Active', 0), 
(3327, 'Balikesir', 'BAL', 215, 'TR', 'Active', 0), 
(3328, 'Bartin', 'BAR', 215, 'TR', 'Active', 0), 
(3329, 'Batman', 'BAT', 215, 'TR', 'Active', 0), 
(3330, 'Bayburt', 'BAY', 215, 'TR', 'Active', 0), 
(3331, 'Bilecik', 'BIL', 215, 'TR', 'Active', 0), 
(3332, 'Bingol', 'BIN', 215, 'TR', 'Active', 0), 
(3333, 'Bitlis', 'BIT', 215, 'TR', 'Active', 0), 
(3334, 'Bolu', 'BOL', 215, 'TR', 'Active', 0), 
(3335, 'Burdur', 'BRD', 215, 'TR', 'Active', 0), 
(3336, 'Bursa', 'BRS', 215, 'TR', 'Active', 0), 
(3337, 'Canakkale', 'CKL', 215, 'TR', 'Active', 0), 
(3338, 'Cankiri', 'CKR', 215, 'TR', 'Active', 0), 
(3339, 'Corum', 'COR', 215, 'TR', 'Active', 0), 
(3340, 'Denizli', 'DEN', 215, 'TR', 'Active', 0), 
(3341, 'Diyarbakir', 'DIY', 215, 'TR', 'Active', 0), 
(3342, 'Duzce', 'DUZ', 215, 'TR', 'Active', 0), 
(3343, 'Edirne', 'EDI', 215, 'TR', 'Active', 0), 
(3344, 'Elazig', 'ELA', 215, 'TR', 'Active', 0), 
(3345, 'Erzincan', 'EZC', 215, 'TR', 'Active', 0), 
(3346, 'Erzurum', 'EZR', 215, 'TR', 'Active', 0), 
(3347, 'Eskisehir', 'ESK', 215, 'TR', 'Active', 0), 
(3348, 'Gaziantep', 'GAZ', 215, 'TR', 'Active', 0), 
(3349, 'Giresun', 'GIR', 215, 'TR', 'Active', 0), 
(3350, 'Gumushane', 'GMS', 215, 'TR', 'Active', 0), 
(3351, 'Hakkari', 'HKR', 215, 'TR', 'Active', 0), 
(3352, 'Hatay', 'HTY', 215, 'TR', 'Active', 0), 
(3353, 'Igdir', 'IGD', 215, 'TR', 'Active', 0), 
(3354, 'Isparta', 'ISP', 215, 'TR', 'Active', 0), 
(3355, 'Istanbul', 'IST', 215, 'TR', 'Active', 0), 
(3356, 'Izmir', 'IZM', 215, 'TR', 'Active', 0), 
(3357, 'Kahramanmaras', 'KAH', 215, 'TR', 'Active', 0), 
(3358, 'Karabuk', 'KRB', 215, 'TR', 'Active', 0), 
(3359, 'Karaman', 'KRM', 215, 'TR', 'Active', 0), 
(3360, 'Kars', 'KRS', 215, 'TR', 'Active', 0), 
(3361, 'Kastamonu', 'KAS', 215, 'TR', 'Active', 0), 
(3362, 'Kayseri', 'KAY', 215, 'TR', 'Active', 0), 
(3363, 'Kilis', 'KLS', 215, 'TR', 'Active', 0), 
(3364, 'Kirikkale', 'KRK', 215, 'TR', 'Active', 0), 
(3365, 'Kirklareli', 'KLR', 215, 'TR', 'Active', 0), 
(3366, 'Kirsehir', 'KRH', 215, 'TR', 'Active', 0), 
(3367, 'Kocaeli', 'KOC', 215, 'TR', 'Active', 0), 
(3368, 'Konya', 'KON', 215, 'TR', 'Active', 0), 
(3369, 'Kutahya', 'KUT', 215, 'TR', 'Active', 0), 
(3370, 'Malatya', 'MAL', 215, 'TR', 'Active', 0), 
(3371, 'Manisa', 'MAN', 215, 'TR', 'Active', 0), 
(3372, 'Mardin', 'MAR', 215, 'TR', 'Active', 0), 
(3373, 'Mersin', 'MER', 215, 'TR', 'Active', 0), 
(3374, 'Mugla', 'MUG', 215, 'TR', 'Active', 0), 
(3375, 'Mus', 'MUS', 215, 'TR', 'Active', 0), 
(3376, 'Nevsehir', 'NEV', 215, 'TR', 'Active', 0), 
(3377, 'Nigde', 'NIG', 215, 'TR', 'Active', 0), 
(3378, 'Ordu', 'ORD', 215, 'TR', 'Active', 0), 
(3379, 'Osmaniye', 'OSM', 215, 'TR', 'Active', 0), 
(3380, 'Rize', 'RIZ', 215, 'TR', 'Active', 0), 
(3381, 'Sakarya', 'SAK', 215, 'TR', 'Active', 0), 
(3382, 'Samsun', 'SAM', 215, 'TR', 'Active', 0), 
(3383, 'Sanliurfa', 'SAN', 215, 'TR', 'Active', 0), 
(3384, 'Siirt', 'SII', 215, 'TR', 'Active', 0), 
(3385, 'Sinop', 'SIN', 215, 'TR', 'Active', 0), 
(3386, 'Sirnak', 'SIR', 215, 'TR', 'Active', 0), 
(3387, 'Sivas', 'SIV', 215, 'TR', 'Active', 0), 
(3388, 'Tekirdag', 'TEL', 215, 'TR', 'Active', 0), 
(3389, 'Tokat', 'TOK', 215, 'TR', 'Active', 0), 
(3390, 'Trabzon', 'TRA', 215, 'TR', 'Active', 0), 
(3391, 'Tunceli', 'TUN', 215, 'TR', 'Active', 0), 
(3392, 'Usak', 'USK', 215, 'TR', 'Active', 0), 
(3393, 'Van', 'VAN', 215, 'TR', 'Active', 0), 
(3394, 'Yalova', 'YAL', 215, 'TR', 'Active', 0), 
(3395, 'Yozgat', 'YOZ', 215, 'TR', 'Active', 0), 
(3396, 'Zonguldak', 'ZON', 215, 'TR', 'Active', 0), 
(3397, 'Ahal Welayaty', 'A', 216, 'TM', 'Active', 0), 
(3398, 'Balkan Welayaty', 'B', 216, 'TM', 'Active', 0), 
(3399, 'Dashhowuz Welayaty', 'D', 216, 'TM', 'Active', 0), 
(3400, 'Lebap Welayaty', 'L', 216, 'TM', 'Active', 0), 
(3401, 'Mary Welayaty', 'M', 216, 'TM', 'Active', 0), 
(3402, 'Ambergris Cays', 'AC', 217, 'TC', 'Active', 0), 
(3403, 'Dellis Cay', 'DC', 217, 'TC', 'Active', 0), 
(3404, 'French Cay', 'FC', 217, 'TC', 'Active', 0), 
(3405, 'Little Water Cay', 'LW', 217, 'TC', 'Active', 0), 
(3406, 'Parrot Cay', 'RC', 217, 'TC', 'Active', 0), 
(3407, 'Pine Cay', 'PN', 217, 'TC', 'Active', 0), 
(3408, 'Salt Cay', 'SL', 217, 'TC', 'Active', 0), 
(3409, 'Grand Turk', 'GT', 217, 'TC', 'Active', 0), 
(3410, 'South Caicos', 'SC', 217, 'TC', 'Active', 0), 
(3411, 'East Caicos', 'EC', 217, 'TC', 'Active', 0), 
(3412, 'Middle Caicos', 'MC', 217, 'TC', 'Active', 0), 
(3413, 'North Caicos', 'NC', 217, 'TC', 'Active', 0), 
(3414, 'Providenciales', 'PR', 217, 'TC', 'Active', 0), 
(3415, 'West Caicos', 'WC', 217, 'TC', 'Active', 0), 
(3416, 'Nanumanga', 'NMG', 218, 'TV', 'Active', 0), 
(3417, 'Niulakita', 'NLK', 218, 'TV', 'Active', 0), 
(3418, 'Niutao', 'NTO', 218, 'TV', 'Active', 0), 
(3419, 'Funafuti', 'FUN', 218, 'TV', 'Active', 0), 
(3420, 'Nanumea', 'NME', 218, 'TV', 'Active', 0), 
(3421, 'Nui', 'NUI', 218, 'TV', 'Active', 0), 
(3422, 'Nukufetau', 'NFT', 218, 'TV', 'Active', 0), 
(3423, 'Nukulaelae', 'NLL', 218, 'TV', 'Active', 0), 
(3424, 'Vaitupu', 'VAI', 218, 'TV', 'Active', 0), 
(3425, 'Kalangala', 'KAL', 219, 'UG', 'Active', 0), 
(3426, 'Kampala', 'KMP', 219, 'UG', 'Active', 0), 
(3427, 'Kayunga', 'KAY', 219, 'UG', 'Active', 0), 
(3428, 'Kiboga', 'KIB', 219, 'UG', 'Active', 0), 
(3429, 'Luwero', 'LUW', 219, 'UG', 'Active', 0), 
(3430, 'Masaka', 'MAS', 219, 'UG', 'Active', 0), 
(3431, 'Mpigi', 'MPI', 219, 'UG', 'Active', 0), 
(3432, 'Mubende', 'MUB', 219, 'UG', 'Active', 0), 
(3433, 'Mukono', 'MUK', 219, 'UG', 'Active', 0), 
(3434, 'Nakasongola', 'NKS', 219, 'UG', 'Active', 0), 
(3435, 'Rakai', 'RAK', 219, 'UG', 'Active', 0), 
(3436, 'Sembabule', 'SEM', 219, 'UG', 'Active', 0), 
(3437, 'Wakiso', 'WAK', 219, 'UG', 'Active', 0), 
(3438, 'Bugiri', 'BUG', 219, 'UG', 'Active', 0), 
(3439, 'Busia', 'BUS', 219, 'UG', 'Active', 0), 
(3440, 'Iganga', 'IGA', 219, 'UG', 'Active', 0), 
(3441, 'Jinja', 'JIN', 219, 'UG', 'Active', 0), 
(3442, 'Kaberamaido', 'KAB', 219, 'UG', 'Active', 0), 
(3443, 'Kamuli', 'KML', 219, 'UG', 'Active', 0), 
(3444, 'Kapchorwa', 'KPC', 219, 'UG', 'Active', 0), 
(3445, 'Katakwi', 'KTK', 219, 'UG', 'Active', 0), 
(3446, 'Kumi', 'KUM', 219, 'UG', 'Active', 0), 
(3447, 'Mayuge', 'MAY', 219, 'UG', 'Active', 0), 
(3448, 'Mbale', 'MBA', 219, 'UG', 'Active', 0), 
(3449, 'Pallisa', 'PAL', 219, 'UG', 'Active', 0), 
(3450, 'Sironko', 'SIR', 219, 'UG', 'Active', 0), 
(3451, 'Soroti', 'SOR', 219, 'UG', 'Active', 0), 
(3452, 'Tororo', 'TOR', 219, 'UG', 'Active', 0), 
(3453, 'Adjumani', 'ADJ', 219, 'UG', 'Active', 0), 
(3454, 'Apac', 'APC', 219, 'UG', 'Active', 0), 
(3455, 'Arua', 'ARU', 219, 'UG', 'Active', 0), 
(3456, 'Gulu', 'GUL', 219, 'UG', 'Active', 0), 
(3457, 'Kitgum', 'KIT', 219, 'UG', 'Active', 0), 
(3458, 'Kotido', 'KOT', 219, 'UG', 'Active', 0), 
(3459, 'Lira', 'LIR', 219, 'UG', 'Active', 0), 
(3460, 'Moroto', 'MRT', 219, 'UG', 'Active', 0), 
(3461, 'Moyo', 'MOY', 219, 'UG', 'Active', 0), 
(3462, 'Nakapiripirit', 'NAK', 219, 'UG', 'Active', 0), 
(3463, 'Nebbi', 'NEB', 219, 'UG', 'Active', 0), 
(3464, 'Pader', 'PAD', 219, 'UG', 'Active', 0), 
(3465, 'Yumbe', 'YUM', 219, 'UG', 'Active', 0), 
(3466, 'Bundibugyo', 'BUN', 219, 'UG', 'Active', 0), 
(3467, 'Bushenyi', 'BSH', 219, 'UG', 'Active', 0), 
(3468, 'Hoima', 'HOI', 219, 'UG', 'Active', 0), 
(3469, 'Kabale', 'KBL', 219, 'UG', 'Active', 0), 
(3470, 'Kabarole', 'KAR', 219, 'UG', 'Active', 0), 
(3471, 'Kamwenge', 'KAM', 219, 'UG', 'Active', 0), 
(3472, 'Kanungu', 'KAN', 219, 'UG', 'Active', 0), 
(3473, 'Kasese', 'KAS', 219, 'UG', 'Active', 0), 
(3474, 'Kibaale', 'KBA', 219, 'UG', 'Active', 0), 
(3475, 'Kisoro', 'KIS', 219, 'UG', 'Active', 0), 
(3476, 'Kyenjojo', 'KYE', 219, 'UG', 'Active', 0), 
(3477, 'Masindi', 'MSN', 219, 'UG', 'Active', 0), 
(3478, 'Mbarara', 'MBR', 219, 'UG', 'Active', 0), 
(3479, 'Ntungamo', 'NTU', 219, 'UG', 'Active', 0), 
(3484, 'Crimea', 'CR', 220, 'UA', 'Active', 0), 
(3485, 'Dnipropetrovs''k', 'DN', 220, 'UA', 'Active', 0), 
(3486, 'Donets''k', 'DO', 220, 'UA', 'Active', 0), 
(3487, 'Ivano-Frankivs''k', 'IV', 220, 'UA', 'Active', 0), 
(3488, 'Kharkiv Kherson', 'KL', 220, 'UA', 'Active', 0), 
(3489, 'Khmel''nyts''kyy', 'KM', 220, 'UA', 'Active', 0), 
(3490, 'Kirovohrad', 'KR', 220, 'UA', 'Active', 0), 
(3491, 'Kiev', 'KV', 220, 'UA', 'Active', 0), 
(3492, 'Kyyiv', 'KY', 220, 'UA', 'Active', 0), 
(3493, 'Luhans''k', 'LU', 220, 'UA', 'Active', 0), 
(3494, 'L''viv', 'LV', 220, 'UA', 'Active', 0), 
(3495, 'Mykolayiv', 'MY', 220, 'UA', 'Active', 0), 
(3496, 'Odesa', 'OD', 220, 'UA', 'Active', 0), 
(3497, 'Poltava', 'PO', 220, 'UA', 'Active', 0), 
(3498, 'Rivne', 'RI', 220, 'UA', 'Active', 0), 
(3499, 'Sevastopol', 'SE', 220, 'UA', 'Active', 0), 
(3500, 'Sumy', 'SU', 220, 'UA', 'Active', 0), 
(3501, 'Ternopil''', 'TE', 220, 'UA', 'Active', 0), 
(3502, 'Vinnytsya', 'VI', 220, 'UA', 'Active', 0), 
(3503, 'Volyn''', 'VO', 220, 'UA', 'Active', 0), 
(3504, 'Zakarpattya', 'ZK', 220, 'UA', 'Active', 0), 
(3505, 'Zaporizhzhya', 'ZA', 220, 'UA', 'Active', 0), 
(3506, 'Zhytomyr', 'ZH', 220, 'UA', 'Active', 0), 
(3507, 'Abu Zaby', 'AZ', 221, 'AE', 'Active', 0), 
(3508, 'Ajman', 'AJ', 221, 'AE', 'Active', 0), 
(3509, 'Al Fujayrah', 'FU', 221, 'AE', 'Active', 0), 
(3510, 'Ash Shariqah', 'SH', 221, 'AE', 'Active', 0), 
(3511, 'Dubayy', 'DU', 221, 'AE', 'Active', 0), 
(3512, 'R''as al Khaymah', 'RK', 221, 'AE', 'Active', 0), 
(3513, 'Umm al Qaywayn', 'UQ', 221, 'AE', 'Active', 0), 
(3514, 'Aberdeen', 'ABN', 222, 'GB', 'Active', 0), 
(3515, 'Aberdeenshire', 'ABNS', 222, 'GB', 'Active', 0), 
(3516, 'Anglesey', 'ANG', 222, 'GB', 'Active', 0), 
(3517, 'Angus', 'AGS', 222, 'GB', 'Active', 0), 
(3518, 'Argyll and Bute', 'ARY', 222, 'GB', 'Active', 0), 
(3519, 'Bedfordshire', 'BEDS', 222, 'GB', 'Active', 0), 
(3520, 'Berkshire', 'BERKS', 222, 'GB', 'Active', 0), 
(3521, 'Blaenau Gwent', 'BLA', 222, 'GB', 'Active', 0), 
(3522, 'Bridgend', 'BRI', 222, 'GB', 'Active', 0), 
(3523, 'Bristol', 'BSTL', 222, 'GB', 'Active', 0), 
(3524, 'Buckinghamshire', 'BUCKS', 222, 'GB', 'Active', 0), 
(3525, 'Caerphilly', 'CAE', 222, 'GB', 'Active', 0), 
(3526, 'Cambridgeshire', 'CAMBS', 222, 'GB', 'Active', 0), 
(3527, 'Cardiff', 'CDF', 222, 'GB', 'Active', 0), 
(3528, 'Carmarthenshire', 'CARM', 222, 'GB', 'Active', 0), 
(3529, 'Ceredigion', 'CDGN', 222, 'GB', 'Active', 0), 
(3530, 'Cheshire', 'CHES', 222, 'GB', 'Active', 0), 
(3531, 'Clackmannanshire', 'CLACK', 222, 'GB', 'Active', 0), 
(3532, 'Conwy', 'CON', 222, 'GB', 'Active', 0), 
(3533, 'Cornwall', 'CORN', 222, 'GB', 'Active', 0), 
(3534, 'Denbighshire', 'DNBG', 222, 'GB', 'Active', 0), 
(3535, 'Derbyshire', 'DERBY', 222, 'GB', 'Active', 0), 
(3536, 'Devon', 'DVN', 222, 'GB', 'Active', 0), 
(3537, 'Dorset', 'DOR', 222, 'GB', 'Active', 0), 
(3538, 'Dumfries and Galloway', 'DGL', 222, 'GB', 'Active', 0), 
(3539, 'Dundee', 'DUND', 222, 'GB', 'Active', 0), 
(3540, 'Durham', 'DHM', 222, 'GB', 'Active', 0), 
(3541, 'East Ayrshire', 'ARYE', 222, 'GB', 'Active', 0), 
(3542, 'East Dunbartonshire', 'DUNBE', 222, 'GB', 'Active', 0), 
(3543, 'East Lothian', 'LOTE', 222, 'GB', 'Active', 0), 
(3544, 'East Renfrewshire', 'RENE', 222, 'GB', 'Active', 0), 
(3545, 'East Riding of Yorkshire', 'ERYS', 222, 'GB', 'Active', 0), 
(3546, 'East Sussex', 'SXE', 222, 'GB', 'Active', 0), 
(3547, 'Edinburgh', 'EDIN', 222, 'GB', 'Active', 0), 
(3548, 'Essex', 'ESX', 222, 'GB', 'Active', 0), 
(3549, 'Falkirk', 'FALK', 222, 'GB', 'Active', 0), 
(3550, 'Fife', 'FFE', 222, 'GB', 'Active', 0), 
(3551, 'Flintshire', 'FLINT', 222, 'GB', 'Active', 0), 
(3552, 'Glasgow', 'GLAS', 222, 'GB', 'Active', 0), 
(3553, 'Gloucestershire', 'GLOS', 222, 'GB', 'Active', 0), 
(3554, 'Greater London', 'LDN', 222, 'GB', 'Active', 0), 
(3555, 'Greater Manchester', 'MCH', 222, 'GB', 'Active', 0), 
(3556, 'Gwynedd', 'GDD', 222, 'GB', 'Active', 0), 
(3557, 'Hampshire', 'HANTS', 222, 'GB', 'Active', 0), 
(3558, 'Herefordshire', 'HWR', 222, 'GB', 'Active', 0), 
(3559, 'Hertfordshire', 'HERTS', 222, 'GB', 'Active', 0), 
(3560, 'Highlands', 'HLD', 222, 'GB', 'Active', 0), 
(3561, 'Inverclyde', 'IVER', 222, 'GB', 'Active', 0), 
(3562, 'Isle of Wight', 'IOW', 222, 'GB', 'Active', 0), 
(3563, 'Kent', 'KNT', 222, 'GB', 'Active', 0), 
(3564, 'Lancashire', 'LANCS', 222, 'GB', 'Active', 0), 
(3565, 'Leicestershire', 'LEICS', 222, 'GB', 'Active', 0), 
(3566, 'Lincolnshire', 'LINCS', 222, 'GB', 'Active', 0), 
(3567, 'Merseyside', 'MSY', 222, 'GB', 'Active', 0), 
(3568, 'Merthyr Tydfil', 'MERT', 222, 'GB', 'Active', 0), 
(3569, 'Midlothian', 'MLOT', 222, 'GB', 'Active', 0), 
(3570, 'Monmouthshire', 'MMOUTH', 222, 'GB', 'Active', 0);

INSERT INTO `mod_state` (`iStateId`, `vState`, `vStateCode`, `iCountryId`, `vCountryCode`, `eStatus`, `iSysRecDeleted`) VALUES 
(3571, 'Moray', 'MORAY', 222, 'GB', 'Active', 0), 
(3572, 'Neath Port Talbot', 'NPRTAL', 222, 'GB', 'Active', 0), 
(3573, 'Newport', 'NEWPT', 222, 'GB', 'Active', 0), 
(3574, 'Norfolk', 'NOR', 222, 'GB', 'Active', 0), 
(3575, 'North Ayrshire', 'ARYN', 222, 'GB', 'Active', 0), 
(3576, 'North Lanarkshire', 'LANN', 222, 'GB', 'Active', 0), 
(3577, 'North Yorkshire', 'YSN', 222, 'GB', 'Active', 0), 
(3578, 'Northamptonshire', 'NHM', 222, 'GB', 'Active', 0), 
(3579, 'Northumberland', 'NLD', 222, 'GB', 'Active', 0), 
(3580, 'Nottinghamshire', 'NOT', 222, 'GB', 'Active', 0), 
(3581, 'Orkney Islands', 'ORK', 222, 'GB', 'Active', 0), 
(3582, 'Oxfordshire', 'OFE', 222, 'GB', 'Active', 0), 
(3583, 'Pembrokeshire', 'PEM', 222, 'GB', 'Active', 0), 
(3584, 'Perth and Kinross', 'PERTH', 222, 'GB', 'Active', 0), 
(3585, 'Powys', 'PWS', 222, 'GB', 'Active', 0), 
(3586, 'Renfrewshire', 'REN', 222, 'GB', 'Active', 0), 
(3587, 'Rhondda Cynon Taff', 'RHON', 222, 'GB', 'Active', 0), 
(3588, 'Rutland', 'RUT', 222, 'GB', 'Active', 0), 
(3589, 'Scottish Borders', 'BOR', 222, 'GB', 'Active', 0), 
(3590, 'Shetland Islands', 'SHET', 222, 'GB', 'Active', 0), 
(3591, 'Shropshire', 'SPE', 222, 'GB', 'Active', 0), 
(3592, 'Somerset', 'SOM', 222, 'GB', 'Active', 0), 
(3593, 'South Ayrshire', 'ARYS', 222, 'GB', 'Active', 0), 
(3594, 'South Lanarkshire', 'LANS', 222, 'GB', 'Active', 0), 
(3595, 'South Yorkshire', 'YSS', 222, 'GB', 'Active', 0), 
(3596, 'Staffordshire', 'SFD', 222, 'GB', 'Active', 0), 
(3597, 'Stirling', 'STIR', 222, 'GB', 'Active', 0), 
(3598, 'Suffolk', 'SFK', 222, 'GB', 'Active', 0), 
(3599, 'Surrey', 'SRY', 222, 'GB', 'Active', 0), 
(3600, 'Swansea', 'SWAN', 222, 'GB', 'Active', 0), 
(3601, 'Torfaen', 'TORF', 222, 'GB', 'Active', 0), 
(3602, 'Tyne and Wear', 'TWR', 222, 'GB', 'Active', 0), 
(3603, 'Vale of Glamorgan', 'VGLAM', 222, 'GB', 'Active', 0), 
(3604, 'Warwickshire', 'WARKS', 222, 'GB', 'Active', 0), 
(3605, 'West Dunbartonshire', 'WDUN', 222, 'GB', 'Active', 0), 
(3606, 'West Lothian', 'WLOT', 222, 'GB', 'Active', 0), 
(3607, 'West Midlands', 'WMD', 222, 'GB', 'Active', 0), 
(3608, 'West Sussex', 'SXW', 222, 'GB', 'Active', 0), 
(3609, 'West Yorkshire', 'YSW', 222, 'GB', 'Active', 0), 
(3610, 'Western Isles', 'WIL', 222, 'GB', 'Active', 0), 
(3611, 'Wiltshire', 'WLT', 222, 'GB', 'Active', 0), 
(3612, 'Worcestershire', 'WORCS', 222, 'GB', 'Active', 0), 
(3613, 'Wrexham', 'WRX', 222, 'GB', 'Active', 0), 
(3614, 'Alabamas', 'AL', 223, 'US', 'Active', 0), 
(3615, 'Alaska', 'AK', 223, 'US', 'Active', 0), 
(3616, 'American Samoa', 'AS', 223, 'US', 'Active', 0), 
(3617, 'Arizona', 'AZ', 223, 'US', 'Active', 0), 
(3618, 'Arkansas', 'AR', 223, 'US', 'Active', 0), 
(3619, 'Armed Forces Africa', 'AF', 223, 'US', 'Active', 0), 
(3620, 'Armed Forces Americas', 'AA', 223, 'US', 'Active', 0), 
(3621, 'Armed Forces Canada', 'AC', 223, 'US', 'Active', 0), 
(3622, 'Armed Forces Europe', 'AE', 223, 'US', 'Active', 0), 
(3623, 'Armed Forces Middle East', 'AM', 223, 'US', 'Active', 0), 
(3624, 'Armed Forces Pacific', 'AP', 223, 'US', 'Active', 0), 
(3625, 'California', 'CA', 223, 'US', 'Active', 0), 
(3626, 'Colorado', 'CO', 223, 'US', 'Active', 0), 
(3627, 'Connecticut', 'CT', 223, 'US', 'Active', 0), 
(3628, 'Delaware', 'DE', 223, 'US', 'Active', 0), 
(3629, 'District of Columbia', 'DC', 223, 'US', 'Active', 0), 
(3630, 'Federated States Of Micronesia', 'FM', 223, 'US', 'Active', 0), 
(3631, 'Florida', 'FL', 223, 'US', 'Active', 0), 
(3632, 'Georgia', 'GA', 223, 'US', 'Active', 0), 
(3633, 'Guam', 'GU', 223, 'US', 'Active', 0), 
(3634, 'Hawaii', 'HI', 223, 'US', 'Active', 0), 
(3635, 'Idaho', 'ID', 223, 'US', 'Active', 0), 
(3636, 'Illinois', 'IL', 223, 'US', 'Active', 0), 
(3637, 'Indiana', 'IN', 223, 'US', 'Active', 0), 
(3638, 'Iowa', 'IA', 223, 'US', 'Active', 0), 
(3639, 'Kansas', 'KS', 223, 'US', 'Active', 0), 
(3640, 'Kentucky', 'KY', 223, 'US', 'Active', 0), 
(3641, 'Louisiana', 'LA', 223, 'US', 'Active', 0), 
(3642, 'Maine', 'ME', 223, 'US', 'Active', 0), 
(3643, 'Marshall Islands', 'MH', 223, 'US', 'Active', 0), 
(3644, 'Maryland', 'MD', 223, 'US', 'Active', 0), 
(3645, 'Massachusetts', 'MA', 223, 'US', 'Active', 0), 
(3646, 'Michigan', 'MI', 223, 'US', 'Active', 0), 
(3647, 'Minnesota', 'MN', 223, 'US', 'Active', 0), 
(3648, 'Mississippi', 'MS', 223, 'US', 'Active', 0), 
(3649, 'Missouri', 'MO', 223, 'US', 'Active', 0), 
(3650, 'Montana', 'MT', 223, 'US', 'Active', 0), 
(3651, 'Nebraska', 'NE', 223, 'US', 'Active', 0), 
(3652, 'Nevada', 'NV', 223, 'US', 'Active', 0), 
(3653, 'New Hampshire', 'NH', 223, 'US', 'Active', 0), 
(3654, 'New Jersey', 'NJ', 223, 'US', 'Active', 0), 
(3655, 'New Mexico', 'NM', 223, 'US', 'Active', 0), 
(3656, 'New York', 'NY', 223, 'US', 'Active', 0), 
(3657, 'North Carolina', 'NC', 223, 'US', 'Active', 0), 
(3658, 'North Dakota', 'ND', 223, 'US', 'Active', 0), 
(3659, 'Northern Mariana Islands', 'MP', 223, 'US', 'Active', 0), 
(3660, 'Ohio', 'OH', 223, 'US', 'Active', 0), 
(3661, 'Oklahoma', 'OK', 223, 'US', 'Active', 0), 
(3662, 'Oregon', 'OR', 223, 'US', 'Active', 0), 
(3663, 'Palau', 'PW', 223, 'US', 'Active', 0), 
(3664, 'Pennsylvania', 'PA', 223, 'US', 'Active', 0), 
(3665, 'Puerto Rico', 'PR', 223, 'US', 'Active', 0), 
(3666, 'Rhode Island', 'RI', 223, 'US', 'Active', 0), 
(3667, 'South Carolina', 'SC', 223, 'US', 'Active', 0), 
(3668, 'South Dakota', 'SD', 223, 'US', 'Active', 0), 
(3669, 'Tennessee', 'TN', 223, 'US', 'Active', 0), 
(3670, 'Texas', 'TX', 223, 'US', 'Active', 0), 
(3671, 'Utah', 'UT', 223, 'US', 'Active', 0), 
(3672, 'Vermont', 'VT', 223, 'US', 'Active', 0), 
(3673, 'Virgin Islands', 'VI', 223, 'US', 'Active', 0), 
(3674, 'Virginia', 'VA', 223, 'US', 'Active', 0), 
(3675, 'Washington', 'WA', 223, 'US', 'Active', 0), 
(3676, 'West Virginia', 'WV', 223, 'US', 'Active', 0), 
(3677, 'Wisconsin', 'WI', 223, 'US', 'Active', 0), 
(3678, 'Wyoming', 'WY', 223, 'US', 'Active', 0), 
(3679, 'Baker Island', 'BI', 224, 'UM', 'Active', 0), 
(3680, 'Howland Island', 'HI', 224, 'UM', 'Active', 0), 
(3681, 'Jarvis Island', 'JI', 224, 'UM', 'Active', 0), 
(3682, 'Johnston Atoll', 'JA', 224, 'UM', 'Active', 0), 
(3683, 'Kingman Reef', 'KR', 224, 'UM', 'Active', 0), 
(3684, 'Midway Atoll', 'MA', 224, 'UM', 'Active', 0), 
(3685, 'Navassa Island', 'NI', 224, 'UM', 'Active', 0), 
(3686, 'Palmyra Atoll', 'PA', 224, 'UM', 'Active', 0), 
(3687, 'Wake Island', 'WI', 224, 'UM', 'Active', 0), 
(3688, 'Artigas', 'AR', 225, 'UY', 'Active', 0), 
(3689, 'Canelones', 'CA', 225, 'UY', 'Active', 0), 
(3690, 'Cerro Largo', 'CL', 225, 'UY', 'Active', 0), 
(3691, 'Colonia', 'CO', 225, 'UY', 'Active', 0), 
(3692, 'Durazno', 'DU', 225, 'UY', 'Active', 0), 
(3693, 'Flores', 'FS', 225, 'UY', 'Active', 0), 
(3694, 'Florida', 'FA', 225, 'UY', 'Active', 0), 
(3695, 'Lavalleja', 'LA', 225, 'UY', 'Active', 0), 
(3696, 'Maldonado', 'MA', 225, 'UY', 'Active', 0), 
(3697, 'Montevideo', 'MO', 225, 'UY', 'Active', 0), 
(3698, 'Paysandu', 'PA', 225, 'UY', 'Active', 0), 
(3699, 'Rio Negro', 'RN', 225, 'UY', 'Active', 0), 
(3700, 'Rivera', 'RV', 225, 'UY', 'Active', 0), 
(3701, 'Rocha', 'RO', 225, 'UY', 'Active', 0), 
(3702, 'Salto', 'SL', 225, 'UY', 'Active', 0), 
(3703, 'San Jose', 'SJ', 225, 'UY', 'Active', 0), 
(3704, 'Soriano', 'SO', 225, 'UY', 'Active', 0), 
(3705, 'Tacuarembo', 'TA', 225, 'UY', 'Active', 0), 
(3706, 'Treinta y Tres', 'TT', 225, 'UY', 'Active', 0), 
(3707, 'Andijon', 'AN', 226, 'UZ', 'Active', 0), 
(3708, 'Buxoro', 'BU', 226, 'UZ', 'Active', 0), 
(3709, 'Farg''ona', 'FA', 226, 'UZ', 'Active', 0), 
(3710, 'Jizzax', 'JI', 226, 'UZ', 'Active', 0), 
(3711, 'Namangan', 'NG', 226, 'UZ', 'Active', 0), 
(3712, 'Navoiy', 'NW', 226, 'UZ', 'Active', 0), 
(3713, 'Qashqadaryo', 'QA', 226, 'UZ', 'Active', 0), 
(3714, 'Qoraqalpog''iston Republikasi', 'QR', 226, 'UZ', 'Active', 0), 
(3715, 'Samarqand', 'SA', 226, 'UZ', 'Active', 0), 
(3716, 'Sirdaryo', 'SI', 226, 'UZ', 'Active', 0), 
(3717, 'Surxondaryo', 'SU', 226, 'UZ', 'Active', 0), 
(3718, 'Toshkent City', 'TK', 226, 'UZ', 'Active', 0), 
(3719, 'Toshkent Region', 'TO', 226, 'UZ', 'Active', 0), 
(3720, 'Xorazm', 'XO', 226, 'UZ', 'Active', 0), 
(3721, 'Malampa', 'MA', 227, 'VU', 'Active', 0), 
(3722, 'Penama', 'PE', 227, 'VU', 'Active', 0), 
(3723, 'Sanma', 'SA', 227, 'VU', 'Active', 0), 
(3724, 'Shefa', 'SH', 227, 'VU', 'Active', 0), 
(3725, 'Tafea', 'TA', 227, 'VU', 'Active', 0), 
(3726, 'Torba', 'TO', 227, 'VU', 'Active', 0), 
(3727, 'Amazonas', 'AM', 229, 'VE', 'Active', 0), 
(3728, 'Anzoategui', 'AN', 229, 'VE', 'Active', 0), 
(3729, 'Apure', 'AP', 229, 'VE', 'Active', 0), 
(3730, 'Aragua', 'AR', 229, 'VE', 'Active', 0), 
(3731, 'Barinas', 'BA', 229, 'VE', 'Active', 0), 
(3732, 'Bolivar', 'BO', 229, 'VE', 'Active', 0), 
(3733, 'Carabobo', 'CA', 229, 'VE', 'Active', 0), 
(3734, 'Cojedes', 'CO', 229, 'VE', 'Active', 0), 
(3735, 'Delta Amacuro', 'DA', 229, 'VE', 'Active', 0), 
(3736, 'Dependencias Federales', 'DF', 229, 'VE', 'Active', 0), 
(3737, 'Distrito Federal', 'DI', 229, 'VE', 'Active', 0), 
(3738, 'Falcon', 'FA', 229, 'VE', 'Active', 0), 
(3739, 'Guarico', 'GU', 229, 'VE', 'Active', 0), 
(3740, 'Lara', 'LA', 229, 'VE', 'Active', 0), 
(3741, 'Merida', 'ME', 229, 'VE', 'Active', 0), 
(3742, 'Miranda', 'MI', 229, 'VE', 'Active', 0), 
(3743, 'Monagas', 'MO', 229, 'VE', 'Active', 0), 
(3744, 'Nueva Esparta', 'NE', 229, 'VE', 'Active', 0), 
(3745, 'Portuguesa', 'PO', 229, 'VE', 'Active', 0), 
(3746, 'Sucre', 'SU', 229, 'VE', 'Active', 0), 
(3747, 'Tachira', 'TA', 229, 'VE', 'Active', 0), 
(3748, 'Trujillo', 'TR', 229, 'VE', 'Active', 0), 
(3749, 'Vargas', 'VA', 229, 'VE', 'Active', 0), 
(3750, 'Yaracuy', 'YA', 229, 'VE', 'Active', 0), 
(3751, 'Zulia', 'ZU', 229, 'VE', 'Active', 0), 
(3752, 'An Giang', 'AG', 230, 'VN', 'Active', 0), 
(3753, 'Bac Giang', 'BG', 230, 'VN', 'Active', 0), 
(3754, 'Bac Kan', 'BK', 230, 'VN', 'Active', 0), 
(3755, 'Bac Lieu', 'BL', 230, 'VN', 'Active', 0), 
(3756, 'Bac Ninh', 'BC', 230, 'VN', 'Active', 0), 
(3757, 'Ba Ria-Vung Tau', 'BR', 230, 'VN', 'Active', 0), 
(3758, 'Ben Tre', 'BN', 230, 'VN', 'Active', 0), 
(3759, 'Binh Dinh', 'BH', 230, 'VN', 'Active', 0), 
(3760, 'Binh Duong', 'BU', 230, 'VN', 'Active', 0), 
(3761, 'Binh Phuoc', 'BP', 230, 'VN', 'Active', 0), 
(3762, 'Binh Thuan', 'BT', 230, 'VN', 'Active', 0), 
(3763, 'Ca Mau', 'CM', 230, 'VN', 'Active', 0), 
(3764, 'Can Tho', 'CT', 230, 'VN', 'Active', 0), 
(3765, 'Cao Bang', 'CB', 230, 'VN', 'Active', 0), 
(3766, 'Dak Lak', 'DL', 230, 'VN', 'Active', 0), 
(3767, 'Dak Nong', 'DG', 230, 'VN', 'Active', 0), 
(3768, 'Da Nang', 'DN', 230, 'VN', 'Active', 0), 
(3769, 'Dien Bien', 'DB', 230, 'VN', 'Active', 0), 
(3770, 'Dong Nai', 'DI', 230, 'VN', 'Active', 0), 
(3771, 'Dong Thap', 'DT', 230, 'VN', 'Active', 0), 
(3772, 'Gia Lai', 'GL', 230, 'VN', 'Active', 0), 
(3773, 'Ha Giang', 'HG', 230, 'VN', 'Active', 0), 
(3774, 'Hai Duong', 'HD', 230, 'VN', 'Active', 0), 
(3775, 'Hai Phong', 'HP', 230, 'VN', 'Active', 0), 
(3776, 'Ha Nam', 'HM', 230, 'VN', 'Active', 0), 
(3777, 'Ha Noi', 'HI', 230, 'VN', 'Active', 0), 
(3778, 'Ha Tay', 'HT', 230, 'VN', 'Active', 0), 
(3779, 'Ha Tinh', 'HH', 230, 'VN', 'Active', 0), 
(3780, 'Hoa Binh', 'HB', 230, 'VN', 'Active', 0), 
(3781, 'Ho Chin Minh', 'HC', 230, 'VN', 'Active', 0), 
(3782, 'Hau Giang', 'HU', 230, 'VN', 'Active', 0), 
(3783, 'Hung Yen', 'HY', 230, 'VN', 'Active', 0), 
(3784, 'Saint Croix', 'C', 232, 'VI', 'Active', 0), 
(3785, 'Saint John', 'J', 232, 'VI', 'Active', 0), 
(3786, 'Saint Thomas', 'T', 232, 'VI', 'Active', 0), 
(3787, 'Alo', 'A', 233, 'WF', 'Active', 0), 
(3788, 'Sigave', 'S', 233, 'WF', 'Active', 0), 
(3789, 'Wallis', 'W', 233, 'WF', 'Active', 0), 
(3790, 'Abyan', 'AB', 235, 'YE', 'Active', 0), 
(3791, 'Adan', 'AD', 235, 'YE', 'Active', 0), 
(3792, 'Amran', 'AM', 235, 'YE', 'Active', 0), 
(3793, 'Al Bayda', 'BA', 235, 'YE', 'Active', 0), 
(3794, 'Ad Dali', 'DA', 235, 'YE', 'Active', 0), 
(3795, 'Dhamar', 'DH', 235, 'YE', 'Active', 0), 
(3796, 'Hadramawt', 'HD', 235, 'YE', 'Active', 0), 
(3797, 'Hajjah', 'HJ', 235, 'YE', 'Active', 0), 
(3798, 'Al Hudaydah', 'HU', 235, 'YE', 'Active', 0), 
(3799, 'Ibb', 'IB', 235, 'YE', 'Active', 0), 
(3800, 'Al Jawf', 'JA', 235, 'YE', 'Active', 0), 
(3801, 'Lahij', 'LA', 235, 'YE', 'Active', 0), 
(3802, 'Ma''rib', 'MA', 235, 'YE', 'Active', 0), 
(3803, 'Al Mahrah', 'MR', 235, 'YE', 'Active', 0), 
(3804, 'Al Mahwit', 'MW', 235, 'YE', 'Active', 0), 
(3805, 'Sa''dah', 'SD', 235, 'YE', 'Active', 0), 
(3806, 'San''a', 'SN', 235, 'YE', 'Active', 0), 
(3807, 'Shabwah', 'SH', 235, 'YE', 'Active', 0), 
(3808, 'Ta''izz', 'TA', 235, 'YE', 'Active', 0), 
(3809, 'Kosovo', 'KOS', 236, 'YU', 'Active', 0), 
(3810, 'Montenegro', 'MON', 236, 'YU', 'Active', 0), 
(3811, 'Serbia', 'SER', 236, 'YU', 'Active', 0), 
(3812, 'Vojvodina', 'VOJ', 236, 'YU', 'Active', 0), 
(3813, 'Bas-Congo', 'BC', 237, 'ZR', 'Active', 0), 
(3814, 'Bandundu', 'BN', 237, 'ZR', 'Active', 0), 
(3815, 'Equateur', 'EQ', 237, 'ZR', 'Active', 0), 
(3816, 'Katanga', 'KA', 237, 'ZR', 'Active', 0), 
(3817, 'Kasai-Oriental', 'KE', 237, 'ZR', 'Active', 0), 
(3818, 'Kinshasa', 'KN', 237, 'ZR', 'Active', 0), 
(3819, 'Kasai-Occidental', 'KW', 237, 'ZR', 'Active', 0), 
(3820, 'Maniema', 'MA', 237, 'ZR', 'Active', 0), 
(3821, 'Nord-Kivu', 'NK', 237, 'ZR', 'Active', 0), 
(3822, 'Orientale', 'OR', 237, 'ZR', 'Active', 0), 
(3823, 'Sud-Kivu', 'SK', 237, 'ZR', 'Active', 0), 
(3824, 'Central', 'CE', 238, 'ZM', 'Active', 0), 
(3825, 'Copperbelt', 'CB', 238, 'ZM', 'Active', 0), 
(3826, 'Eastern', 'EA', 238, 'ZM', 'Active', 0), 
(3827, 'Luapula', 'LP', 238, 'ZM', 'Active', 0), 
(3828, 'Lusaka', 'LK', 238, 'ZM', 'Active', 0), 
(3829, 'Northern', 'NO', 238, 'ZM', 'Active', 0), 
(3830, 'North-Western', 'NW', 238, 'ZM', 'Active', 0), 
(3831, 'Southern', 'SO', 238, 'ZM', 'Active', 0), 
(3832, 'Western', 'WE', 238, 'ZM', 'Active', 0), 
(3833, 'Bulawayo', 'BU', 239, 'ZW', 'Active', 0), 
(3834, 'Harare', 'HA', 239, 'ZW', 'Active', 0), 
(3835, 'Manicaland', 'ML', 239, 'ZW', 'Active', 0), 
(3836, 'Mashonaland Central', 'MC', 239, 'ZW', 'Active', 0), 
(3837, 'Mashonaland East', 'ME', 239, 'ZW', 'Active', 0), 
(3838, 'Mashonaland West', 'MW', 239, 'ZW', 'Active', 0), 
(3839, 'Masvingo', 'MV', 239, 'ZW', 'Active', 0), 
(3840, 'Matabeleland North', 'MN', 239, 'ZW', 'Active', 0), 
(3841, 'Matabeleland South', 'MS', 239, 'ZW', 'Active', 0), 
(3842, 'Midlands', 'MD', 239, 'ZW', 'Active', 0);


-- --------------------------------------------------------

--
-- Table structure for table `mod_system_email`
--
DROP TABLE IF EXISTS `mod_system_email`;

CREATE TABLE `mod_system_email` (
  `iEmailTemplateId` int(10) unsigned NOT NULL AUTO_INCREMENT,
  `vEmailCode` varchar(50) NOT NULL,
  `vEmailTitle` varchar(50) NOT NULL,
  `vFromName` varchar(50) NOT NULL,
  `vFromEmail` varchar(50) NOT NULL,
  `vCcEmail` varchar(255) NOT NULL,
  `vBccEmail` varchar(50) NOT NULL,
  `eEmailFormat` varchar(50) DEFAULT NULL,
  `vEmailSubject` varchar(255) NOT NULL,
  `tEmailMessage` text,
  `vEmailFooter` varchar(255) DEFAULT NULL,
  `eStatus` enum('Active','Inactive') NOT NULL,
  `iSysRecDeleted` tinyint(5) DEFAULT '0',
  PRIMARY KEY (`iEmailTemplateId`)
) ENGINE=InnoDB AUTO_INCREMENT=7 DEFAULT CHARSET=utf8;


--
-- Dumping data for table `mod_system_email`
--

INSERT INTO `mod_system_email` (`iEmailTemplateId`, `vEmailCode`, `vEmailTitle`, `vFromName`, `vFromEmail`, `vCcEmail`, `vBccEmail`, `eEmailFormat`, `vEmailSubject`, `tEmailMessage`, `vEmailFooter`, `eStatus`, `iSysRecDeleted`) VALUES 
(1, 'FORGOT_PASSWORD', 'Forgot Password', 'Administrator', 'admin@website.com', '', '', '', 'Your password on #SYSTEM.COMPANY_NAME#', '<p><span style="color: #1483bf; font-family: Arial; font-size: small;"> <strong>Dear #vName#,</strong> </span></p>\r\n<p><span style="font-family: Arial;">We have received your request to send your password.</span></p>\r\n<p><span style="font-family: Arial;"><strong>Your username is:&nbsp;</strong> <span style="color: #6d8d2f;">#vUserName#</span></span></p>\r\n<p><span style="font-family: Arial;"><strong>Your email-address is:&nbsp;</strong> <span style="color: #6d8d2f;">#vEmail#</span></span></p>\r\n<p><span style="font-family: Arial;"><strong>Your password is:</strong>&nbsp;&nbsp;<span style="color: #6d8d2f;">#vPassword#</span></span></p>\r\n<p><span style="font-family: Arial;">Please use this password and your e-mail</span></p>\r\n<p><strong>Login at here:&nbsp;</strong> <a style="text-decoration: none;" href="#SYSTEM.admin_url#"> <span style="color: #6d8d2f;"><span style="font-family: Arial; font-size: small;">#SYSTEM.admin_url#</span></span> </a> <br /> change your password or click &nbsp; <a style="text-decoration: none;" href="#SYSTEM.admin_url#"> <span style="color: #6d8d2f;"><span style="font-family: Arial; font-size: small;">#SYSTEM.admin_url#</span></span> </a></p>\r\n<p>Please do this as soon as possible for safety reasons, preferable immediately.</p>\r\n<p>&nbsp;</p>\r\n<p><span style="font-family: Arial; font-size: small;"><span style="color: #1483bf;"><strong>Regards,</strong></span> <br /><span style="color: #6d8d2f;">#SYSTEM.COMPANY_NAME#</span><br /> <a style="text-decoration: none;" href="#SYSTEM.site_url#" target="_blank"><span style="color: #6d8d2f;"><span style="font-family: Arial; font-size: small;">#SYSTEM.site_url#</span></span></a></span></p>', '', '', 0), 
(2, 'ADMIN_REGISTER', 'Member Registration To Admin', 'Administrator', 'cit.email003@gmail.com', '', '', '', '#SYSTEM.COMPANY_NAME# website account information', '<p><span style="color: #1483bf; font-family: Arial; font-size: small;"><strong>Dear Admin,</strong></span></p>\r\n<p><span style="font-family: Arial;">New user has been registered in your website <span style="color: #0067c6;"><strong>#SYSTEM.COMPANY_NAME#.</strong></span></span></p>\r\n<p>The login credentials for this new user in your company: <span style="color: #0067c6;"><strong>#SYSTEM.COMPANY_NAME#</strong></span> website is as follows:</p>\r\n<p><span style="font-family: Arial;"><strong>Name:</strong>&nbsp;&nbsp;<span style="color: #6d8d2f;">#vName#</span></span></p>\r\n<p><span style="font-family: Arial;"><strong>Email:</strong>&nbsp;&nbsp;<span style="color: #6d8d2f;">#vUserEmail#</span></span></p>\r\n<p><span style="font-family: Arial;"><strong>Password:</strong>&nbsp;&nbsp;<span style="color: #6d8d2f;">#vPassword#</span></span></p>\r\n<p><strong style="font-family: Arial;">Please use below link to login into our website :</strong></p>\r\n<p><a style="text-decoration: none;" href="#SYSTEM.admin_url#"> <span style="color: #6d8d2f;"><span style="font-family: Arial; font-size: small;">#SYSTEM.admin_url#</span></span> </a></p>\r\n<p>&nbsp;</p>\r\n<p><span style="font-family: Arial; font-size: small;"><span style="color: #1483bf;"><strong>Regards,</strong></span></span></p>\r\n<p><span style="font-family: Arial; font-size: small;"><span style="color: #6d8d2f;">#SYSTEM.COMPANY_NAME#</span><br /> <a style="text-decoration: none;" href="#SYSTEM.site_url#" target="_blank"><span style="color: #6d8d2f;"><span style="font-family: Arial; font-size: small;">#SYSTEM.site_url#</span></span></a></span></p>', '', '', 0), 
(3, 'CONTACT_US', 'Contact Us', 'Contact Us', 'cit.email003@gmail.com', '', '', '', 'Contact Us', '<p><span style="color: #1483bf; font-family: Arial; font-size: small;"><strong>Hi Admin,</strong></span></p>\r\n<p><span style="font-family: Arial;">User&nbsp;&nbsp;has requested contact ,please find details below.</span></p>\r\n<p><span style="font-family: Arial;"><strong>Name :</strong> <span style="color: #6d8d2f;">#NAME#</span></span></p>\r\n<p><span style="font-family: Arial;"><strong>Email :</strong> <span style="color: #6d8d2f;">#EMAIL#</span></span></p>\r\n<p><span style="font-family: Arial;"><strong>Comment :</strong> <span style="color: #6d8d2f;">#COMMENT#</span></span></p>\r\n<p>&nbsp;</p>', '', '', 0), 
(4, 'NEWSLETTER', 'Newsletter', 'Administrador', 'cit.email003@gmail.com', '', '', '', 'Newsletter Subscription', '<p><span style="color: #1483bf; font-family: Arial; font-size: small;"><strong>WELCOME #MEMBER_NAME#,</strong></span></p>\r\n<p><span style="font-family: Arial;">Congratulations ! You&nbsp;have sucessfully subscribed for our newsletter: </span></p>\r\n<p><span style="font-family: Arial;">Click bellow link if you no longer want to receive or unsubscribe to our newsletter.</span></p>\r\n<p><a style="text-decoration: none;" href="#UNSUBSCRIBE_URL#"> <span style="color: #6d8d2f;"><span style="font-family: Arial; font-size: small;">#UNSUBSCRIBE_URL#</span></span> </a></p>\r\n<p>&nbsp;</p>\r\n<p><span style="font-family: Arial; font-size: small;"><span style="color: #1483bf;"><strong>Regards,</strong></span> <br /><span style="color: #6d8d2f;">#SYSTEM.COMPANY_NAME#</span><br /> <a style="text-decoration: none;" href="#SYSTEM.site_url#" target="_blank"><span style="color: #6d8d2f;"><span style="font-family: Arial; font-size: small;">#SYSTEM.site_url#</span></span></a></span></p>', '', '', 0), 
(6, 'RESET_PASSWORD', 'Reset Password', 'Administrator', 'cit.email003@gmail.com', '', '', '', 'Change your password on #SYSTEM.COMPANY_NAME#', '<p>Hello <span style="color: #1483bf; font-family: Arial; font-size: small;">#vName#,</span></p>\r\n<p>We received a request to reset your password. If you didn&rsquo;t make this request, simply ignore this email.</p>\r\n<p>Reset password code : <span style="color: #1483bf; font-family: Arial; font-size: small;">#RESET_CODE#</span></p>\r\n<p>Click the link below to reset your password :</p>\r\n<p><span style="color: #1483bf; font-family: Arial; font-size: small;">#RESET_URL#</span></p>\r\n<p>Best Regards,</p>\r\n<p><span style="color: #1483bf; font-family: Arial; font-size: small;">#SYSTEM.COMPANY_NAME#</span></p>', '', '', 0);


-- --------------------------------------------------------

--
-- Table structure for table `mod_system_email_vars`
--
DROP TABLE IF EXISTS `mod_system_email_vars`;

CREATE TABLE `mod_system_email_vars` (
  `iEmailVariableId` int(11) NOT NULL AUTO_INCREMENT,
  `iEmailTemplateId` int(11) NOT NULL,
  `vVarName` varchar(500) NOT NULL,
  `vVarDesc` varchar(500) DEFAULT NULL,
  `iSysRecDeleted` tinyint(5) DEFAULT '0',
  PRIMARY KEY (`iEmailVariableId`)
) ENGINE=InnoDB AUTO_INCREMENT=93 DEFAULT CHARSET=utf8;


--
-- Dumping data for table `mod_system_email_vars`
--

INSERT INTO `mod_system_email_vars` (`iEmailVariableId`, `iEmailTemplateId`, `vVarName`, `vVarDesc`, `iSysRecDeleted`) VALUES 
(69, 3, '#NAME#', 'Name', 0), 
(70, 3, '#EMAIL#', 'Email', 0), 
(71, 3, '#COMMENT#', 'Comments', 0), 
(72, 1, '#vUserName#', 'Username', 0), 
(73, 1, '#vName#', 'Name', 0), 
(74, 1, '#vPassword#', 'Password', 0), 
(75, 1, '#vEmail#', 'Email', 0), 
(76, 1, '#SYSTEM.admin_url#', 'Admin URL', 0), 
(77, 1, '#SYSTEM.COMPANY_NAME#', 'Company Name', 0), 
(78, 1, '#SYSTEM.site_url#', 'Site URL', 0), 
(79, 2, '#vUserEmail#', 'Username', 0), 
(80, 2, '#vPassword#', 'Password', 0), 
(81, 2, '#vName#', 'Name', 0), 
(82, 2, '#SYSTEM.admin_url#', 'Admin URL', 0), 
(83, 2, '#SYSTEM.COMPANY_NAME#', 'Company Name', 0), 
(84, 2, '#SYSTEM.site_url#', 'Site URL', 0), 
(85, 4, '#UNSUBSCRIBE_URL#', 'Unsubscribe URL', 0), 
(86, 4, '#MEMBER_NAME#', 'Member Name', 0), 
(87, 4, '#SYSTEM.COMPANY_NAME#', 'Company Name', 0), 
(88, 4, '#SYSTEM.site_url#', 'Site URL', 0), 
(89, 6, '#RESET_URL#', 'Reset URL', 0), 
(90, 6, '#RESET_CODE#', 'Reset Code', 0), 
(91, 6, '#vName#', 'Name', 0), 
(92, 6, '#SYSTEM.COMPANY_NAME#', 'Company Name', 0);


-- --------------------------------------------------------

--
-- Table structure for table `sys_admin_cache_tables`
--
DROP TABLE IF EXISTS `sys_admin_cache_tables`;

CREATE TABLE `sys_admin_cache_tables` (
  `iCacheTableId` int(11) NOT NULL AUTO_INCREMENT,
  `vTableName` varchar(500) NOT NULL,
  `eTableType` enum('Normal','System') NOT NULL,
  `eCacheType` enum('All','Admin','Webservices','Front') NOT NULL DEFAULT 'All',
  `eExpireTime` enum('1H','12H','1D','1W','15D','1M','3M','6M','FOREVER') NOT NULL,
  `eStatus` enum('Active','Inactive') NOT NULL,
  `iSysRecDeleted` tinyint(5) DEFAULT '0',
  PRIMARY KEY (`iCacheTableId`)
) ENGINE=InnoDB DEFAULT CHARSET=utf8;



-- --------------------------------------------------------

--
-- Table structure for table `sys_admin_messages`
--
DROP TABLE IF EXISTS `sys_admin_messages`;

CREATE TABLE `sys_admin_messages` (
  `iMessageId` int(11) NOT NULL AUTO_INCREMENT,
  `vMessageCode` varchar(500) NOT NULL,
  `tMessageText` text NOT NULL,
  `eMessageType` enum('Module','Dashboard','Webservices','Other','Static') NOT NULL DEFAULT 'Module',
  `vMessageCategory` varchar(500) NOT NULL,
  `iEntityId` int(11) NOT NULL,
  `vEntityName` varchar(500) NOT NULL,
  `vLangCode` varchar(500) NOT NULL DEFAULT 'EN',
  `eStatus` enum('Active','Inactive') NOT NULL,
  PRIMARY KEY (`iMessageId`)
) ENGINE=InnoDB AUTO_INCREMENT=427 DEFAULT CHARSET=utf8;


--
-- Dumping data for table `sys_admin_messages`
--

INSERT INTO `sys_admin_messages` (`iMessageId`, `vMessageCode`, `tMessageText`, `eMessageType`, `vMessageCategory`, `iEntityId`, `vEntityName`, `vLangCode`, `eStatus`) VALUES 
(1, 'PWD_MAIL_SEND_ERR', 'Failure in sending mail..!', 'Other', '', 0, '', 'EN', 'Active'), 
(2, 'PWD_MAIL_SEND_OK', 'Please visit the link which has been sent to your mail..!', 'Other', '', 0, '', 'EN', 'Active'), 
(3, 'PWD_MAIL_CHECK_OK', 'Please check your mail for login name and password..!', 'Other', '', 0, '', 'EN', 'Active'), 
(4, 'PWD_USER_NOT_FOUND_ERR', 'Unable to find a user with this login name..!', 'Other', '', 0, '', 'EN', 'Active'), 
(5, 'PWD_LOGIN_NAME_ERR', 'Please enter login name..!', 'Other', '', 0, '', 'EN', 'Active'), 
(6, 'CHANGE_PWD_OK', 'Password changed successfully..!', 'Other', '', 0, '', 'EN', 'Active'), 
(7, 'CHANGE_PWD_ERR', 'Faliure in changing password..!', 'Other', '', 0, '', 'EN', 'Active'), 
(8, 'CHANGE_PWD_OLD_NEW_ERR', 'New password and confirm password does not match..!', 'Other', '', 0, '', 'EN', 'Active'), 
(9, 'CHANGE_PWD_NEW_ERR', 'Please enter new password..!', 'Other', '', 0, '', 'EN', 'Active'), 
(10, 'CHANGE_PWD_OLD_ERR', 'Old password is incorrect..!', 'Other', '', 0, '', 'EN', 'Active'), 
(11, 'CHANGE_PWD_PERMIT_ERR', 'You are not authorized to view this page..!', 'Other', '', 0, '', 'EN', 'Active'), 
(12, 'BACKUP_FILE_DEL_OK', 'Record(s) deleted successfully..!', 'Other', '', 0, '', 'EN', 'Active'), 
(13, 'BACKUP_FILE_DEL_ERR', 'Failure in deletion of backup file..!', 'Other', '', 0, '', 'EN', 'Active'), 
(14, 'BACKUP_FILE_NOT_FOUND', 'Backup file not found..!', 'Other', '', 0, '', 'EN', 'Active'), 
(15, 'ADMIN_ADMIN_UPDATE_ERR', 'Can not update admin data..!', 'Other', '', 0, '', 'EN', 'Active'), 
(16, 'ADMIN_SELF_UPDATE_ERR', 'Can not update your self..!', 'Other', '', 0, '', 'EN', 'Active'), 
(17, 'ADMIN_ADMIN_DEL_ERR', 'Can not delete admin record..!', 'Other', '', 0, '', 'EN', 'Active'), 
(18, 'ADMIN_SELF_DEL_ERR', 'Can not delete by yourself..!', 'Other', '', 0, '', 'EN', 'Active'), 
(19, 'ADMIN_ADMIN_STATUS_ERR', 'Can not change status of admin..!', 'Other', '', 0, '', 'EN', 'Active'), 
(20, 'ADMIN_SELF_STATUS_ERR', 'Can not change status of yourself..!', 'Other', '', 0, '', 'EN', 'Active'), 
(21, 'QUERY_CLEAR_OK', 'Query log pages deleted successfully..!', 'Other', '', 0, '', 'EN', 'Active'), 
(22, 'QUERY_CLEAR_ERR', 'No query log pages found or page deletion failed..!', 'Other', '', 0, '', 'EN', 'Active'), 
(23, 'CACHE_CLEAR_ERR', 'No queries be cached or cache clearing failed..!', 'Other', '', 0, '', 'EN', 'Active'), 
(24, 'CACHE_CLEAR_OK', 'Query cache cleared successfully..!', 'Other', '', 0, '', 'EN', 'Active'), 
(25, 'BACKUP_ADD_PERMIT_ERR', 'You are not authorized to add or modify these details..!', 'Other', '', 0, '', 'EN', 'Active'), 
(26, 'BACKUP_ADD_ERR', 'Failure in database backup creation..!', 'Other', '', 0, '', 'EN', 'Active'), 
(27, 'BACKUP_ADD_OK', 'Database backup created successfully..!', 'Other', '', 0, '', 'EN', 'Active'), 
(28, 'LOGIN_USER_NAME_PAT_ERR', 'You have entered wrong login name or password pattern. Please try again..!', 'Other', '', 0, '', 'EN', 'Active'), 
(29, 'LOGIN_USER_NAME_ERR', 'You have entered wrong login name or password. Please try again..!', 'Other', '', 0, '', 'EN', 'Active'), 
(30, 'LOGIN_USER_INACTIVE_ERR', 'Your admin login temporarily inactivated. Please contact administrator..!', 'Other', '', 0, '', 'EN', 'Active'), 
(31, 'LOGIN_GROUP_INACTIVE_ERR', 'Your group login temporarily inactivated. Please contact administrator..!', 'Other', '', 0, '', 'EN', 'Active'), 
(32, 'RESET_PWD_CODE_ERR', 'Security code failed..!', 'Other', '', 0, '', 'EN', 'Active'), 
(33, 'RESET_PWD_ERR', 'Reset password failed..!', 'Other', '', 0, '', 'EN', 'Active'), 
(34, 'RESET_PWD_OK', 'Please login with your new password..!', 'Other', '', 0, '', 'EN', 'Active'), 
(35, 'RESET_PWD_TIME_EXCEED_ERR', 'Time exceeded to reset the password..!', 'Other', '', 0, '', 'EN', 'Active'), 
(36, 'GSFILE_DEL_ERR', 'File uploaded successfully..!', 'Other', '', 0, '', 'EN', 'Active'), 
(37, 'GSFILE_DEL_OK', 'File uploaded successfully..!', 'Other', '', 0, '', 'EN', 'Active'), 
(38, 'GSFILE_UPLOAD_FOLDER_ERR', 'Please specify the upload folder name..!', 'Other', '', 0, '', 'EN', 'Active'), 
(39, 'GSFILE_UPLOAD_FILE_ERR', 'Upload file not found..!', 'Other', '', 0, '', 'EN', 'Active'), 
(40, 'GSFILE_UPLOAD_SIZE_ERR', 'File size not a valid one..!', 'Other', '', 0, '', 'EN', 'Active'), 
(41, 'GSFILE_UPLOAD_ERR', 'Failure in uploading..!', 'Other', '', 0, '', 'EN', 'Active'), 
(42, 'GSFILE_UPLOAD_OK', 'Uploaded successfully..!', 'Other', '', 0, '', 'EN', 'Active'), 
(43, 'GSEDIT_PERMIT_ERR', 'You are not authorized to add these details.!', 'Other', '', 0, '', 'EN', 'Active'), 
(44, 'GSADD_PERMIT_ERR', 'You are not authorized to modify these details.!', 'Other', '', 0, '', 'EN', 'Active'), 
(45, 'GSREC_UPDATE_ERR', 'Faliure in updating of general settings..!', 'Other', '', 0, '', 'EN', 'Active'), 
(46, 'GSREC_UPDATE_OK', 'General settings updated successfully..!', 'Other', '', 0, '', 'EN', 'Active'), 
(47, 'BEADD_PERMIT_ERR', 'You are not authorized to send mail..!', 'Other', '', 0, '', 'EN', 'Active'), 
(48, 'BEREC_NOT_FOUND_ERR', 'No records found to mail..!', 'Other', '', 0, '', 'EN', 'Active'), 
(49, 'BEMAIL_BODY_EMPTY_ERR', 'Email body should not empty..!', 'Other', '', 0, '', 'EN', 'Active'), 
(50, 'BEMAIL_SEND_ERR', 'Faliure in sending email.!', 'Other', '', 0, '', 'EN', 'Active'), 
(51, 'BEMAIL_SEND_OK', 'Email send successfully..!', 'Other', '', 0, '', 'EN', 'Active'), 
(52, 'DASHBOARD_CONFIG_ERR', 'Dashboard configuration not found..!', 'Other', '', 0, '', 'EN', 'Active'), 
(53, 'DASHBOARD_INACTIVE_ERR', 'Dashboard is unavailable..!', 'Other', '', 0, '', 'EN', 'Active'), 
(54, 'DASHBOARD_VIEW_PERMIT_ERR', 'You are not authorized to view this page..!', 'Other', '', 0, '', 'EN', 'Active'), 
(55, 'DASHBOARD_EDIT_PERMIT_ERR', 'You are not authorized to view this page..!', 'Other', '', 0, '', 'EN', 'Active'), 
(56, 'DASHBOARD_UPDATE_OK', 'Record(s) updated successfully..!', 'Other', '', 0, '', 'EN', 'Active'), 
(57, 'DASHBOARD_UPDATE_ERR', 'Faliure in updating..!', 'Other', '', 0, '', 'EN', 'Active'), 
(58, 'SP_FILE_CREATE_ERR', 'Failure in static page creation..!', 'Other', '', 0, '', 'EN', 'Active'), 
(59, 'SP_FILE_WRITE_ERR', 'Failure in static page data appending..!', 'Other', '', 0, '', 'EN', 'Active'), 
(60, 'MODULE_CONFIG_ERR', 'Module configuration not done..!', 'Static', '', -1, '', 'EN', 'Active'), 
(61, 'LISTING_CONFIG_ERR', 'Listing configuration not done..!', 'Static', '', -1, '', 'EN', 'Active'), 
(62, 'FORM_CONFIG_ERR', 'Form configuring not done..!', 'Static', '', -1, '', 'EN', 'Active'), 
(63, 'TABLE_PRIMARY_ERR', 'Either table name or primary key is missing..!', 'Static', '', -1, '', 'EN', 'Active'), 
(64, 'CMODULE_RELATION_ERR', 'Relation between modules not found..!', 'Static', '', -1, '', 'EN', 'Active'), 
(65, 'CMODULE_ADDMORE_ERR', 'Add more is not allowed for this module..!', 'Static', '', -1, '', 'EN', 'Active'), 
(66, 'LIST_PERMIT_ERR', 'You are not authorized to view this page..!', 'Static', '', -1, '', 'EN', 'Active'), 
(67, 'VIEW_PERMIT_ERR', 'You are not authorized to view this page..!', 'Static', '', -1, '', 'EN', 'Active'), 
(68, 'ADD_PERMIT_ERR', 'You are not authorized to add these details..!', 'Static', '', -1, '', 'EN', 'Active'), 
(69, 'EDIT_PERMIT_ERR', 'You are not authorized to modify these details..!', 'Static', '', -1, '', 'EN', 'Active'), 
(70, 'DEL_PERMIT_ERR', 'You are not authorized to delete these details..!', 'Static', '', -1, '', 'EN', 'Active'), 
(71, 'REC_ADD_ERR', 'Failure in adding record..!', 'Static', '', -1, '', 'EN', 'Active'), 
(72, 'REC_ADD_OK', 'Record added successfully..!', 'Static', '', -1, '', 'EN', 'Active'), 
(73, 'REC_UPDATE_ERR', 'Failure in updating of this record..!', 'Static', '', -1, '', 'EN', 'Active'), 
(74, 'REC_UPDATE_OK', 'Record successfully updated..!', 'Static', '', -1, '', 'EN', 'Active'), 
(75, 'DELETE_REC_ERR', 'Failure in deletion this record..!', 'Static', '', -1, '', 'EN', 'Active'), 
(76, 'DELETE_REC_OK', 'Record(s) deleted successfully..!', 'Static', '', -1, '', 'EN', 'Active'), 
(77, 'STATUS_CHANGE_ERR', 'Failure in modifying these records..!', 'Static', '', -1, '', 'EN', 'Active'), 
(78, 'STATUS_CHANGE_OK', 'Record(s) modified successfully..!', 'Static', '', -1, '', 'EN', 'Active'), 
(79, 'REC_DUPLICATE_ERR', 'Record already exists with these details of #FIELD_NAME#..!', 'Static', '', -1, '', 'EN', 'Active'), 
(80, 'REC_NOT_FOUND_ERR', 'Records which you are trying to access are not available..!', 'Static', '', -1, '', 'EN', 'Active'), 
(81, 'REC_FAIL_ERR', 'Failure in performing this operation..!', 'Static', '', -1, '', 'EN', 'Active'), 
(82, 'NO_RECORDS_FOUND', 'No #MODULE_NAME# data found..!', 'Static', '', -1, '', 'EN', 'Active'), 
(83, 'BEFORE_EVENT_ERR', 'Before event has been failed..!', 'Static', '', -1, '', 'EN', 'Active'), 
(84, 'AFTER_EVENT_ERR', 'After event has been failed..!', 'Static', '', -1, '', 'EN', 'Active'), 
(85, 'DEL_EVENT_ERR', 'Delete event has been failed..!', 'Static', '', -1, '', 'EN', 'Active'), 
(86, 'FILE_UPLOAD_ERR', 'Failure in uploading..!', 'Static', '', -1, '', 'EN', 'Active'), 
(87, 'FILE_UPLOAD_OK', 'File Uploaded successfully..!', 'Static', '', -1, '', 'EN', 'Active'), 
(88, 'FILE_UPLOAD_FOLDER_ERR', 'Please specify the upload folder name..!', 'Static', '', -1, '', 'EN', 'Active'), 
(89, 'FILE_UPLOAD_FILE_ERR', 'Upload file not found..!', 'Static', '', -1, '', 'EN', 'Active'), 
(90, 'FILE_UPLOAD_SIZE_ERR', 'File size not a valid one..!', 'Static', '', -1, '', 'EN', 'Active'), 
(91, 'FILE_DELETE_OK', 'File deleted successfully..!', 'Static', '', -1, '', 'EN', 'Active'), 
(92, 'FILE_DELETE_ERR', 'Failure in file deletion..!', 'Static', '', -1, '', 'EN', 'Active'), 
(93, 'DASHBOARD_MODULE_CONFIG_ERR', 'Module configuration not found..!', 'Static', '', -2, '', 'EN', 'Active'), 
(94, 'DASHBOARD_MODULE_LISTING_CONFIG_ERR', 'Listing configuration not done..!', 'Static', '', -2, '', 'EN', 'Active'), 
(95, 'DASHBOARD_MODULE_LIST_PERMIT_ERR', 'You are not authorized to view this page..!', 'Static', '', -2, '', 'EN', 'Active'), 
(96, 'DASHBOARD_MODULE_VIEW_PERMIT_ERR', 'You are not authorized to view this page..!', 'Static', '', -2, '', 'EN', 'Active'), 
(97, 'MODULE_CONFIG_ERR', 'Module configuration not done..!', 'Module', '', 5, 'systememails', 'EN', 'Active'), 
(98, 'LISTING_CONFIG_ERR', 'Listing configuration not done..!', 'Module', '', 5, 'systememails', 'EN', 'Active'), 
(99, 'FORM_CONFIG_ERR', 'Form configuring not done..!', 'Module', '', 5, 'systememails', 'EN', 'Active'), 
(100, 'TABLE_PRIMARY_ERR', 'Either table name or primary key is missing..!', 'Module', '', 5, 'systememails', 'EN', 'Active'), 
(101, 'CMODULE_RELATION_ERR', 'Relation between modules not found..!', 'Module', '', 5, 'systememails', 'EN', 'Active'), 
(102, 'CMODULE_ADDMORE_ERR', 'Add more is not allowed for this module..!', 'Module', '', 5, 'systememails', 'EN', 'Active'), 
(103, 'LIST_PERMIT_ERR', 'You are not authorized to view this page..!', 'Module', '', 5, 'systememails', 'EN', 'Active'), 
(104, 'VIEW_PERMIT_ERR', 'You are not authorized to view this page..!', 'Module', '', 5, 'systememails', 'EN', 'Active'), 
(105, 'ADD_PERMIT_ERR', 'You are not authorized to add these details..!', 'Module', '', 5, 'systememails', 'EN', 'Active'), 
(106, 'EDIT_PERMIT_ERR', 'You are not authorized to modify these details..!', 'Module', '', 5, 'systememails', 'EN', 'Active'), 
(107, 'DEL_PERMIT_ERR', 'You are not authorized to delete these details..!', 'Module', '', 5, 'systememails', 'EN', 'Active'), 
(108, 'REC_ADD_ERR', 'Failure in adding record..!', 'Module', '', 5, 'systememails', 'EN', 'Active'), 
(109, 'REC_ADD_OK', 'Record added successfully..!', 'Module', '', 5, 'systememails', 'EN', 'Active'), 
(110, 'REC_UPDATE_ERR', 'Failure in updating of this record..!', 'Module', '', 5, 'systememails', 'EN', 'Active'), 
(111, 'REC_UPDATE_OK', 'Record successfully updated..!', 'Module', '', 5, 'systememails', 'EN', 'Active'), 
(112, 'DELETE_REC_ERR', 'Failure in deletion this record..!', 'Module', '', 5, 'systememails', 'EN', 'Active'), 
(113, 'DELETE_REC_OK', 'Record(s) deleted successfully..!', 'Module', '', 5, 'systememails', 'EN', 'Active'), 
(114, 'STATUS_CHANGE_ERR', 'Failure in modifying these records..!', 'Module', '', 5, 'systememails', 'EN', 'Active'), 
(115, 'STATUS_CHANGE_OK', 'Record(s) modified successfully..!', 'Module', '', 5, 'systememails', 'EN', 'Active'), 
(116, 'REC_DUPLICATE_ERR', 'Record already exists with these details of Email Code..!', 'Module', '', 5, 'systememails', 'EN', 'Active'), 
(117, 'REC_NOT_FOUND_ERR', 'Records which you are trying to access are not available..!', 'Module', '', 5, 'systememails', 'EN', 'Active'), 
(118, 'REC_FAIL_ERR', 'Failure in performing this operation..!', 'Module', '', 5, 'systememails', 'EN', 'Active'), 
(119, 'NO_RECORDS_FOUND', 'No System Emails data found..!', 'Module', '', 5, 'systememails', 'EN', 'Active'), 
(120, 'BEFORE_EVENT_ERR', 'Before event has been failed..!', 'Module', '', 5, 'systememails', 'EN', 'Active'), 
(121, 'AFTER_EVENT_ERR', 'After event has been failed..!', 'Module', '', 5, 'systememails', 'EN', 'Active'), 
(122, 'DEL_EVENT_ERR', 'Delete event has been failed..!', 'Module', '', 5, 'systememails', 'EN', 'Active'), 
(123, 'FILE_UPLOAD_ERR', 'Failure in uploading..!', 'Module', '', 5, 'systememails', 'EN', 'Active'), 
(124, 'FILE_UPLOAD_OK', 'File Uploaded successfully..!', 'Module', '', 5, 'systememails', 'EN', 'Active'), 
(125, 'FILE_UPLOAD_FOLDER_ERR', 'Please specify the upload folder name..!', 'Module', '', 5, 'systememails', 'EN', 'Active'), 
(126, 'FILE_UPLOAD_FILE_ERR', 'Upload file not found..!', 'Module', '', 5, 'systememails', 'EN', 'Active'), 
(127, 'FILE_UPLOAD_SIZE_ERR', 'File size not a valid one..!', 'Module', '', 5, 'systememails', 'EN', 'Active'), 
(128, 'FILE_DELETE_OK', 'File deleted successfully..!', 'Module', '', 5, 'systememails', 'EN', 'Active'), 
(129, 'FILE_DELETE_ERR', 'Failure in file deletion..!', 'Module', '', 5, 'systememails', 'EN', 'Active'), 
(130, 'MODULE_CONFIG_ERR', 'Module configuration not done..!', 'Module', '', 1, 'admin', 'EN', 'Active'), 
(131, 'LISTING_CONFIG_ERR', 'Listing configuration not done..!', 'Module', '', 1, 'admin', 'EN', 'Active'), 
(132, 'FORM_CONFIG_ERR', 'Form configuring not done..!', 'Module', '', 1, 'admin', 'EN', 'Active'), 
(133, 'TABLE_PRIMARY_ERR', 'Either table name or primary key is missing..!', 'Module', '', 1, 'admin', 'EN', 'Active'), 
(134, 'CMODULE_RELATION_ERR', 'Relation between modules not found..!', 'Module', '', 1, 'admin', 'EN', 'Active'), 
(135, 'CMODULE_ADDMORE_ERR', 'Add more is not allowed for this module..!', 'Module', '', 1, 'admin', 'EN', 'Active'), 
(136, 'LIST_PERMIT_ERR', 'You are not authorized to view this page..!', 'Module', '', 1, 'admin', 'EN', 'Active'), 
(137, 'VIEW_PERMIT_ERR', 'You are not authorized to view this page..!', 'Module', '', 1, 'admin', 'EN', 'Active'), 
(138, 'ADD_PERMIT_ERR', 'You are not authorized to add these details..!', 'Module', '', 1, 'admin', 'EN', 'Active'), 
(139, 'EDIT_PERMIT_ERR', 'You are not authorized to modify these details..!', 'Module', '', 1, 'admin', 'EN', 'Active'), 
(140, 'DEL_PERMIT_ERR', 'You are not authorized to delete these details..!', 'Module', '', 1, 'admin', 'EN', 'Active'), 
(141, 'REC_ADD_ERR', 'Failure in adding record..!', 'Module', '', 1, 'admin', 'EN', 'Active'), 
(142, 'REC_ADD_OK', 'Record added successfully..!', 'Module', '', 1, 'admin', 'EN', 'Active'), 
(143, 'REC_UPDATE_ERR', 'Failure in updating of this record..!', 'Module', '', 1, 'admin', 'EN', 'Active'), 
(144, 'REC_UPDATE_OK', 'Record successfully updated..!', 'Module', '', 1, 'admin', 'EN', 'Active'), 
(145, 'DELETE_REC_ERR', 'Failure in deletion this record..!', 'Module', '', 1, 'admin', 'EN', 'Active'), 
(146, 'DELETE_REC_OK', 'Record(s) deleted successfully..!', 'Module', '', 1, 'admin', 'EN', 'Active'), 
(147, 'STATUS_CHANGE_ERR', 'Failure in modifying these records..!', 'Module', '', 1, 'admin', 'EN', 'Active'), 
(148, 'STATUS_CHANGE_OK', 'Record(s) modified successfully..!', 'Module', '', 1, 'admin', 'EN', 'Active'), 
(149, 'REC_DUPLICATE_ERR', 'Record already exists with these details of Email or User Name..!', 'Module', '', 1, 'admin', 'EN', 'Active'), 
(150, 'REC_NOT_FOUND_ERR', 'Records which you are trying to access are not available..!', 'Module', '', 1, 'admin', 'EN', 'Active'), 
(151, 'REC_FAIL_ERR', 'Failure in performing this operation..!', 'Module', '', 1, 'admin', 'EN', 'Active'), 
(152, 'NO_RECORDS_FOUND', 'No Admin data found..!', 'Module', '', 1, 'admin', 'EN', 'Active'), 
(153, 'BEFORE_EVENT_ERR', 'Before event has been failed..!', 'Module', '', 1, 'admin', 'EN', 'Active'), 
(154, 'AFTER_EVENT_ERR', 'After event has been failed..!', 'Module', '', 1, 'admin', 'EN', 'Active'), 
(155, 'DEL_EVENT_ERR', 'Delete event has been failed..!', 'Module', '', 1, 'admin', 'EN', 'Active'), 
(156, 'FILE_UPLOAD_ERR', 'Failure in uploading..!', 'Module', '', 1, 'admin', 'EN', 'Active'), 
(157, 'FILE_UPLOAD_OK', 'File Uploaded successfully..!', 'Module', '', 1, 'admin', 'EN', 'Active'), 
(158, 'FILE_UPLOAD_FOLDER_ERR', 'Please specify the upload folder name..!', 'Module', '', 1, 'admin', 'EN', 'Active'), 
(159, 'FILE_UPLOAD_FILE_ERR', 'Upload file not found..!', 'Module', '', 1, 'admin', 'EN', 'Active'), 
(160, 'FILE_UPLOAD_SIZE_ERR', 'File size not a valid one..!', 'Module', '', 1, 'admin', 'EN', 'Active'), 
(161, 'FILE_DELETE_OK', 'File deleted successfully..!', 'Module', '', 1, 'admin', 'EN', 'Active'), 
(162, 'FILE_DELETE_ERR', 'Failure in file deletion..!', 'Module', '', 1, 'admin', 'EN', 'Active'), 
(163, 'MODULE_CONFIG_ERR', 'Module configuration not done..!', 'Module', '', 3, 'country', 'EN', 'Active'), 
(164, 'LISTING_CONFIG_ERR', 'Listing configuration not done..!', 'Module', '', 3, 'country', 'EN', 'Active'), 
(165, 'FORM_CONFIG_ERR', 'Form configuring not done..!', 'Module', '', 3, 'country', 'EN', 'Active'), 
(166, 'TABLE_PRIMARY_ERR', 'Either table name or primary key is missing..!', 'Module', '', 3, 'country', 'EN', 'Active'), 
(167, 'CMODULE_RELATION_ERR', 'Relation between modules not found..!', 'Module', '', 3, 'country', 'EN', 'Active'), 
(168, 'CMODULE_ADDMORE_ERR', 'Add more is not allowed for this module..!', 'Module', '', 3, 'country', 'EN', 'Active'), 
(169, 'LIST_PERMIT_ERR', 'You are not authorized to view this page..!', 'Module', '', 3, 'country', 'EN', 'Active'), 
(170, 'VIEW_PERMIT_ERR', 'You are not authorized to view this page..!', 'Module', '', 3, 'country', 'EN', 'Active'), 
(171, 'ADD_PERMIT_ERR', 'You are not authorized to add these details..!', 'Module', '', 3, 'country', 'EN', 'Active'), 
(172, 'EDIT_PERMIT_ERR', 'You are not authorized to modify these details..!', 'Module', '', 3, 'country', 'EN', 'Active'), 
(173, 'DEL_PERMIT_ERR', 'You are not authorized to delete these details..!', 'Module', '', 3, 'country', 'EN', 'Active'), 
(174, 'REC_ADD_ERR', 'Failure in adding record..!', 'Module', '', 3, 'country', 'EN', 'Active'), 
(175, 'REC_ADD_OK', 'Record added successfully..!', 'Module', '', 3, 'country', 'EN', 'Active'), 
(176, 'REC_UPDATE_ERR', 'Failure in updating of this record..!', 'Module', '', 3, 'country', 'EN', 'Active'), 
(177, 'REC_UPDATE_OK', 'Record successfully updated..!', 'Module', '', 3, 'country', 'EN', 'Active'), 
(178, 'DELETE_REC_ERR', 'Failure in deletion this record..!', 'Module', '', 3, 'country', 'EN', 'Active'), 
(179, 'DELETE_REC_OK', 'Record(s) deleted successfully..!', 'Module', '', 3, 'country', 'EN', 'Active'), 
(180, 'STATUS_CHANGE_ERR', 'Failure in modifying these records..!', 'Module', '', 3, 'country', 'EN', 'Active'), 
(181, 'STATUS_CHANGE_OK', 'Record(s) modified successfully..!', 'Module', '', 3, 'country', 'EN', 'Active'), 
(182, 'REC_DUPLICATE_ERR', 'Record already exists with these details of Country Code..!', 'Module', '', 3, 'country', 'EN', 'Active'), 
(183, 'REC_NOT_FOUND_ERR', 'Records which you are trying to access are not available..!', 'Module', '', 3, 'country', 'EN', 'Active'), 
(184, 'REC_FAIL_ERR', 'Failure in performing this operation..!', 'Module', '', 3, 'country', 'EN', 'Active'), 
(185, 'NO_RECORDS_FOUND', 'No Country data found..!', 'Module', '', 3, 'country', 'EN', 'Active'), 
(186, 'BEFORE_EVENT_ERR', 'Before event has been failed..!', 'Module', '', 3, 'country', 'EN', 'Active'), 
(187, 'AFTER_EVENT_ERR', 'After event has been failed..!', 'Module', '', 3, 'country', 'EN', 'Active'), 
(188, 'DEL_EVENT_ERR', 'Delete event has been failed..!', 'Module', '', 3, 'country', 'EN', 'Active'), 
(189, 'FILE_UPLOAD_ERR', 'Failure in uploading..!', 'Module', '', 3, 'country', 'EN', 'Active'), 
(190, 'FILE_UPLOAD_OK', 'File Uploaded successfully..!', 'Module', '', 3, 'country', 'EN', 'Active'), 
(191, 'FILE_UPLOAD_FOLDER_ERR', 'Please specify the upload folder name..!', 'Module', '', 3, 'country', 'EN', 'Active'), 
(192, 'FILE_UPLOAD_FILE_ERR', 'Upload file not found..!', 'Module', '', 3, 'country', 'EN', 'Active'), 
(193, 'FILE_UPLOAD_SIZE_ERR', 'File size not a valid one..!', 'Module', '', 3, 'country', 'EN', 'Active'), 
(194, 'FILE_DELETE_OK', 'File deleted successfully..!', 'Module', '', 3, 'country', 'EN', 'Active'), 
(195, 'FILE_DELETE_ERR', 'Failure in file deletion..!', 'Module', '', 3, 'country', 'EN', 'Active'), 
(196, 'MODULE_CONFIG_ERR', 'Module configuration not done..!', 'Module', '', 2, 'group', 'EN', 'Active'), 
(197, 'LISTING_CONFIG_ERR', 'Listing configuration not done..!', 'Module', '', 2, 'group', 'EN', 'Active'), 
(198, 'FORM_CONFIG_ERR', 'Form configuring not done..!', 'Module', '', 2, 'group', 'EN', 'Active'), 
(199, 'TABLE_PRIMARY_ERR', 'Either table name or primary key is missing..!', 'Module', '', 2, 'group', 'EN', 'Active'), 
(200, 'CMODULE_RELATION_ERR', 'Relation between modules not found..!', 'Module', '', 2, 'group', 'EN', 'Active'), 
(201, 'CMODULE_ADDMORE_ERR', 'Add more is not allowed for this module..!', 'Module', '', 2, 'group', 'EN', 'Active'), 
(202, 'LIST_PERMIT_ERR', 'You are not authorized to view this page..!', 'Module', '', 2, 'group', 'EN', 'Active'), 
(203, 'VIEW_PERMIT_ERR', 'You are not authorized to view this page..!', 'Module', '', 2, 'group', 'EN', 'Active'), 
(204, 'ADD_PERMIT_ERR', 'You are not authorized to add these details..!', 'Module', '', 2, 'group', 'EN', 'Active'), 
(205, 'EDIT_PERMIT_ERR', 'You are not authorized to modify these details..!', 'Module', '', 2, 'group', 'EN', 'Active'), 
(206, 'DEL_PERMIT_ERR', 'You are not authorized to delete these details..!', 'Module', '', 2, 'group', 'EN', 'Active'), 
(207, 'REC_ADD_ERR', 'Failure in adding record..!', 'Module', '', 2, 'group', 'EN', 'Active'), 
(208, 'REC_ADD_OK', 'Record added successfully..!', 'Module', '', 2, 'group', 'EN', 'Active'), 
(209, 'REC_UPDATE_ERR', 'Failure in updating of this record..!', 'Module', '', 2, 'group', 'EN', 'Active'), 
(210, 'REC_UPDATE_OK', 'Record successfully updated..!', 'Module', '', 2, 'group', 'EN', 'Active'), 
(211, 'DELETE_REC_ERR', 'Failure in deletion this record..!', 'Module', '', 2, 'group', 'EN', 'Active'), 
(212, 'DELETE_REC_OK', 'Record(s) deleted successfully..!', 'Module', '', 2, 'group', 'EN', 'Active'), 
(213, 'STATUS_CHANGE_ERR', 'Failure in modifying these records..!', 'Module', '', 2, 'group', 'EN', 'Active'), 
(214, 'STATUS_CHANGE_OK', 'Record(s) modified successfully..!', 'Module', '', 2, 'group', 'EN', 'Active'), 
(215, 'REC_DUPLICATE_ERR', 'Record already exists with these details of Group Code..!', 'Module', '', 2, 'group', 'EN', 'Active'), 
(216, 'REC_NOT_FOUND_ERR', 'Records which you are trying to access are not available..!', 'Module', '', 2, 'group', 'EN', 'Active'), 
(217, 'REC_FAIL_ERR', 'Failure in performing this operation..!', 'Module', '', 2, 'group', 'EN', 'Active'), 
(218, 'NO_RECORDS_FOUND', 'No Group data found..!', 'Module', '', 2, 'group', 'EN', 'Active'), 
(219, 'BEFORE_EVENT_ERR', 'Before event has been failed..!', 'Module', '', 2, 'group', 'EN', 'Active'), 
(220, 'AFTER_EVENT_ERR', 'After event has been failed..!', 'Module', '', 2, 'group', 'EN', 'Active'), 
(221, 'DEL_EVENT_ERR', 'Delete event has been failed..!', 'Module', '', 2, 'group', 'EN', 'Active'), 
(222, 'FILE_UPLOAD_ERR', 'Failure in uploading..!', 'Module', '', 2, 'group', 'EN', 'Active'), 
(223, 'FILE_UPLOAD_OK', 'File Uploaded successfully..!', 'Module', '', 2, 'group', 'EN', 'Active'), 
(224, 'FILE_UPLOAD_FOLDER_ERR', 'Please specify the upload folder name..!', 'Module', '', 2, 'group', 'EN', 'Active'), 
(225, 'FILE_UPLOAD_FILE_ERR', 'Upload file not found..!', 'Module', '', 2, 'group', 'EN', 'Active'), 
(226, 'FILE_UPLOAD_SIZE_ERR', 'File size not a valid one..!', 'Module', '', 2, 'group', 'EN', 'Active'), 
(227, 'FILE_DELETE_OK', 'File deleted successfully..!', 'Module', '', 2, 'group', 'EN', 'Active'), 
(228, 'FILE_DELETE_ERR', 'Failure in file deletion..!', 'Module', '', 2, 'group', 'EN', 'Active'), 
(229, 'MODULE_CONFIG_ERR', 'Module configuration not done..!', 'Module', '', 7, 'loghistory', 'EN', 'Active'), 
(230, 'LISTING_CONFIG_ERR', 'Listing configuration not done..!', 'Module', '', 7, 'loghistory', 'EN', 'Active'), 
(231, 'FORM_CONFIG_ERR', 'Form configuring not done..!', 'Module', '', 7, 'loghistory', 'EN', 'Active'), 
(232, 'TABLE_PRIMARY_ERR', 'Either table name or primary key is missing..!', 'Module', '', 7, 'loghistory', 'EN', 'Active'), 
(233, 'CMODULE_RELATION_ERR', 'Relation between modules not found..!', 'Module', '', 7, 'loghistory', 'EN', 'Active'), 
(234, 'CMODULE_ADDMORE_ERR', 'Add more is not allowed for this module..!', 'Module', '', 7, 'loghistory', 'EN', 'Active'), 
(235, 'LIST_PERMIT_ERR', 'You are not authorized to view this page..!', 'Module', '', 7, 'loghistory', 'EN', 'Active'), 
(236, 'VIEW_PERMIT_ERR', 'You are not authorized to view this page..!', 'Module', '', 7, 'loghistory', 'EN', 'Active'), 
(237, 'ADD_PERMIT_ERR', 'You are not authorized to add these details..!', 'Module', '', 7, 'loghistory', 'EN', 'Active'), 
(238, 'EDIT_PERMIT_ERR', 'You are not authorized to modify these details..!', 'Module', '', 7, 'loghistory', 'EN', 'Active'), 
(239, 'DEL_PERMIT_ERR', 'You are not authorized to delete these details..!', 'Module', '', 7, 'loghistory', 'EN', 'Active'), 
(240, 'REC_ADD_ERR', 'Failure in adding record..!', 'Module', '', 7, 'loghistory', 'EN', 'Active'), 
(241, 'REC_ADD_OK', 'Record added successfully..!', 'Module', '', 7, 'loghistory', 'EN', 'Active'), 
(242, 'REC_UPDATE_ERR', 'Failure in updating of this record..!', 'Module', '', 7, 'loghistory', 'EN', 'Active'), 
(243, 'REC_UPDATE_OK', 'Record successfully updated..!', 'Module', '', 7, 'loghistory', 'EN', 'Active'), 
(244, 'DELETE_REC_ERR', 'Failure in deletion this record..!', 'Module', '', 7, 'loghistory', 'EN', 'Active'), 
(245, 'DELETE_REC_OK', 'Record(s) deleted successfully..!', 'Module', '', 7, 'loghistory', 'EN', 'Active'), 
(246, 'STATUS_CHANGE_ERR', 'Failure in modifying these records..!', 'Module', '', 7, 'loghistory', 'EN', 'Active'), 
(247, 'STATUS_CHANGE_OK', 'Record(s) modified successfully..!', 'Module', '', 7, 'loghistory', 'EN', 'Active'), 
(248, 'REC_DUPLICATE_ERR', 'Record already exists with these details of ..!', 'Module', '', 7, 'loghistory', 'EN', 'Active'), 
(249, 'REC_NOT_FOUND_ERR', 'Records which you are trying to access are not available..!', 'Module', '', 7, 'loghistory', 'EN', 'Active'), 
(250, 'REC_FAIL_ERR', 'Failure in performing this operation..!', 'Module', '', 7, 'loghistory', 'EN', 'Active'), 
(251, 'NO_RECORDS_FOUND', 'No Log History data found..!', 'Module', '', 7, 'loghistory', 'EN', 'Active'), 
(252, 'BEFORE_EVENT_ERR', 'Before event has been failed..!', 'Module', '', 7, 'loghistory', 'EN', 'Active'), 
(253, 'AFTER_EVENT_ERR', 'After event has been failed..!', 'Module', '', 7, 'loghistory', 'EN', 'Active'), 
(254, 'DEL_EVENT_ERR', 'Delete event has been failed..!', 'Module', '', 7, 'loghistory', 'EN', 'Active'), 
(255, 'FILE_UPLOAD_ERR', 'Failure in uploading..!', 'Module', '', 7, 'loghistory', 'EN', 'Active'), 
(256, 'FILE_UPLOAD_OK', 'File Uploaded successfully..!', 'Module', '', 7, 'loghistory', 'EN', 'Active'), 
(257, 'FILE_UPLOAD_FOLDER_ERR', 'Please specify the upload folder name..!', 'Module', '', 7, 'loghistory', 'EN', 'Active'), 
(258, 'FILE_UPLOAD_FILE_ERR', 'Upload file not found..!', 'Module', '', 7, 'loghistory', 'EN', 'Active'), 
(259, 'FILE_UPLOAD_SIZE_ERR', 'File size not a valid one..!', 'Module', '', 7, 'loghistory', 'EN', 'Active'), 
(260, 'FILE_DELETE_OK', 'File deleted successfully..!', 'Module', '', 7, 'loghistory', 'EN', 'Active'), 
(261, 'FILE_DELETE_ERR', 'Failure in file deletion..!', 'Module', '', 7, 'loghistory', 'EN', 'Active'), 
(262, 'MODULE_CONFIG_ERR', 'Module configuration not done..!', 'Module', '', 4, 'state', 'EN', 'Active'), 
(263, 'LISTING_CONFIG_ERR', 'Listing configuration not done..!', 'Module', '', 4, 'state', 'EN', 'Active'), 
(264, 'FORM_CONFIG_ERR', 'Form configuring not done..!', 'Module', '', 4, 'state', 'EN', 'Active'), 
(265, 'TABLE_PRIMARY_ERR', 'Either table name or primary key is missing..!', 'Module', '', 4, 'state', 'EN', 'Active'), 
(266, 'CMODULE_RELATION_ERR', 'Relation between modules not found..!', 'Module', '', 4, 'state', 'EN', 'Active'), 
(267, 'CMODULE_ADDMORE_ERR', 'Add more is not allowed for this module..!', 'Module', '', 4, 'state', 'EN', 'Active'), 
(268, 'LIST_PERMIT_ERR', 'You are not authorized to view this page..!', 'Module', '', 4, 'state', 'EN', 'Active'), 
(269, 'VIEW_PERMIT_ERR', 'You are not authorized to view this page..!', 'Module', '', 4, 'state', 'EN', 'Active'), 
(270, 'ADD_PERMIT_ERR', 'You are not authorized to add these details..!', 'Module', '', 4, 'state', 'EN', 'Active'), 
(271, 'EDIT_PERMIT_ERR', 'You are not authorized to modify these details..!', 'Module', '', 4, 'state', 'EN', 'Active'), 
(272, 'DEL_PERMIT_ERR', 'You are not authorized to delete these details..!', 'Module', '', 4, 'state', 'EN', 'Active'), 
(273, 'REC_ADD_ERR', 'Failure in adding record..!', 'Module', '', 4, 'state', 'EN', 'Active'), 
(274, 'REC_ADD_OK', 'Record added successfully..!', 'Module', '', 4, 'state', 'EN', 'Active'), 
(275, 'REC_UPDATE_ERR', 'Failure in updating of this record..!', 'Module', '', 4, 'state', 'EN', 'Active'), 
(276, 'REC_UPDATE_OK', 'Record successfully updated..!', 'Module', '', 4, 'state', 'EN', 'Active'), 
(277, 'DELETE_REC_ERR', 'Failure in deletion this record..!', 'Module', '', 4, 'state', 'EN', 'Active'), 
(278, 'DELETE_REC_OK', 'Record(s) deleted successfully..!', 'Module', '', 4, 'state', 'EN', 'Active'), 
(279, 'STATUS_CHANGE_ERR', 'Failure in modifying these records..!', 'Module', '', 4, 'state', 'EN', 'Active'), 
(280, 'STATUS_CHANGE_OK', 'Record(s) modified successfully..!', 'Module', '', 4, 'state', 'EN', 'Active'), 
(281, 'REC_DUPLICATE_ERR', 'Record already exists with these details of State Code and Country..!', 'Module', '', 4, 'state', 'EN', 'Active'), 
(282, 'REC_NOT_FOUND_ERR', 'Records which you are trying to access are not available..!', 'Module', '', 4, 'state', 'EN', 'Active'), 
(283, 'REC_FAIL_ERR', 'Failure in performing this operation..!', 'Module', '', 4, 'state', 'EN', 'Active'), 
(284, 'NO_RECORDS_FOUND', 'No State data found..!', 'Module', '', 4, 'state', 'EN', 'Active'), 
(285, 'BEFORE_EVENT_ERR', 'Before event has been failed..!', 'Module', '', 4, 'state', 'EN', 'Active'), 
(286, 'AFTER_EVENT_ERR', 'After event has been failed..!', 'Module', '', 4, 'state', 'EN', 'Active'), 
(287, 'DEL_EVENT_ERR', 'Delete event has been failed..!', 'Module', '', 4, 'state', 'EN', 'Active'), 
(288, 'FILE_UPLOAD_ERR', 'Failure in uploading..!', 'Module', '', 4, 'state', 'EN', 'Active'), 
(289, 'FILE_UPLOAD_OK', 'File Uploaded successfully..!', 'Module', '', 4, 'state', 'EN', 'Active'), 
(290, 'FILE_UPLOAD_FOLDER_ERR', 'Please specify the upload folder name..!', 'Module', '', 4, 'state', 'EN', 'Active'), 
(291, 'FILE_UPLOAD_FILE_ERR', 'Upload file not found..!', 'Module', '', 4, 'state', 'EN', 'Active'), 
(292, 'FILE_UPLOAD_SIZE_ERR', 'File size not a valid one..!', 'Module', '', 4, 'state', 'EN', 'Active'), 
(293, 'FILE_DELETE_OK', 'File deleted successfully..!', 'Module', '', 4, 'state', 'EN', 'Active'), 
(294, 'FILE_DELETE_ERR', 'Failure in file deletion..!', 'Module', '', 4, 'state', 'EN', 'Active'), 
(295, 'MODULE_CONFIG_ERR', 'Module configuration not done..!', 'Module', '', 8, 'staticpages', 'EN', 'Active'), 
(296, 'LISTING_CONFIG_ERR', 'Listing configuration not done..!', 'Module', '', 8, 'staticpages', 'EN', 'Active'), 
(297, 'FORM_CONFIG_ERR', 'Form configuring not done..!', 'Module', '', 8, 'staticpages', 'EN', 'Active'), 
(298, 'TABLE_PRIMARY_ERR', 'Either table name or primary key is missing..!', 'Module', '', 8, 'staticpages', 'EN', 'Active'), 
(299, 'CMODULE_RELATION_ERR', 'Relation between modules not found..!', 'Module', '', 8, 'staticpages', 'EN', 'Active'), 
(300, 'CMODULE_ADDMORE_ERR', 'Add more is not allowed for this module..!', 'Module', '', 8, 'staticpages', 'EN', 'Active'), 
(301, 'LIST_PERMIT_ERR', 'You are not authorized to view this page..!', 'Module', '', 8, 'staticpages', 'EN', 'Active'), 
(302, 'VIEW_PERMIT_ERR', 'You are not authorized to view this page..!', 'Module', '', 8, 'staticpages', 'EN', 'Active'), 
(303, 'ADD_PERMIT_ERR', 'You are not authorized to add these details..!', 'Module', '', 8, 'staticpages', 'EN', 'Active'), 
(304, 'EDIT_PERMIT_ERR', 'You are not authorized to modify these details..!', 'Module', '', 8, 'staticpages', 'EN', 'Active'), 
(305, 'DEL_PERMIT_ERR', 'You are not authorized to delete these details..!', 'Module', '', 8, 'staticpages', 'EN', 'Active'), 
(306, 'REC_ADD_ERR', 'Failure in adding record..!', 'Module', '', 8, 'staticpages', 'EN', 'Active'), 
(307, 'REC_ADD_OK', 'Record added successfully..!', 'Module', '', 8, 'staticpages', 'EN', 'Active'), 
(308, 'REC_UPDATE_ERR', 'Failure in updating of this record..!', 'Module', '', 8, 'staticpages', 'EN', 'Active'), 
(309, 'REC_UPDATE_OK', 'Record successfully updated..!', 'Module', '', 8, 'staticpages', 'EN', 'Active'), 
(310, 'DELETE_REC_ERR', 'Failure in deletion this record..!', 'Module', '', 8, 'staticpages', 'EN', 'Active'), 
(311, 'DELETE_REC_OK', 'Record(s) deleted successfully..!', 'Module', '', 8, 'staticpages', 'EN', 'Active'), 
(312, 'STATUS_CHANGE_ERR', 'Failure in modifying these records..!', 'Module', '', 8, 'staticpages', 'EN', 'Active'), 
(313, 'STATUS_CHANGE_OK', 'Record(s) modified successfully..!', 'Module', '', 8, 'staticpages', 'EN', 'Active'), 
(314, 'REC_DUPLICATE_ERR', 'Record already exists with these details of Page Code..!', 'Module', '', 8, 'staticpages', 'EN', 'Active'), 
(315, 'REC_NOT_FOUND_ERR', 'Records which you are trying to access are not available..!', 'Module', '', 8, 'staticpages', 'EN', 'Active'), 
(316, 'REC_FAIL_ERR', 'Failure in performing this operation..!', 'Module', '', 8, 'staticpages', 'EN', 'Active'), 
(317, 'NO_RECORDS_FOUND', 'No staticpages data found..!', 'Module', '', 8, 'staticpages', 'EN', 'Active'), 
(318, 'BEFORE_EVENT_ERR', 'Before event has been failed..!', 'Module', '', 8, 'staticpages', 'EN', 'Active'), 
(319, 'AFTER_EVENT_ERR', 'After event has been failed..!', 'Module', '', 8, 'staticpages', 'EN', 'Active'), 
(320, 'DEL_EVENT_ERR', 'Delete event has been failed..!', 'Module', '', 8, 'staticpages', 'EN', 'Active'), 
(321, 'FILE_UPLOAD_ERR', 'Failure in uploading..!', 'Module', '', 8, 'staticpages', 'EN', 'Active'), 
(322, 'FILE_UPLOAD_OK', 'File Uploaded successfully..!', 'Module', '', 8, 'staticpages', 'EN', 'Active'), 
(323, 'FILE_UPLOAD_FOLDER_ERR', 'Please specify the upload folder name..!', 'Module', '', 8, 'staticpages', 'EN', 'Active'), 
(324, 'FILE_UPLOAD_FILE_ERR', 'Upload file not found..!', 'Module', '', 8, 'staticpages', 'EN', 'Active'), 
(325, 'FILE_UPLOAD_SIZE_ERR', 'File size not a valid one..!', 'Module', '', 8, 'staticpages', 'EN', 'Active'), 
(326, 'FILE_DELETE_OK', 'File deleted successfully..!', 'Module', '', 8, 'staticpages', 'EN', 'Active'), 
(327, 'FILE_DELETE_ERR', 'Failure in file deletion..!', 'Module', '', 8, 'staticpages', 'EN', 'Active'), 
(328, 'MODULE_CONFIG_ERR', 'Module configuration not done..!', 'Module', '', 5, 'systememails', 'EN', 'Active'), 
(329, 'LISTING_CONFIG_ERR', 'Listing configuration not done..!', 'Module', '', 5, 'systememails', 'EN', 'Active'), 
(330, 'FORM_CONFIG_ERR', 'Form configuring not done..!', 'Module', '', 5, 'systememails', 'EN', 'Active'), 
(331, 'TABLE_PRIMARY_ERR', 'Either table name or primary key is missing..!', 'Module', '', 5, 'systememails', 'EN', 'Active'), 
(332, 'CMODULE_RELATION_ERR', 'Relation between modules not found..!', 'Module', '', 5, 'systememails', 'EN', 'Active'), 
(333, 'CMODULE_ADDMORE_ERR', 'Add more is not allowed for this module..!', 'Module', '', 5, 'systememails', 'EN', 'Active'), 
(334, 'LIST_PERMIT_ERR', 'You are not authorized to view this page..!', 'Module', '', 5, 'systememails', 'EN', 'Active'), 
(335, 'VIEW_PERMIT_ERR', 'You are not authorized to view this page..!', 'Module', '', 5, 'systememails', 'EN', 'Active'), 
(336, 'ADD_PERMIT_ERR', 'You are not authorized to add these details..!', 'Module', '', 5, 'systememails', 'EN', 'Active'), 
(337, 'EDIT_PERMIT_ERR', 'You are not authorized to modify these details..!', 'Module', '', 5, 'systememails', 'EN', 'Active'), 
(338, 'DEL_PERMIT_ERR', 'You are not authorized to delete these details..!', 'Module', '', 5, 'systememails', 'EN', 'Active'), 
(339, 'REC_ADD_ERR', 'Failure in adding record..!', 'Module', '', 5, 'systememails', 'EN', 'Active'), 
(340, 'REC_ADD_OK', 'Record added successfully..!', 'Module', '', 5, 'systememails', 'EN', 'Active'), 
(341, 'REC_UPDATE_ERR', 'Failure in updating of this record..!', 'Module', '', 5, 'systememails', 'EN', 'Active'), 
(342, 'REC_UPDATE_OK', 'Record successfully updated..!', 'Module', '', 5, 'systememails', 'EN', 'Active'), 
(343, 'DELETE_REC_ERR', 'Failure in deletion this record..!', 'Module', '', 5, 'systememails', 'EN', 'Active'), 
(344, 'DELETE_REC_OK', 'Record(s) deleted successfully..!', 'Module', '', 5, 'systememails', 'EN', 'Active'), 
(345, 'STATUS_CHANGE_ERR', 'Failure in modifying these records..!', 'Module', '', 5, 'systememails', 'EN', 'Active'), 
(346, 'STATUS_CHANGE_OK', 'Record(s) modified successfully..!', 'Module', '', 5, 'systememails', 'EN', 'Active'), 
(347, 'REC_DUPLICATE_ERR', 'Record already exists with these details of Email Code..!', 'Module', '', 5, 'systememails', 'EN', 'Active'), 
(348, 'REC_NOT_FOUND_ERR', 'Records which you are trying to access are not available..!', 'Module', '', 5, 'systememails', 'EN', 'Active'), 
(349, 'REC_FAIL_ERR', 'Failure in performing this operation..!', 'Module', '', 5, 'systememails', 'EN', 'Active'), 
(350, 'NO_RECORDS_FOUND', 'No systememails data found..!', 'Module', '', 5, 'systememails', 'EN', 'Active'), 
(351, 'BEFORE_EVENT_ERR', 'Before event has been failed..!', 'Module', '', 5, 'systememails', 'EN', 'Active'), 
(352, 'AFTER_EVENT_ERR', 'After event has been failed..!', 'Module', '', 5, 'systememails', 'EN', 'Active'), 
(353, 'DEL_EVENT_ERR', 'Delete event has been failed..!', 'Module', '', 5, 'systememails', 'EN', 'Active'), 
(354, 'FILE_UPLOAD_ERR', 'Failure in uploading..!', 'Module', '', 5, 'systememails', 'EN', 'Active'), 
(355, 'FILE_UPLOAD_OK', 'File Uploaded successfully..!', 'Module', '', 5, 'systememails', 'EN', 'Active'), 
(356, 'FILE_UPLOAD_FOLDER_ERR', 'Please specify the upload folder name..!', 'Module', '', 5, 'systememails', 'EN', 'Active'), 
(357, 'FILE_UPLOAD_FILE_ERR', 'Upload file not found..!', 'Module', '', 5, 'systememails', 'EN', 'Active'), 
(358, 'FILE_UPLOAD_SIZE_ERR', 'File size not a valid one..!', 'Module', '', 5, 'systememails', 'EN', 'Active'), 
(359, 'FILE_DELETE_OK', 'File deleted successfully..!', 'Module', '', 5, 'systememails', 'EN', 'Active'), 
(360, 'FILE_DELETE_ERR', 'Failure in file deletion..!', 'Module', '', 5, 'systememails', 'EN', 'Active'), 
(361, 'MODULE_CONFIG_ERR', 'Module configuration not done..!', 'Module', '', 5, 'systememails', 'EN', 'Active'), 
(362, 'LISTING_CONFIG_ERR', 'Listing configuration not done..!', 'Module', '', 5, 'systememails', 'EN', 'Active'), 
(363, 'FORM_CONFIG_ERR', 'Form configuring not done..!', 'Module', '', 5, 'systememails', 'EN', 'Active'), 
(364, 'TABLE_PRIMARY_ERR', 'Either table name or primary key is missing..!', 'Module', '', 5, 'systememails', 'EN', 'Active'), 
(365, 'CMODULE_RELATION_ERR', 'Relation between modules not found..!', 'Module', '', 5, 'systememails', 'EN', 'Active'), 
(366, 'CMODULE_ADDMORE_ERR', 'Add more is not allowed for this module..!', 'Module', '', 5, 'systememails', 'EN', 'Active'), 
(367, 'LIST_PERMIT_ERR', 'You are not authorized to view this page..!', 'Module', '', 5, 'systememails', 'EN', 'Active'), 
(368, 'VIEW_PERMIT_ERR', 'You are not authorized to view this page..!', 'Module', '', 5, 'systememails', 'EN', 'Active'), 
(369, 'ADD_PERMIT_ERR', 'You are not authorized to add these details..!', 'Module', '', 5, 'systememails', 'EN', 'Active'), 
(370, 'EDIT_PERMIT_ERR', 'You are not authorized to modify these details..!', 'Module', '', 5, 'systememails', 'EN', 'Active'), 
(371, 'DEL_PERMIT_ERR', 'You are not authorized to delete these details..!', 'Module', '', 5, 'systememails', 'EN', 'Active'), 
(372, 'REC_ADD_ERR', 'Failure in adding record..!', 'Module', '', 5, 'systememails', 'EN', 'Active'), 
(373, 'REC_ADD_OK', 'Record added successfully..!', 'Module', '', 5, 'systememails', 'EN', 'Active'), 
(374, 'REC_UPDATE_ERR', 'Failure in updating of this record..!', 'Module', '', 5, 'systememails', 'EN', 'Active'), 
(375, 'REC_UPDATE_OK', 'Record successfully updated..!', 'Module', '', 5, 'systememails', 'EN', 'Active'), 
(376, 'DELETE_REC_ERR', 'Failure in deletion this record..!', 'Module', '', 5, 'systememails', 'EN', 'Active'), 
(377, 'DELETE_REC_OK', 'Record(s) deleted successfully..!', 'Module', '', 5, 'systememails', 'EN', 'Active'), 
(378, 'STATUS_CHANGE_ERR', 'Failure in modifying these records..!', 'Module', '', 5, 'systememails', 'EN', 'Active'), 
(379, 'STATUS_CHANGE_OK', 'Record(s) modified successfully..!', 'Module', '', 5, 'systememails', 'EN', 'Active'), 
(380, 'REC_DUPLICATE_ERR', 'Record already exists with these details of ..!', 'Module', '', 5, 'systememails', 'EN', 'Active'), 
(381, 'REC_NOT_FOUND_ERR', 'Records which you are trying to access are not available..!', 'Module', '', 5, 'systememails', 'EN', 'Active'), 
(382, 'REC_FAIL_ERR', 'Failure in performing this operation..!', 'Module', '', 5, 'systememails', 'EN', 'Active'), 
(383, 'NO_RECORDS_FOUND', 'No systememails data found..!', 'Module', '', 5, 'systememails', 'EN', 'Active'), 
(384, 'BEFORE_EVENT_ERR', 'Before event has been failed..!', 'Module', '', 5, 'systememails', 'EN', 'Active'), 
(385, 'AFTER_EVENT_ERR', 'After event has been failed..!', 'Module', '', 5, 'systememails', 'EN', 'Active'), 
(386, 'DEL_EVENT_ERR', 'Delete event has been failed..!', 'Module', '', 5, 'systememails', 'EN', 'Active'), 
(387, 'FILE_UPLOAD_ERR', 'Failure in uploading..!', 'Module', '', 5, 'systememails', 'EN', 'Active'), 
(388, 'FILE_UPLOAD_OK', 'File Uploaded successfully..!', 'Module', '', 5, 'systememails', 'EN', 'Active'), 
(389, 'FILE_UPLOAD_FOLDER_ERR', 'Please specify the upload folder name..!', 'Module', '', 5, 'systememails', 'EN', 'Active'), 
(390, 'FILE_UPLOAD_FILE_ERR', 'Upload file not found..!', 'Module', '', 5, 'systememails', 'EN', 'Active'), 
(391, 'FILE_UPLOAD_SIZE_ERR', 'File size not a valid one..!', 'Module', '', 5, 'systememails', 'EN', 'Active'), 
(392, 'FILE_DELETE_OK', 'File deleted successfully..!', 'Module', '', 5, 'systememails', 'EN', 'Active'), 
(393, 'FILE_DELETE_ERR', 'Failure in file deletion..!', 'Module', '', 5, 'systememails', 'EN', 'Active'), 
(394, 'MODULE_CONFIG_ERR', 'Module configuration not done..!', 'Module', '', 5, 'systememails', 'EN', 'Active'), 
(395, 'LISTING_CONFIG_ERR', 'Listing configuration not done..!', 'Module', '', 5, 'systememails', 'EN', 'Active'), 
(396, 'FORM_CONFIG_ERR', 'Form configuring not done..!', 'Module', '', 5, 'systememails', 'EN', 'Active'), 
(397, 'TABLE_PRIMARY_ERR', 'Either table name or primary key is missing..!', 'Module', '', 5, 'systememails', 'EN', 'Active'), 
(398, 'CMODULE_RELATION_ERR', 'Relation between modules not found..!', 'Module', '', 5, 'systememails', 'EN', 'Active'), 
(399, 'CMODULE_ADDMORE_ERR', 'Add more is not allowed for this module..!', 'Module', '', 5, 'systememails', 'EN', 'Active'), 
(400, 'LIST_PERMIT_ERR', 'You are not authorized to view this page..!', 'Module', '', 5, 'systememails', 'EN', 'Active'), 
(401, 'VIEW_PERMIT_ERR', 'You are not authorized to view this page..!', 'Module', '', 5, 'systememails', 'EN', 'Active'), 
(402, 'ADD_PERMIT_ERR', 'You are not authorized to add these details..!', 'Module', '', 5, 'systememails', 'EN', 'Active'), 
(403, 'EDIT_PERMIT_ERR', 'You are not authorized to modify these details..!', 'Module', '', 5, 'systememails', 'EN', 'Active'), 
(404, 'DEL_PERMIT_ERR', 'You are not authorized to delete these details..!', 'Module', '', 5, 'systememails', 'EN', 'Active'), 
(405, 'REC_ADD_ERR', 'Failure in adding record..!', 'Module', '', 5, 'systememails', 'EN', 'Active'), 
(406, 'REC_ADD_OK', 'Record added successfully..!', 'Module', '', 5, 'systememails', 'EN', 'Active'), 
(407, 'REC_UPDATE_ERR', 'Failure in updating of this record..!', 'Module', '', 5, 'systememails', 'EN', 'Active'), 
(408, 'REC_UPDATE_OK', 'Record successfully updated..!', 'Module', '', 5, 'systememails', 'EN', 'Active'), 
(409, 'DELETE_REC_ERR', 'Failure in deletion this record..!', 'Module', '', 5, 'systememails', 'EN', 'Active'), 
(410, 'DELETE_REC_OK', 'Record(s) deleted successfully..!', 'Module', '', 5, 'systememails', 'EN', 'Active'), 
(411, 'STATUS_CHANGE_ERR', 'Failure in modifying these records..!', 'Module', '', 5, 'systememails', 'EN', 'Active'), 
(412, 'STATUS_CHANGE_OK', 'Record(s) modified successfully..!', 'Module', '', 5, 'systememails', 'EN', 'Active'), 
(413, 'REC_DUPLICATE_ERR', 'Record already exists with these details of ..!', 'Module', '', 5, 'systememails', 'EN', 'Active'), 
(414, 'REC_NOT_FOUND_ERR', 'Records which you are trying to access are not available..!', 'Module', '', 5, 'systememails', 'EN', 'Active'), 
(415, 'REC_FAIL_ERR', 'Failure in performing this operation..!', 'Module', '', 5, 'systememails', 'EN', 'Active'), 
(416, 'NO_RECORDS_FOUND', 'No systememails data found..!', 'Module', '', 5, 'systememails', 'EN', 'Active'), 
(417, 'BEFORE_EVENT_ERR', 'Before event has been failed..!', 'Module', '', 5, 'systememails', 'EN', 'Active'), 
(418, 'AFTER_EVENT_ERR', 'After event has been failed..!', 'Module', '', 5, 'systememails', 'EN', 'Active'), 
(419, 'DEL_EVENT_ERR', 'Delete event has been failed..!', 'Module', '', 5, 'systememails', 'EN', 'Active'), 
(420, 'FILE_UPLOAD_ERR', 'Failure in uploading..!', 'Module', '', 5, 'systememails', 'EN', 'Active'), 
(421, 'FILE_UPLOAD_OK', 'File Uploaded successfully..!', 'Module', '', 5, 'systememails', 'EN', 'Active'), 
(422, 'FILE_UPLOAD_FOLDER_ERR', 'Please specify the upload folder name..!', 'Module', '', 5, 'systememails', 'EN', 'Active'), 
(423, 'FILE_UPLOAD_FILE_ERR', 'Upload file not found..!', 'Module', '', 5, 'systememails', 'EN', 'Active'), 
(424, 'FILE_UPLOAD_SIZE_ERR', 'File size not a valid one..!', 'Module', '', 5, 'systememails', 'EN', 'Active'), 
(425, 'FILE_DELETE_OK', 'File deleted successfully..!', 'Module', '', 5, 'systememails', 'EN', 'Active'), 
(426, 'FILE_DELETE_ERR', 'Failure in file deletion..!', 'Module', '', 5, 'systememails', 'EN', 'Active');


-- --------------------------------------------------------

--
-- Table structure for table `sys_event_flow`
--
DROP TABLE IF EXISTS `sys_event_flow`;

CREATE TABLE `sys_event_flow` (
  `iEventFlowId` int(11) NOT NULL AUTO_INCREMENT,
  `iEventMasterId` int(11) NOT NULL,
  `vFlowLabel` varchar(500) NOT NULL,
  `tDescription` text,
  `eFlowType` enum('Query','Condition','StartLoop','EndLoop','Function','NotifyEmail','PushNotify','SMS','DesktopNotify','Variable','Dictionary','Break','Continue','Finish') NOT NULL,
  `iChildTrueFlowId` int(11) NOT NULL,
  `iChildFalseFlowId` int(11) NOT NULL,
  `tSettingsJSON` text NOT NULL,
  `tFlowJSON` text NOT NULL,
  PRIMARY KEY (`iEventFlowId`),
  KEY `iEventMasterId` (`iEventMasterId`),
  KEY `iEventMasterId_2` (`iEventMasterId`),
  KEY `iEventMasterId_3` (`iEventMasterId`)
) ENGINE=InnoDB DEFAULT CHARSET=utf8;



-- --------------------------------------------------------

--
-- Table structure for table `sys_event_master`
--
DROP TABLE IF EXISTS `sys_event_master`;

CREATE TABLE `sys_event_master` (
  `iEventMasterId` int(11) NOT NULL AUTO_INCREMENT,
  `vEventName` varchar(500) NOT NULL,
  `vEventFunction` varchar(500) NOT NULL,
  `tEventDesc` text NOT NULL,
  `eTriggerType` enum('Time','Operation') NOT NULL DEFAULT 'Time',
  `tDBTriggers` text NOT NULL,
  `tEventJSON` text NOT NULL,
  `iEventFlowId` int(11) NOT NULL,
  `tStartJSON` text NOT NULL,
  `eLocked` enum('No','Yes') NOT NULL DEFAULT 'No',
  `dLockActivity` datetime NOT NULL,
  `iLockedBy` int(11) NOT NULL,
  `iCreatedById` int(11) NOT NULL,
  `dAddedDate` datetime NOT NULL,
  `dModifiedDate` datetime NOT NULL,
  `eStatus` enum('Active','Inactive') NOT NULL DEFAULT 'Active',
  PRIMARY KEY (`iEventMasterId`),
  KEY `vEventFunction` (`vEventFunction`(255)),
  KEY `vEventFunction_2` (`vEventFunction`(255)),
  KEY `vEventFunction_3` (`vEventFunction`(255))
) ENGINE=InnoDB DEFAULT CHARSET=utf8;



-- --------------------------------------------------------

--
-- Table structure for table `sys_event_params`
--
DROP TABLE IF EXISTS `sys_event_params`;

CREATE TABLE `sys_event_params` (
  `iEventParamId` int(11) NOT NULL AUTO_INCREMENT,
  `iEventMasterId` int(11) NOT NULL,
  `iEventFlowId` int(11) NOT NULL,
  `vParameter` varchar(500) NOT NULL,
  `eParamMode` enum('Value','ArraySingle','ArrayComma','ArrayMulti','ArrayAdvance') NOT NULL DEFAULT 'Value',
  `vParamString` varchar(50) NOT NULL,
  `eParamType` enum('Input','Output','Function','Variable') NOT NULL DEFAULT 'Input',
  PRIMARY KEY (`iEventParamId`),
  KEY `iEventMasterId` (`iEventMasterId`),
  KEY `iEventMasterId_2` (`iEventMasterId`),
  KEY `iEventMasterId_3` (`iEventMasterId`)
) ENGINE=InnoDB DEFAULT CHARSET=utf8;



-- --------------------------------------------------------

--
-- Table structure for table `sys_field`
--
DROP TABLE IF EXISTS `sys_field`;

CREATE TABLE `sys_field` (
  `iFieldId` int(10) NOT NULL AUTO_INCREMENT,
  `iTableId` int(10) NOT NULL,
  `vTableName` varchar(500) NOT NULL,
  `vFieldName` varchar(255) NOT NULL,
  `vFieldCode` varchar(255) NOT NULL,
  `vFieldDataType` varchar(255) NOT NULL,
  `vFieldExtra` varchar(255) NOT NULL,
  `vAttribute` varchar(255) NOT NULL,
  `vDefault` varchar(255) NOT NULL,
  `tFieldComment` text NOT NULL,
  `ePrimaryField` enum('Yes','No') NOT NULL DEFAULT 'No',
  `eIndexField` enum('Yes','No') NOT NULL DEFAULT 'No',
  `eUniqueField` enum('Yes','No') NOT NULL DEFAULT 'No',
  `isNull` enum('Yes','No') NOT NULL,
  `vCustomField` varchar(50) NOT NULL,
  `iSequence` int(11) NOT NULL DEFAULT '0',
  PRIMARY KEY (`iFieldId`),
  KEY `iTableId` (`iTableId`)
) ENGINE=InnoDB AUTO_INCREMENT=189 DEFAULT CHARSET=utf8;


--
-- Dumping data for table `sys_field`
--

INSERT INTO `sys_field` (`iFieldId`, `iTableId`, `vTableName`, `vFieldName`, `vFieldCode`, `vFieldDataType`, `vFieldExtra`, `vAttribute`, `vDefault`, `tFieldComment`, `ePrimaryField`, `eIndexField`, `eUniqueField`, `isNull`, `vCustomField`, `iSequence`) VALUES 
(1, 1, '', 'iLanguageLabelId', 'language_label_id', 'INT', '12', '', '', '', 'Yes', 'No', 'No', 'No', '', 1), 
(2, 1, '', 'vLabel', 'label', 'VARCHAR', '255', '', '', '', 'No', 'No', 'No', 'Yes', '', 2), 
(3, 1, '', 'vType', 'type', 'VARCHAR', '255', '', '', '', 'No', 'No', 'No', 'Yes', '', 3), 
(4, 1, '', 'eStatus', 'status', 'ENUM', '''Active'',''Inactive''', '', '', '', 'No', 'No', 'No', 'Yes', '', 4), 
(5, 2, '', 'iLanguageLabelId', 'language_label_id', 'INT', '12', '', '', '', 'No', 'No', 'No', 'No', '', 1), 
(6, 2, '', 'iLangId', 'lang_id', 'INT', '12', '', '', '', 'No', 'No', 'No', 'No', '', 2), 
(7, 2, '', 'tValue', 'value', 'TEXT', '', '', '', '', 'No', 'No', 'No', 'Yes', '', 3), 
(8, 3, 'mod_admin', 'iAdminId', 'admin_id', 'INT', '11', '', '', '', 'Yes', 'No', 'No', 'No', '', 1), 
(9, 3, 'mod_admin', 'vName', 'name', 'VARCHAR', '255', '', '', 'NAME', 'No', 'No', 'No', 'No', 'NAME', 2), 
(10, 3, 'mod_admin', 'vEmail', 'email', 'VARCHAR', '50', '', '', 'EMAIL', 'No', 'No', 'No', 'No', 'EMAIL', 3), 
(11, 3, 'mod_admin', 'vUserName', 'user_name', 'VARCHAR', '255', '', '', 'USERNAME', 'No', 'No', 'No', 'No', 'USERNAME', 4), 
(12, 3, 'mod_admin', 'vPassword', 'password', 'VARCHAR', '255', '', '', 'PASSWORD', 'No', 'No', 'No', 'No', 'PASSWORD', 5), 
(13, 3, 'mod_admin', 'vPhonenumber', 'phonenumber', 'VARCHAR', '20', '', '', 'PHONE_NUMBER', 'No', 'No', 'No', 'Yes', 'PHONE_NUMBER', 6), 
(14, 3, 'mod_admin', 'iGroupId', 'group_id', 'INT', '11', '', '', '', 'No', 'No', 'No', 'No', '', 7), 
(15, 3, 'mod_admin', 'dLastAccess', 'last_access', 'DATETIME', '', '', '', 'DATE', 'No', 'No', 'No', 'Yes', 'DATE', 8), 
(16, 3, 'mod_admin', 'eStatus', 'status', 'ENUM', 'Active,Inactive', '', 'Active', 'STATUS', 'No', 'No', 'No', 'No', 'STATUS', 9), 
(17, 4, 'mod_admin_menu', 'iAdminMenuId', 'admin_menu_id', 'INT', '11', '', '', '', 'Yes', 'No', 'No', 'No', '', 1), 
(19, 4, 'mod_admin_menu', 'iParentId', 'parent_id', 'INT', '11', '', '', 'This refers to parent menu', 'No', 'No', 'No', 'Yes', 'This refers to parent menu', 2), 
(20, 4, 'mod_admin_menu', 'vMenuDisplay', 'menu_display', 'VARCHAR', '250', '', '', '', 'No', 'No', 'No', 'No', '', 3), 
(22, 4, 'mod_admin_menu', 'vIcon', 'icon', 'VARCHAR', '255', '', '', '', 'No', 'No', 'No', 'Yes', '', 4), 
(23, 4, 'mod_admin_menu', 'vURL', 'u_r_l', 'VARCHAR', '250', '', '', '', 'No', 'No', 'No', 'Yes', '', 5), 
(24, 4, 'mod_admin_menu', 'iModuleId', 'module_id', 'INT', '11', '', '', '', 'No', 'No', 'No', 'No', '', 7), 
(25, 4, 'mod_admin_menu', 'vModuleName', 'module_name', 'VARCHAR', '255', '', '', 'This refers to Module Names', 'No', 'No', 'No', 'Yes', 'This refers to Module Names', 8), 
(29, 4, 'mod_admin_menu', 'vUniqueMenuCode', 'unique_menu_code', 'VARCHAR', '500', '', '', '', 'No', 'No', 'No', 'No', '', 11), 
(30, 4, 'mod_admin_menu', 'iSequenceOrder', 'sequence_order', 'INT', '11', '', '1', '', 'No', 'No', 'No', 'No', '', 12), 
(31, 4, 'mod_admin_menu', 'eStatus', 'status', 'ENUM', 'Active,Inactive,Hidden', '', '', '', 'No', 'No', 'No', 'No', '', 13), 
(32, 5, 'mod_city', 'iCityId', 'city_id', 'INT', '11', '', '', '', 'Yes', 'No', 'No', 'No', '', 1), 
(33, 5, 'mod_city', 'vCity', 'city', 'VARCHAR', '255', '', '', 'NAME', 'No', 'No', 'No', 'No', 'NAME', 2), 
(34, 5, 'mod_city', 'vCityCode', 'city_code', 'VARCHAR', '50', '', '', '', 'No', 'No', 'No', 'No', '', 3), 
(35, 5, 'mod_city', 'vLatitude', 'latitude', 'VARCHAR', '255', '', '', '', 'No', 'No', 'No', 'No', '', 4), 
(36, 5, 'mod_city', 'vLongitude', 'longitude', 'VARCHAR', '255', '', '', '', 'No', 'No', 'No', 'No', '', 5), 
(37, 5, 'mod_city', 'iCountryId', 'country_id', 'INT', '11', '', '', '', 'No', 'No', 'No', 'No', '', 6), 
(38, 5, 'mod_city', 'vCountryCode', 'country_code', 'VARCHAR', '10', '', '', '', 'No', 'No', 'No', 'No', '', 7), 
(39, 5, 'mod_city', 'iStateId', 'state_id', 'INT', '11', '', '0', '', 'No', 'No', 'No', 'No', '', 8), 
(40, 5, 'mod_city', 'vStateCode', 'state_code', 'VARCHAR', '100', '', '', '', 'No', 'No', 'No', 'No', '', 9), 
(41, 5, 'mod_city', 'eStatus', 'status', 'ENUM', 'Active,Inactive', '', 'Active', 'STATUS', 'No', 'No', 'No', 'No', 'STATUS', 10), 
(42, 6, 'mod_country', 'iCountryId', 'country_id', 'INT', '11', '', '', '', 'Yes', 'No', 'No', 'No', '', 1), 
(43, 6, 'mod_country', 'vCountry', 'country', 'VARCHAR', '64', '', '', 'NAME', 'No', 'No', 'No', 'No', 'NAME', 2), 
(44, 6, 'mod_country', 'vCountryCode', 'country_code', 'CHAR', '3', '', '', '', 'No', 'No', 'No', 'No', '', 3), 
(45, 6, 'mod_country', 'vCountryCodeISO_3', 'country_code_i_s_o_3', 'CHAR', '3', '', '', '', 'No', 'No', 'No', 'No', '', 4), 
(46, 6, 'mod_country', 'tDescription', 'description', 'TEXT', '', '', '', '', 'No', 'No', 'No', 'Yes', '', 5), 
(47, 6, 'mod_country', 'eStatus', 'status', 'ENUM', 'Active,Inactive', '', '', 'STATUS', 'No', 'No', 'No', 'No', 'STATUS', 6), 
(48, 7, 'mod_group_master', 'iGroupId', 'group_id', 'INT', '11', '', '', '', 'Yes', 'No', 'No', 'No', '', 1), 
(49, 7, 'mod_group_master', 'vGroupName', 'group_name', 'VARCHAR', '255', '', '', '', 'No', 'No', 'No', 'No', '', 2), 
(50, 7, 'mod_group_master', 'vGroupCode', 'group_code', 'VARCHAR', '255', '', '', '', 'No', 'No', 'No', 'No', '', 3), 
(51, 7, 'mod_group_master', 'eStatus', 'status', 'ENUM', 'Active,Inactive', '', '', '', 'No', 'No', 'No', 'No', '', 5), 
(52, 8, 'mod_group_rights', 'iGroupRightId', 'group_right_id', 'INT', '11', '', '', '', 'Yes', 'No', 'No', 'No', '', 1), 
(53, 8, 'mod_group_rights', 'iGroupId', 'group_id', 'INT', '11', '', '', '', 'No', 'Yes', 'No', 'Yes', '', 2), 
(54, 8, 'mod_group_rights', 'iAdminMenuId', 'admin_menu_id', 'INT', '11', '', '', '', 'No', 'No', 'No', 'Yes', '', 3), 
(55, 8, 'mod_group_rights', 'eView', 'view', 'ENUM', 'Yes,No', '', 'Yes', '', 'No', 'No', 'No', 'No', '', 5), 
(57, 9, 'mod_page_settings', 'iPageId', 'page_id', 'INT', '11', '', '', '', 'Yes', 'No', 'No', 'No', '', 1), 
(58, 9, 'mod_page_settings', 'vPageTitle', 'page_title', 'VARCHAR', '255', '', '', '', 'No', 'Yes', 'No', 'No', '', 2), 
(59, 9, 'mod_page_settings', 'vPageCode', 'page_code', 'VARCHAR', '255', '', '', '', 'No', 'No', 'No', 'No', '', 3), 
(60, 9, 'mod_page_settings', 'vUrl', 'url', 'VARCHAR', '255', '', '', '', 'No', 'No', 'No', 'No', '', 4), 
(61, 9, 'mod_page_settings', 'tMetaTitle', 'meta_title', 'TEXT', '', '', '', '', 'No', 'No', 'No', 'No', '', 6), 
(62, 9, 'mod_page_settings', 'tMetaKeyword', 'meta_keyword', 'TEXT', '', '', '', '', 'No', 'No', 'No', 'No', '', 7), 
(63, 9, 'mod_page_settings', 'tMetaDesc', 'meta_desc', 'TEXT', '', '', '', '', 'No', 'No', 'No', 'No', '', 8), 
(64, 9, 'mod_page_settings', 'dtDatecreated', 't_datecreated', 'DATETIME', '', '', '', '', 'No', 'No', 'No', 'No', '', 9), 
(65, 9, 'mod_page_settings', 'eStatus', 'status', 'ENUM', 'Active,Inactive', '', '', '', 'No', 'No', 'No', 'No', '', 10), 
(66, 10, 'mod_setting', 'vName', 'name', 'VARCHAR', '255', '', '', '', 'Yes', 'No', 'No', 'No', '', 1), 
(67, 10, 'mod_setting', 'vDesc', 'desc', 'VARCHAR', '255', '', '', '', 'No', 'No', 'No', 'Yes', '', 2), 
(68, 10, 'mod_setting', 'vValue', 'value', 'TEXT', '', '', '', '', 'No', 'No', 'No', 'Yes', '', 3), 
(69, 10, 'mod_setting', 'iOrderBy', 'order_by', 'TINYINT', '1', '', '0', '', 'No', 'No', 'No', 'No', '', 4), 
(70, 10, 'mod_setting', 'eConfigType', 'config_type', 'ENUM', 'Company,Appearance,Email,Meta,SMTP,Prices,SMS,Preferences,Config,Formats,Authenticate', '', '', '', 'No', 'No', 'No', 'No', '', 5), 
(71, 10, 'mod_setting', 'eDisplayType', 'display_type', 'ENUM', 'text,selectbox,textarea,checkbox,hidden,editor,file,readonly,password', '', '', '', 'No', 'No', 'No', 'No', '', 6), 
(72, 10, 'mod_setting', 'eSource', 'source', 'ENUM', 'List,Query,Value,Percent,Function', '', '', '', 'No', 'No', 'No', 'No', '', 7), 
(73, 10, 'mod_setting', 'vSourceValue', 'source_value', 'VARCHAR', '500', '', '', '', 'No', 'No', 'No', 'Yes', '', 8), 
(74, 10, 'mod_setting', 'eSelectType', 'select_type', 'ENUM', 'Single,Multiple,Plus,Minus', '', '', '', 'No', 'No', 'No', 'No', '', 9), 
(75, 10, 'mod_setting', 'vDefValue', 'def_value', 'VARCHAR', '255', '', '', '', 'No', 'No', 'No', 'Yes', '', 10), 
(76, 10, 'mod_setting', 'eLang', 'lang', 'ENUM', 'Yes,No', '', 'No', '', 'No', 'No', 'No', 'No', '', 11), 
(77, 10, 'mod_setting', 'vValidateCode', 'validate_code', 'TEXT', '', '', '', '', 'No', 'No', 'No', 'Yes', '', 12), 
(78, 10, 'mod_setting', 'vValidateMessage', 'validate_message', 'TEXT', '', '', '', '', 'No', 'No', 'No', 'Yes', '', 13), 
(79, 10, 'mod_setting', 'eStatus', 'status', 'ENUM', 'Active,Inactive', '', '', '', 'No', 'No', 'No', 'No', '', 15), 
(80, 11, 'mod_state', 'iStateId', 'state_id', 'INT', '11', '', '', '', 'Yes', 'No', 'No', 'No', '', 1), 
(81, 11, 'mod_state', 'vState', 'state', 'VARCHAR', '32', '', '', 'NAME', 'No', 'No', 'No', 'No', 'NAME', 2), 
(82, 11, 'mod_state', 'vStateCode', 'state_code', 'VARCHAR', '32', '', '', '', 'No', 'No', 'No', 'No', '', 3), 
(83, 11, 'mod_state', 'iCountryId', 'country_id', 'INT', '11', '', '', '', 'No', 'Yes', 'No', 'No', '', 4), 
(84, 11, 'mod_state', 'vCountryCode', 'country_code', 'VARCHAR', '10', '', '', '', 'No', 'No', 'No', 'No', '', 5), 
(85, 11, 'mod_state', 'eStatus', 'status', 'ENUM', 'Active,Inactive', '', '', 'STATUS', 'No', 'No', 'No', 'No', 'STATUS', 6), 
(121, 14, 'mod_admin_navigation_log', 'iNavigationId', 'navigation_id', 'INT', '11', '', '', '', 'Yes', 'No', 'No', 'No', '', 1), 
(122, 14, 'mod_admin_navigation_log', 'iAdminId', 'admin_id', 'INT', '11', '', '', '', 'No', 'Yes', 'No', 'Yes', '', 2), 
(123, 14, 'mod_admin_navigation_log', 'iModuleId', 'module_id', 'INT', '11', '', '', '', 'No', 'No', 'No', 'Yes', '', 3), 
(124, 14, 'mod_admin_navigation_log', 'vMainMenu', 'main_menu', 'VARCHAR', '500', '', '', '', 'No', 'No', 'No', 'Yes', '', 4), 
(125, 14, 'mod_admin_navigation_log', 'vSubMenu', 'sub_menu', 'VARCHAR', '500', '', '', '', 'No', 'No', 'No', 'Yes', '', 5), 
(126, 14, 'mod_admin_navigation_log', 'vRecordName', 'record_name', 'VARCHAR', '500', '', '', '', 'No', 'No', 'No', 'Yes', '', 6), 
(127, 14, 'mod_admin_navigation_log', 'vNavigQString', 'navig_q_string', 'TEXT', '', '', '', '', 'No', 'No', 'No', 'Yes', '', 7), 
(128, 14, 'mod_admin_navigation_log', 'vSupQString', 'sup_q_string', 'TEXT', '', '', '', '', 'No', 'No', 'No', 'Yes', '', 8), 
(129, 14, 'mod_admin_navigation_log', 'eNavigAction', 'navig_action', 'ENUM', 'Viewed,Added,Modified,Deleted', '', 'Viewed', '', 'No', 'No', 'No', 'No', '', 9), 
(130, 14, 'mod_admin_navigation_log', 'eNavigType', 'navig_type', 'ENUM', 'List,Form', '', 'List', '', 'No', 'No', 'No', 'No', '', 10), 
(131, 14, 'mod_admin_navigation_log', 'dTimeStamp', 'time_stamp', 'DATETIME', '', '', '', '', 'No', 'No', 'No', 'Yes', '', 11), 
(132, 8, 'mod_group_rights', 'eDelete', 'delete', 'ENUM', 'Yes,No', '', 'No', '', 'No', 'No', 'No', 'No', '', 8), 
(133, 15, 'mod_log_history', 'iLogId', 'log_id', 'INT', '11', '', '', '', 'Yes', 'No', 'No', 'No', '', 1), 
(134, 15, 'mod_log_history', 'iUserId', 'user_id', 'INT', '11', '', '', '', 'No', 'No', 'No', 'No', '', 2), 
(135, 15, 'mod_log_history', 'vIP', 'i_p', 'VARCHAR', '50', '', '', '', 'No', 'No', 'No', 'No', '', 3), 
(136, 15, 'mod_log_history', 'eUserType', 'user_type', 'ENUM', 'Admin,Member', '', '', '', 'No', 'No', 'No', 'No', '', 4), 
(137, 15, 'mod_log_history', 'dLoginDate', 'login_date', 'DATETIME', '', '', '', '', 'No', 'No', 'No', 'No', '', 5), 
(138, 15, 'mod_log_history', 'vCurrentUrl', 'current_url', 'VARCHAR', '500', '', '', '', 'No', 'No', 'No', 'Yes', '', 6), 
(139, 15, 'mod_log_history', 'vExtraParam', 'extra_param', 'VARCHAR', '500', '', '', '', 'No', 'No', 'No', 'Yes', '', 7), 
(140, 15, 'mod_log_history', 'dLogoutDate', 'logout_date', 'DATETIME', '', '', '', '', 'No', 'No', 'No', 'No', '', 8), 
(141, 16, 'mod_system_email', 'iEmailTemplateId', 'email_template_id', 'INT', '10', 'UNSIGNED', '', '', 'Yes', 'No', 'No', 'No', '', 1), 
(142, 16, 'mod_system_email', 'vEmailCode', 'email_code', 'VARCHAR', '50', '', '', '', 'No', 'No', 'No', 'No', '', 2), 
(143, 16, 'mod_system_email', 'vEmailTitle', 'email_title', 'VARCHAR', '50', '', '', '', 'No', 'No', 'No', 'No', '', 3), 
(144, 16, 'mod_system_email', 'vFromName', 'from_name', 'VARCHAR', '50', '', '', '', 'No', 'No', 'No', 'No', '', 4), 
(145, 16, 'mod_system_email', 'vFromEmail', 'from_email', 'VARCHAR', '50', '', '', '', 'No', 'No', 'No', 'No', '', 5), 
(146, 16, 'mod_system_email', 'vBccEmail', 'bcc_email', 'VARCHAR', '50', '', '', '', 'No', 'No', 'No', 'No', '', 7), 
(147, 16, 'mod_system_email', 'eEmailFormat', 'email_format', 'VARCHAR', '50', '', '', '', 'No', 'No', 'No', 'Yes', '', 8), 
(148, 16, 'mod_system_email', 'vEmailSubject', 'email_subject', 'VARCHAR', '255', '', '', '', 'No', 'No', 'No', 'No', '', 9), 
(149, 16, 'mod_system_email', 'tEmailMessage', 'email_message', 'TEXT', '', '', '', '', 'No', 'No', 'No', 'Yes', '', 10), 
(150, 16, 'mod_system_email', 'vEmailFooter', 'email_footer', 'VARCHAR', '255', '', '', '', 'No', 'No', 'No', 'Yes', '', 11), 
(151, 16, 'mod_system_email', 'eStatus', 'status', 'ENUM', 'Active,Inactive', '', '', '', 'No', 'No', 'No', 'No', '', 12), 
(152, 17, 'mod_system_email_vars', 'iEmailVariableId', 'email_variable_id', 'INT', '11', '', '', '', 'Yes', 'No', 'No', 'No', '', 1), 
(153, 17, 'mod_system_email_vars', 'iEmailTemplateId', 'email_template_id', 'INT', '11', '', '', '', 'No', 'No', 'No', 'No', '', 2), 
(154, 17, 'mod_system_email_vars', 'vVarName', 'var_name', 'VARCHAR', '500', '', '', '', 'No', 'No', 'No', 'No', '', 3), 
(155, 17, 'mod_system_email_vars', 'vVarDesc', 'var_desc', 'VARCHAR', '500', '', '', '', 'No', 'No', 'No', 'Yes', '', 4), 
(156, 18, 'mod_language', 'iLangId', 'lang_id', 'INT', '11', '', '', '', 'Yes', 'No', 'No', 'No', '', 1), 
(157, 18, 'mod_language', 'vLangTitle', 'lang_title', 'VARCHAR', '500', '', '', '', 'No', 'No', 'No', 'No', '', 2), 
(158, 18, 'mod_language', 'vLangCode', 'lang_code', 'VARCHAR', '500', '', '', '', 'No', 'No', 'No', 'No', '', 3), 
(159, 18, 'mod_language', 'vLangImage', 'lang_image', 'VARCHAR', '500', '', '', '', 'No', 'No', 'No', 'No', 'IMAGE', 4), 
(160, 18, 'mod_language', 'ePrimary', 'primary', 'ENUM', 'Yes,No', '', 'No', '', 'No', 'No', 'No', 'No', '', 5), 
(161, 18, 'mod_language', 'eStatus', 'status', 'ENUM', 'Active,Inactive', '', 'Active', '', 'No', 'No', 'No', 'No', '', 6), 
(162, 4, 'mod_admin_menu', 'eMenuType', 'menu_type', 'ENUM', 'Custom,Module,Dashboard', '', 'Module', '', 'No', 'No', 'No', 'No', '', 6), 
(163, 4, 'mod_admin_menu', 'iDashBoardPageId', 'dash_board_page_id', 'INT', '11', '', '0', '', 'No', 'No', 'No', 'Yes', '', 9), 
(164, 4, 'mod_admin_menu', 'vDashBoardPage', 'dash_board_page', 'VARCHAR', '255', '', '', '', 'No', 'No', 'No', 'Yes', '', 10), 
(165, 8, 'mod_group_rights', 'eList', 'list', 'ENUM', 'Yes,No', '', 'Yes', '', 'No', 'No', 'No', 'No', '', 4), 
(166, 8, 'mod_group_rights', 'eAdd', 'add', 'ENUM', 'Yes,No', '', 'Yes', '', 'No', 'No', 'No', 'No', '', 6), 
(167, 8, 'mod_group_rights', 'eUpdate', 'update', 'ENUM', 'Yes,No', '', 'Yes', '', 'No', 'No', 'No', 'No', '', 7), 
(168, 9, 'mod_page_settings', 'vContent', 'content', 'TEXT', '', '', '', '', 'No', 'No', 'No', 'No', '', 5), 
(169, 19, 'mod_setting_lang', 'vName', 'name', 'VARCHAR', '255', '', '', '', 'No', 'No', 'No', 'No', '', 1), 
(170, 19, 'mod_setting_lang', 'vLangCode', 'lang_code', 'VARCHAR', '255', '', '', '', 'No', 'No', 'No', 'No', '', 2), 
(171, 19, 'mod_setting_lang', 'vValue', 'value', 'TEXT', '', '', '', '', 'No', 'No', 'No', 'No', '', 3), 
(172, 20, 'sys_admin_cache_tables', 'iCacheTableId', 'cache_table_id', 'INT', '11', '', '', '', 'Yes', 'No', 'No', 'No', '', 0), 
(173, 20, 'sys_admin_cache_tables', 'vTableName', 'table_name', 'VARCHAR', '500', '', '', '', 'No', 'No', 'No', 'No', '', 0), 
(174, 20, 'sys_admin_cache_tables', 'eTableType', 'table_type', 'ENUM', 'Normal,System', '', '', '', 'No', 'No', 'No', 'No', '', 0), 
(175, 20, 'sys_admin_cache_tables', 'eCacheType', 'cache_type', 'ENUM', 'Admin,Webservices,Front', '', 'Admin', '', 'No', 'No', 'No', 'No', '', 0), 
(176, 20, 'sys_admin_cache_tables', 'eExpireTime', 'expire_time', 'ENUM', '1H,12H,1D,1W,15D,1M,3M,6M,FOREVER', '', '', '', 'No', 'No', 'No', 'No', '', 0), 
(177, 20, 'sys_admin_cache_tables', 'eStatus', 'status', 'ENUM', 'Active,Inactive', '', '', '', 'No', 'No', 'No', 'No', '', 0), 
(178, 21, 'mod_customer', 'iCustomerId', 'customer_id', 'INT', '11', '', '', '', 'Yes', 'No', 'No', 'No', '', 1), 
(179, 21, 'mod_customer', 'vFirstName', 'first_name', 'VARCHAR', '255', '', '', '', 'No', 'No', 'No', 'No', '', 2), 
(180, 21, 'mod_customer', 'vLastName', 'last_name', 'VARCHAR', '255', '', '', '', 'No', 'No', 'No', 'No', '', 3), 
(181, 21, 'mod_customer', 'vEmail', 'email', 'VARCHAR', '500', '', '', '', 'No', 'No', 'No', 'No', '', 4), 
(182, 21, 'mod_customer', 'vUserName', 'user_name', 'VARCHAR', '255', '', '', '', 'No', 'No', 'No', 'No', '', 5), 
(183, 21, 'mod_customer', 'vPassword', 'password', 'VARCHAR', '255', '', '', '', 'No', 'No', 'No', 'No', '', 6), 
(184, 21, 'mod_customer', 'dtRegisteredDate', 't_registered_date', 'DATETIME', '', '', '', '', 'No', 'No', 'No', 'No', '', 7), 
(185, 21, 'mod_customer', 'eStatus', 'status', 'ENUM', 'Active,Inactive', '', 'Active', '', 'No', 'No', 'No', 'No', '', 8), 
(186, 7, 'mod_group_master', 'vGroupingAttr', 'grouping_attr', 'TEXT', '', '', '', '', 'No', 'No', 'No', 'Yes', '', 4), 
(187, 10, 'mod_setting', 'tHelpText', 'help_text', 'TEXT', '', '', '', '', 'No', 'No', 'No', 'Yes', '', 14), 
(188, 16, 'mod_system_email', 'vCcEmail', 'cc_email', 'VARCHAR', '255', '', '', '', 'No', 'No', 'No', 'No', '', 6);


-- --------------------------------------------------------

--
-- Table structure for table `sys_field_sl`
--
DROP TABLE IF EXISTS `sys_field_sl`;

CREATE TABLE `sys_field_sl` (
  `iFieldId` int(10) NOT NULL AUTO_INCREMENT,
  `iTableId` int(10) NOT NULL,
  `vTableName` varchar(500) NOT NULL,
  `vFieldName` varchar(255) NOT NULL,
  `vFieldCode` varchar(255) NOT NULL,
  `vFieldDataType` varchar(500) NOT NULL,
  `vFieldExtra` varchar(255) NOT NULL,
  `vDefault` varchar(255) NOT NULL,
  `tFieldComment` text NOT NULL,
  `ePrimaryField` enum('Yes','No') NOT NULL DEFAULT 'No',
  `isNull` enum('Yes','No') NOT NULL DEFAULT 'No',
  `vCustomField` varchar(50) NOT NULL,
  `iSequence` int(11) NOT NULL DEFAULT '0',
  PRIMARY KEY (`iFieldId`)
) ENGINE=InnoDB DEFAULT CHARSET=utf8;



-- --------------------------------------------------------

--
-- Table structure for table `sys_index`
--
DROP TABLE IF EXISTS `sys_index`;

CREATE TABLE `sys_index` (
  `iIndexId` int(11) NOT NULL AUTO_INCREMENT,
  `iTableId` int(11) NOT NULL,
  `vTableName` varchar(500) NOT NULL,
  `vIndexName` varchar(500) NOT NULL,
  `eIndexType` enum('Index','Unique') NOT NULL DEFAULT 'Index',
  `vPrimary` varchar(500) NOT NULL,
  `tFieldJSON` text NOT NULL,
  `tComment` text NOT NULL,
  PRIMARY KEY (`iIndexId`)
) ENGINE=InnoDB AUTO_INCREMENT=6 DEFAULT CHARSET=utf8;


--
-- Dumping data for table `sys_index`
--

INSERT INTO `sys_index` (`iIndexId`, `iTableId`, `vTableName`, `vIndexName`, `eIndexType`, `vPrimary`, `tFieldJSON`, `tComment`) VALUES 
(1, 14, 'mod_admin_navigation_log', 'iAdminId', 'Index', 'iAdminId', '[{"field_name":"iAdminId","field_size":null}]', ''), 
(2, 8, 'mod_group_rights', 'iGroupId', 'Index', 'iGroupId', '[{"field_name":"iGroupId","field_size":null}]', ''), 
(3, 9, 'mod_page_settings', 'vPageTitle', 'Index', 'vPageTitle', '[{"field_name":"vPageTitle","field_size":null}]', ''), 
(4, 9, 'mod_page_settings', 'vPageTitle_2', 'Index', 'vPageTitle', '[{"field_name":"vPageTitle","field_size":null}]', ''), 
(5, 11, 'mod_state', 'iCountryId', 'Index', 'iCountryId', '[{"field_name":"iCountryId","field_size":null}]', '');


-- --------------------------------------------------------

--
-- Table structure for table `sys_module_add_fields`
--
DROP TABLE IF EXISTS `sys_module_add_fields`;

CREATE TABLE `sys_module_add_fields` (
  `iModuleAddId` int(11) NOT NULL AUTO_INCREMENT,
  `iModuleId` int(11) NOT NULL,
  `vModuleName` varchar(500) NOT NULL,
  `iHBTableId` int(11) NOT NULL,
  `vTableName` varchar(500) NOT NULL,
  `vTableAlias` varchar(500) NOT NULL,
  `iHBFieldId` int(11) NOT NULL,
  `vFieldName` varchar(500) NOT NULL,
  `vUniqueName` varchar(500) NOT NULL,
  `eEntryType` enum('Table','Relation','Custom','Static','Other') NOT NULL DEFAULT 'Table',
  `iCustomId` int(11) NOT NULL,
  `vDisplayName` varchar(500) NOT NULL,
  `vDefaultValue` varchar(500) NOT NULL,
  `eSQLEntry` enum('No','Yes','Request','Server','Session','System') NOT NULL DEFAULT 'No',
  `vType` varchar(500) NOT NULL,
  `vProperties` text NOT NULL,
  `vValidation` text NOT NULL,
  `eEnableCoding` enum('Yes','No') NOT NULL DEFAULT 'No',
  `vCodingEntries` text NOT NULL,
  `eShowInputOn` enum('Both','Add','Update','Hidden') NOT NULL DEFAULT 'Both',
  `eHiddenEffectsOn` enum('Both','Add','Update') NOT NULL DEFAULT 'Both',
  `eShowLabel` enum('No','Yes') NOT NULL DEFAULT 'No',
  `eInlineEdit` enum('Yes','No') NOT NULL DEFAULT 'Yes',
  `vFunction` varchar(500) NOT NULL,
  `eFunctionReturn` enum('value','input') NOT NULL,
  `iWidth` int(3) NOT NULL DEFAULT '0',
  `vExtraDesign` text NOT NULL,
  `tExtraHTML` text NOT NULL,
  `eMultiLangField` enum('Yes','No') NOT NULL DEFAULT 'No',
  `eParentMerge` enum('Yes','No') NOT NULL DEFAULT 'No',
  `eChildMerge` enum('Yes','No') NOT NULL DEFAULT 'No',
  `vMergeWith` varchar(500) NOT NULL,
  `iMergeSize` int(3) NOT NULL,
  `iColumn` int(11) NOT NULL DEFAULT '1',
  `iRow` int(11) NOT NULL DEFAULT '1',
  `iTabBlock` int(11) NOT NULL DEFAULT '1',
  `iTabCol` int(11) NOT NULL DEFAULT '1',
  `iFormOrder` int(11) NOT NULL,
  PRIMARY KEY (`iModuleAddId`),
  KEY `iModuleId` (`iModuleId`),
  KEY `iModuleId_2` (`iModuleId`),
  KEY `iModuleId_3` (`iModuleId`)
) ENGINE=InnoDB AUTO_INCREMENT=53 DEFAULT CHARSET=utf8;


--
-- Dumping data for table `sys_module_add_fields`
--

INSERT INTO `sys_module_add_fields` (`iModuleAddId`, `iModuleId`, `vModuleName`, `iHBTableId`, `vTableName`, `vTableAlias`, `iHBFieldId`, `vFieldName`, `vUniqueName`, `eEntryType`, `iCustomId`, `vDisplayName`, `vDefaultValue`, `eSQLEntry`, `vType`, `vProperties`, `vValidation`, `eEnableCoding`, `vCodingEntries`, `eShowInputOn`, `eHiddenEffectsOn`, `eShowLabel`, `eInlineEdit`, `vFunction`, `eFunctionReturn`, `iWidth`, `vExtraDesign`, `tExtraHTML`, `eMultiLangField`, `eParentMerge`, `eChildMerge`, `vMergeWith`, `iMergeSize`, `iColumn`, `iRow`, `iTabBlock`, `iTabCol`, `iFormOrder`) VALUES 
(1, 1, 'admin', 3, 'mod_admin', 'ma', 9, 'vName', 'ma_name', 'Table', 0, 'Name', '', 'No', 'textbox', 'a:5:{s:4:"size";s:6:"medium";s:15:"highlight_color";s:0:"";s:10:"max_length";s:0:"";s:12:"encrypt_data";s:2:"No";s:14:"field_comments";s:0:"";}', 'a:2:{s:5:"rules";a:1:{i:0;a:3:{s:4:"rule";s:8:"required";s:5:"value";b:1;s:7:"message";s:43:"Please enter a value for the #FIELD# field.";}}s:5:"codes";a:1:{i:0;s:8:"required";}}', 'No', '', 'Both', '', 'No', 'Yes', '', 'value', 10, '', '', 'No', 'No', 'No', '', 0, 1, 1, 1, 1, 1), 
(2, 1, 'admin', 3, 'mod_admin', 'ma', 10, 'vEmail', 'ma_email', 'Table', 0, 'Email', '', 'No', 'textbox', 'a:5:{s:4:"size";s:6:"medium";s:15:"highlight_color";s:0:"";s:10:"max_length";s:0:"";s:12:"encrypt_data";s:2:"No";s:14:"field_comments";s:0:"";}', 'a:2:{s:5:"rules";a:2:{i:0;a:3:{s:4:"rule";s:8:"required";s:5:"value";b:1;s:7:"message";s:43:"Please enter a value for the #FIELD# field.";}i:1;a:3:{s:4:"rule";s:5:"email";s:5:"value";b:1;s:7:"message";s:55:"Please enter valid email address for the #FIELD# field.";}}s:5:"codes";a:2:{i:0;s:8:"required";i:1;s:5:"email";}}', 'No', '', 'Both', '', 'No', 'Yes', '', 'value', 10, '', '', 'No', 'No', 'No', '', 0, 1, 1, 1, 1, 2), 
(3, 1, 'admin', 3, 'mod_admin', 'ma', 11, 'vUserName', 'ma_user_name', 'Table', 0, 'User Name', '', 'No', 'textbox', 'a:5:{s:4:"size";s:6:"medium";s:15:"highlight_color";s:0:"";s:10:"max_length";s:0:"";s:12:"encrypt_data";s:2:"No";s:14:"field_comments";s:0:"";}', 'a:2:{s:5:"rules";a:1:{i:0;a:3:{s:4:"rule";s:8:"required";s:5:"value";b:1;s:7:"message";s:43:"Please enter a value for the #FIELD# field.";}}s:5:"codes";a:1:{i:0;s:8:"required";}}', 'No', '', 'Both', '', 'No', 'Yes', '', 'value', 10, '', '', 'No', 'No', 'No', '', 0, 1, 1, 1, 1, 3), 
(4, 1, 'admin', 3, 'mod_admin', 'ma', 12, 'vPassword', 'ma_password', 'Table', 0, 'Password', '', 'No', 'password', 'a:7:{s:4:"size";s:6:"medium";s:15:"retype_password";s:2:"No";s:23:"re_type_password_update";s:2:"No";s:12:"pattern_lock";s:3:"Yes";s:14:"pattern_matrix";s:1:"3";s:12:"encrypt_data";s:2:"No";s:14:"field_comments";s:0:"";}', 'a:2:{s:5:"rules";a:1:{i:0;a:3:{s:4:"rule";s:8:"required";s:5:"value";b:1;s:7:"message";s:43:"Please enter a value for the #FIELD# field.";}}s:5:"codes";a:1:{i:0;s:8:"required";}}', 'No', 'a:0:{}', 'Both', 'Both', 'No', 'Yes', '', 'value', 10, 'a:0:{}', '', 'No', 'No', 'No', '', 0, 1, 1, 1, 1, 4), 
(5, 1, 'admin', 3, 'mod_admin', 'ma', 13, 'vPhonenumber', 'ma_phonenumber', 'Table', 0, 'Phonenumber', '', 'No', 'phone_number', 'a:5:{s:22:"phone_format_selection";s:6:"SYSTEM";s:19:"phone_number_format";s:14:"(999) 999-9999";s:4:"size";s:6:"medium";s:12:"encrypt_data";s:2:"No";s:14:"field_comments";s:0:"";}', 'a:2:{s:5:"rules";a:1:{i:0;a:3:{s:4:"rule";s:8:"required";s:5:"value";b:1;s:7:"message";s:43:"Please enter a value for the #FIELD# field.";}}s:5:"codes";a:1:{i:0;s:8:"required";}}', 'No', '', 'Both', 'Both', 'No', 'No', '', 'value', 10, 'a:0:{}', '', 'No', 'No', 'No', '', 0, 1, 1, 1, 1, 5), 
(6, 1, 'admin', 3, 'mod_admin', 'ma', 14, 'iGroupId', 'ma_group_id', 'Table', 0, 'Group', '', 'No', 'dropdown', 'a:4:{s:20:"option_list_contents";a:13:{s:4:"type";s:5:"table";s:3:"iId";s:1:"7";s:10:"table_name";s:16:"mod_group_master";s:9:"field_key";s:8:"iGroupId";s:9:"field_val";a:2:{s:4:"list";a:1:{i:0;s:10:"vGroupName";}s:9:"separator";a:1:{i:0;s:0:"";}}s:5:"where";s:0:"";s:11:"order_field";s:0:"";s:8:"order_by";s:3:"ASC";s:10:"nlevel_src";s:2:"No";s:10:"parent_src";s:2:"No";s:10:"nlevel_key";s:0:"";s:12:"field_parent";s:0:"";s:11:"field_child";s:0:"";}s:4:"size";s:6:"medium";s:16:"default_required";s:3:"Yes";s:14:"field_comments";s:0:"";}', 'a:2:{s:5:"rules";a:1:{i:0;a:3:{s:4:"rule";s:8:"required";s:5:"value";b:1;s:7:"message";s:43:"Please enter a value for the #FIELD# field.";}}s:5:"codes";a:1:{i:0;s:8:"required";}}', 'No', 'a:0:{}', 'Both', 'Both', 'No', 'Yes', '', 'value', 10, 'a:0:{}', '', 'No', 'No', 'No', '', 0, 1, 1, 1, 1, 6), 
(7, 1, 'admin', 3, 'mod_admin', 'ma', 15, 'dLastAccess', 'ma_last_access', 'Table', 0, 'Last Access', 'NOW()', 'No', 'date_and_time', 'a:8:{s:27:"custom_date_and_time_format";s:6:"SYSTEM";s:22:"enable_dropdown_format";s:2:"No";s:23:"time_in_dropdown_format";s:2:"No";s:4:"size";s:6:"medium";s:12:"minimum_date";s:0:"";s:12:"maximum_date";s:0:"";s:17:"text_place_holder";s:0:"";s:14:"field_comments";s:0:"";}', '', 'No', 'a:0:{}', 'Hidden', 'Add', 'No', 'No', '', 'value', 10, 'a:0:{}', '', 'No', 'No', 'No', '', 0, 1, 1, 1, 1, 8), 
(8, 1, 'admin', 3, 'mod_admin', 'ma', 16, 'eStatus', 'ma_status', 'Table', 0, 'Status', 'Active', 'No', 'dropdown', 'a:4:{s:20:"option_list_contents";a:3:{s:4:"type";s:6:"master";s:3:"iId";s:1:"2";s:4:"list";a:2:{i:0;a:2:{s:2:"Id";s:6:"Active";s:3:"Val";s:6:"Active";}i:1;a:2:{s:2:"Id";s:8:"Inactive";s:3:"Val";s:8:"Inactive";}}}s:4:"size";s:6:"medium";s:16:"default_required";s:3:"Yes";s:14:"field_comments";s:0:"";}', 'a:2:{s:5:"rules";a:1:{i:0;a:3:{s:4:"rule";s:8:"required";s:5:"value";b:1;s:7:"message";s:43:"Please enter a value for the #FIELD# field.";}}s:5:"codes";a:1:{i:0;s:8:"required";}}', 'No', 'a:0:{}', 'Both', 'Both', 'No', 'Yes', '', 'value', 10, 'a:0:{}', '', 'No', 'No', 'No', '', 0, 1, 1, 1, 1, 7), 
(9, 2, 'group', 7, 'mod_group_master', 'mgm', 49, 'vGroupName', 'mgm_group_name', 'Table', 0, 'Group Name', '', 'No', 'textbox', 'a:5:{s:4:"size";s:6:"medium";s:15:"highlight_color";s:0:"";s:10:"max_length";s:0:"";s:12:"encrypt_data";s:2:"No";s:14:"field_comments";s:0:"";}', '', 'No', '', 'Both', '', 'No', 'Yes', '', 'value', 10, '', '', 'No', 'No', 'No', '', 0, 1, 1, 1, 1, 1), 
(10, 2, 'group', 7, 'mod_group_master', 'mgm', 50, 'vGroupCode', 'mgm_group_code', 'Table', 0, 'Group Code', '', 'No', 'textbox', 'a:5:{s:4:"size";s:6:"medium";s:15:"highlight_color";s:0:"";s:10:"max_length";s:0:"";s:12:"encrypt_data";s:2:"No";s:14:"field_comments";s:0:"";}', '', 'No', '', 'Both', '', 'No', 'Yes', '', 'value', 10, '', '', 'No', 'No', 'No', '', 0, 1, 1, 1, 1, 2), 
(11, 2, 'group', 7, 'mod_group_master', 'mgm', 51, 'eStatus', 'mgm_status', 'Table', 0, 'Status', '', 'No', 'dropdown', 'a:4:{s:20:"option_list_contents";a:3:{s:4:"type";s:6:"master";s:3:"iId";s:1:"5";s:4:"list";a:2:{i:0;a:2:{s:2:"Id";s:6:"Active";s:3:"Val";s:6:"Active";}i:1;a:2:{s:2:"Id";s:8:"Inactive";s:3:"Val";s:8:"Inactive";}}}s:4:"size";s:6:"medium";s:16:"default_required";s:3:"Yes";s:14:"field_comments";s:0:"";}', '', 'No', '', 'Both', '', 'No', 'Yes', '', 'value', 10, '', '', 'No', 'No', 'No', '', 0, 1, 1, 1, 1, 4), 
(12, 3, 'country', 6, 'mod_country', 'mc', 43, 'vCountry', 'mc_country', 'Table', 0, 'Country', '', 'No', 'textbox', 'a:12:{s:4:"size";s:6:"medium";s:15:"highlight_color";s:0:"";s:10:"max_length";s:0:"";s:12:"encrypt_data";s:2:"No";s:15:"input_text_case";s:0:"";s:17:"apply_input_label";s:2:"No";s:20:"input_label_position";s:6:"suffix";s:16:"input_label_type";s:4:"text";s:16:"input_label_text";s:0:"";s:16:"input_label_icon";s:0:"";s:17:"text_place_holder";s:0:"";s:14:"field_comments";s:0:"";}', 'a:2:{s:5:"rules";a:1:{i:0;a:3:{s:4:"rule";s:8:"required";s:5:"value";b:1;s:7:"message";s:43:"Please enter a value for the #FIELD# field.";}}s:5:"codes";a:1:{i:0;s:8:"required";}}', 'No', '', 'Both', 'Both', 'No', 'No', '', 'value', 10, 'a:0:{}', '', 'No', 'No', 'No', '', 0, 1, 1, 1, 1, 1), 
(13, 3, 'country', 6, 'mod_country', 'mc', 44, 'vCountryCode', 'mc_country_code', 'Table', 0, 'Country Code', '', 'No', 'textbox', 'a:5:{s:4:"size";s:6:"medium";s:15:"highlight_color";s:0:"";s:10:"max_length";s:0:"";s:12:"encrypt_data";s:2:"No";s:14:"field_comments";s:0:"";}', 'a:2:{s:5:"rules";a:3:{i:0;a:3:{s:4:"rule";s:8:"required";s:5:"value";b:1;s:7:"message";s:43:"Please enter a value for the #FIELD# field.";}i:1;a:3:{s:4:"rule";s:9:"minlength";s:5:"value";s:1:"2";s:7:"message";s:50:"Please enter minimum length for the #FIELD# field.";}i:2;a:3:{s:4:"rule";s:9:"maxlength";s:5:"value";s:1:"2";s:7:"message";s:50:"Please enter maximum length for the #FIELD# field.";}}s:5:"codes";a:3:{i:0;s:8:"required";i:1;s:9:"minlength";i:2;s:9:"maxlength";}}', 'No', 'a:0:{}', 'Both', 'Both', 'No', 'Yes', '', 'value', 10, 'a:0:{}', '', 'No', 'No', 'No', '', 0, 1, 1, 1, 1, 2), 
(14, 3, 'country', 6, 'mod_country', 'mc', 45, 'vCountryCodeISO_3', 'mc_country_code_i_s_o_3', 'Table', 0, 'Country Code ISO-3', '', 'No', 'textbox', 'a:5:{s:4:"size";s:6:"medium";s:15:"highlight_color";s:0:"";s:10:"max_length";s:0:"";s:12:"encrypt_data";s:2:"No";s:14:"field_comments";s:0:"";}', 'a:2:{s:5:"rules";a:1:{i:0;a:3:{s:4:"rule";s:8:"required";s:5:"value";b:1;s:7:"message";s:43:"Please enter a value for the #FIELD# field.";}}s:5:"codes";a:1:{i:0;s:8:"required";}}', 'No', 'a:0:{}', 'Both', 'Both', 'No', 'Yes', '', 'value', 10, 'a:0:{}', '', 'No', 'No', 'No', '', 0, 1, 1, 1, 1, 3), 
(15, 3, 'country', 6, 'mod_country', 'mc', 46, 'tDescription', 'mc_description', 'Table', 0, 'Description', '', 'No', 'textarea', 'a:6:{s:4:"size";s:6:"medium";s:15:"highlight_color";s:0:"";s:14:"field_comments";s:0:"";s:12:"input_length";s:0:"";s:12:"encrypt_data";s:2:"No";s:9:"max_count";s:0:"";}', '', 'No', '', 'Both', '', 'No', 'Yes', '', 'value', 10, '', '', 'No', 'No', 'No', '', 0, 1, 1, 1, 1, 4), 
(16, 3, 'country', 6, 'mod_country', 'mc', 47, 'eStatus', 'mc_status', 'Table', 0, 'Status', 'Active', 'No', 'dropdown', 'a:4:{s:20:"option_list_contents";a:3:{s:4:"type";s:6:"master";s:3:"iId";s:1:"2";s:4:"list";a:2:{i:0;a:2:{s:2:"Id";s:6:"Active";s:3:"Val";s:6:"Active";}i:1;a:2:{s:2:"Id";s:8:"Inactive";s:3:"Val";s:8:"Inactive";}}}s:4:"size";s:6:"medium";s:16:"default_required";s:3:"Yes";s:14:"field_comments";s:0:"";}', 'a:2:{s:5:"rules";a:1:{i:0;a:3:{s:4:"rule";s:8:"required";s:5:"value";b:1;s:7:"message";s:43:"Please enter a value for the #FIELD# field.";}}s:5:"codes";a:1:{i:0;s:8:"required";}}', 'No', 'a:0:{}', 'Both', 'Both', 'No', 'Yes', '', 'value', 10, 'a:0:{}', '', 'No', 'No', 'No', '', 0, 1, 1, 1, 1, 5), 
(17, 4, 'state', 11, 'mod_state', 'ms', 81, 'vState', 'ms_state', 'Table', 0, 'State', '', 'No', 'textbox', 'a:5:{s:4:"size";s:6:"medium";s:15:"highlight_color";s:0:"";s:10:"max_length";s:0:"";s:12:"encrypt_data";s:2:"No";s:14:"field_comments";s:0:"";}', 'a:2:{s:5:"rules";a:1:{i:0;a:3:{s:4:"rule";s:8:"required";s:5:"value";b:1;s:7:"message";s:43:"Please enter a value for the #FIELD# field.";}}s:5:"codes";a:1:{i:0;s:8:"required";}}', 'No', '', 'Both', '', 'No', 'Yes', '', 'value', 10, '', '', 'No', 'No', 'No', '', 0, 1, 1, 1, 1, 2), 
(18, 4, 'state', 11, 'mod_state', 'ms', 82, 'vStateCode', 'ms_state_code', 'Table', 0, 'State Code', '', 'No', 'textbox', 'a:5:{s:4:"size";s:6:"medium";s:15:"highlight_color";s:0:"";s:10:"max_length";s:0:"";s:12:"encrypt_data";s:2:"No";s:14:"field_comments";s:0:"";}', 'a:2:{s:5:"rules";a:1:{i:0;a:3:{s:4:"rule";s:8:"required";s:5:"value";b:1;s:7:"message";s:43:"Please enter a value for the #FIELD# field.";}}s:5:"codes";a:1:{i:0;s:8:"required";}}', 'No', 'a:0:{}', 'Both', 'Both', 'No', 'Yes', '', 'value', 10, 'a:0:{}', '', 'No', 'No', 'No', '', 0, 1, 1, 1, 1, 3), 
(19, 4, 'state', 11, 'mod_state', 'ms', 83, 'iCountryId', 'ms_country_id', 'Table', 0, 'Country', '', 'No', 'dropdown', 'a:4:{s:20:"option_list_contents";a:13:{s:4:"type";s:5:"table";s:3:"iId";s:1:"6";s:10:"table_name";s:11:"mod_country";s:9:"field_key";s:10:"iCountryId";s:9:"field_val";a:2:{s:4:"list";a:1:{i:0;s:8:"vCountry";}s:9:"separator";a:1:{i:0;s:0:"";}}s:5:"where";s:0:"";s:11:"order_field";s:0:"";s:8:"order_by";s:3:"ASC";s:10:"nlevel_src";s:2:"No";s:10:"parent_src";s:2:"No";s:10:"nlevel_key";s:0:"";s:12:"field_parent";s:0:"";s:11:"field_child";s:0:"";}s:4:"size";s:6:"medium";s:16:"default_required";s:3:"Yes";s:14:"field_comments";s:0:"";}', 'a:2:{s:5:"rules";a:1:{i:0;a:3:{s:4:"rule";s:8:"required";s:5:"value";b:1;s:7:"message";s:43:"Please enter a value for the #FIELD# field.";}}s:5:"codes";a:1:{i:0;s:8:"required";}}', 'No', 'a:0:{}', 'Both', 'Both', 'No', 'Yes', '', 'value', 10, 'a:0:{}', '', 'No', 'No', 'No', '', 0, 1, 1, 1, 1, 1), 
(20, 4, 'state', 11, 'mod_state', 'ms', 84, 'vCountryCode', 'ms_country_code', 'Table', 0, 'Country Code', '', 'No', 'textbox', 'a:5:{s:4:"size";s:6:"medium";s:15:"highlight_color";s:0:"";s:10:"max_length";s:0:"";s:12:"encrypt_data";s:2:"No";s:14:"field_comments";s:0:"";}', '', 'No', 'a:0:{}', 'Hidden', 'Both', 'No', 'Yes', '', 'value', 10, 'a:0:{}', '', 'No', 'No', 'No', '', 0, 1, 1, 1, 1, 5), 
(21, 4, 'state', 11, 'mod_state', 'ms', 85, 'eStatus', 'ms_status', 'Table', 0, 'Status', 'Active', 'No', 'dropdown', 'a:4:{s:20:"option_list_contents";a:3:{s:4:"type";s:6:"master";s:3:"iId";s:1:"2";s:4:"list";a:2:{i:0;a:2:{s:2:"Id";s:6:"Active";s:3:"Val";s:6:"Active";}i:1;a:2:{s:2:"Id";s:8:"Inactive";s:3:"Val";s:8:"Inactive";}}}s:4:"size";s:6:"medium";s:16:"default_required";s:3:"Yes";s:14:"field_comments";s:0:"";}', 'a:2:{s:5:"rules";a:1:{i:0;a:3:{s:4:"rule";s:8:"required";s:5:"value";b:1;s:7:"message";s:43:"Please enter a value for the #FIELD# field.";}}s:5:"codes";a:1:{i:0;s:8:"required";}}', 'No', 'a:0:{}', 'Both', 'Both', 'No', 'Yes', '', 'value', 10, 'a:0:{}', '', 'No', 'No', 'No', '', 0, 1, 1, 1, 1, 4), 
(22, 5, 'systememails', 16, 'mod_system_email', 'mse', 142, 'vEmailCode', 'mse_email_code', 'Table', 0, 'Email Code', '', 'No', 'textbox', 'a:5:{s:4:"size";s:6:"medium";s:15:"highlight_color";s:0:"";s:10:"max_length";s:0:"";s:12:"encrypt_data";s:2:"No";s:14:"field_comments";s:0:"";}', '', 'No', '', 'Both', '', 'No', 'Yes', '', 'value', 10, '', '', 'No', 'No', 'No', '', 0, 1, 1, 1, 1, 1), 
(23, 5, 'systememails', 16, 'mod_system_email', 'mse', 143, 'vEmailTitle', 'mse_email_title', 'Table', 0, 'Email Title', '', 'No', 'textbox', 'a:5:{s:4:"size";s:6:"medium";s:15:"highlight_color";s:0:"";s:10:"max_length";s:0:"";s:12:"encrypt_data";s:2:"No";s:14:"field_comments";s:0:"";}', '', 'No', '', 'Both', '', 'No', 'Yes', '', 'value', 10, '', '', 'No', 'No', 'No', '', 0, 1, 1, 1, 1, 2), 
(24, 5, 'systememails', 16, 'mod_system_email', 'mse', 144, 'vFromName', 'mse_from_name', 'Table', 0, 'From Name', '', 'No', 'textbox', 'a:5:{s:4:"size";s:6:"medium";s:15:"highlight_color";s:0:"";s:10:"max_length";s:0:"";s:12:"encrypt_data";s:2:"No";s:14:"field_comments";s:0:"";}', '', 'No', '', 'Both', '', 'No', 'Yes', '', 'value', 10, '', '', 'No', 'No', 'No', '', 0, 1, 1, 1, 1, 3), 
(25, 5, 'systememails', 16, 'mod_system_email', 'mse', 145, 'vFromEmail', 'mse_from_email', 'Table', 0, 'From Email', '', 'No', 'textbox', 'a:5:{s:4:"size";s:6:"medium";s:15:"highlight_color";s:0:"";s:10:"max_length";s:0:"";s:12:"encrypt_data";s:2:"No";s:14:"field_comments";s:0:"";}', '', 'No', '', 'Both', '', 'No', 'Yes', '', 'value', 10, '', '', 'No', 'No', 'No', '', 0, 1, 1, 1, 1, 4), 
(26, 5, 'systememails', 16, 'mod_system_email', 'mse', 146, 'vBccEmail', 'mse_bcc_email', 'Table', 0, 'Bcc Email', '', 'No', 'textbox', 'a:5:{s:4:"size";s:6:"medium";s:15:"highlight_color";s:0:"";s:10:"max_length";s:0:"";s:12:"encrypt_data";s:2:"No";s:14:"field_comments";s:0:"";}', '', 'No', '', 'Both', '', 'No', 'Yes', '', 'value', 10, '', '', 'No', 'No', 'No', '', 0, 1, 1, 1, 1, 5), 
(27, 5, 'systememails', 16, 'mod_system_email', 'mse', 147, 'eEmailFormat', 'mse_email_format', 'Table', 0, 'Email Format', '', 'No', 'textbox', 'a:5:{s:4:"size";s:6:"medium";s:15:"highlight_color";s:0:"";s:10:"max_length";s:0:"";s:12:"encrypt_data";s:2:"No";s:14:"field_comments";s:0:"";}', '', 'No', '', 'Both', '', 'No', 'Yes', '', 'value', 10, '', '', 'No', 'No', 'No', '', 0, 1, 1, 1, 1, 7), 
(28, 5, 'systememails', 16, 'mod_system_email', 'mse', 148, 'vEmailSubject', 'mse_email_subject', 'Table', 0, 'Email Subject', '', 'No', 'textbox', 'a:5:{s:4:"size";s:6:"medium";s:15:"highlight_color";s:0:"";s:10:"max_length";s:0:"";s:12:"encrypt_data";s:2:"No";s:14:"field_comments";s:0:"";}', '', 'No', '', 'Both', '', 'No', 'Yes', '', 'value', 10, '', '', 'No', 'No', 'No', '', 0, 1, 1, 1, 1, 8), 
(29, 5, 'systememails', 16, 'mod_system_email', 'mse', 149, 'tEmailMessage', 'mse_email_message', 'Table', 0, 'Email Message', '', 'No', 'textarea', 'a:6:{s:4:"size";s:6:"medium";s:15:"highlight_color";s:0:"";s:14:"field_comments";s:0:"";s:12:"input_length";s:0:"";s:12:"encrypt_data";s:2:"No";s:9:"max_count";s:0:"";}', '', 'No', '', 'Both', '', 'No', 'Yes', '', 'value', 10, '', '', 'No', 'No', 'No', '', 0, 1, 1, 1, 1, 9), 
(30, 5, 'systememails', 16, 'mod_system_email', 'mse', 150, 'vEmailFooter', 'mse_email_footer', 'Table', 0, 'Email Footer', '', 'No', 'textbox', 'a:5:{s:4:"size";s:6:"medium";s:15:"highlight_color";s:0:"";s:10:"max_length";s:0:"";s:12:"encrypt_data";s:2:"No";s:14:"field_comments";s:0:"";}', '', 'No', '', 'Both', '', 'No', 'Yes', '', 'value', 10, '', '', 'No', 'No', 'No', '', 0, 1, 1, 1, 1, 10), 
(31, 5, 'systememails', 16, 'mod_system_email', 'mse', 151, 'eStatus', 'mse_status', 'Table', 0, 'Status', '', 'No', 'dropdown', 'a:4:{s:20:"option_list_contents";a:3:{s:4:"type";s:6:"master";s:3:"iId";s:1:"5";s:4:"list";a:2:{i:0;a:2:{s:2:"Id";s:6:"Active";s:3:"Val";s:6:"Active";}i:1;a:2:{s:2:"Id";s:8:"Inactive";s:3:"Val";s:8:"Inactive";}}}s:4:"size";s:6:"medium";s:16:"default_required";s:3:"Yes";s:14:"field_comments";s:0:"";}', '', 'No', '', 'Both', '', 'No', 'Yes', '', 'value', 10, '', '', 'No', 'No', 'No', '', 0, 1, 1, 1, 1, 11), 
(35, 7, 'loghistory', 15, 'mod_log_history', 'mlh', 134, 'iUserId', 'mlh_user_id', 'Table', 0, 'User', '', 'No', 'dropdown', 'a:4:{s:20:"option_list_contents";a:10:{s:4:"type";s:5:"table";s:3:"iId";s:1:"3";s:10:"table_name";s:9:"mod_admin";s:9:"field_key";s:8:"iAdminId";s:9:"field_val";a:2:{s:4:"list";a:1:{i:0;s:5:"vName";}s:9:"separator";a:0:{}}s:5:"where";s:0:"";s:8:"order_by";s:3:"ASC";s:10:"parent_src";s:2:"No";s:12:"field_parent";s:0:"";s:11:"field_child";s:0:"";}s:4:"size";s:6:"medium";s:16:"default_required";s:3:"Yes";s:14:"field_comments";s:0:"";}', '', 'No', '', 'Both', '', 'No', 'Yes', '', 'value', 10, '', '', 'No', 'No', 'No', '', 0, 1, 1, 1, 1, 1), 
(36, 7, 'loghistory', 15, 'mod_log_history', 'mlh', 135, 'vIP', 'mlh_i_p', 'Table', 0, 'IP', '', 'No', 'textarea', 'a:6:{s:4:"size";s:6:"medium";s:15:"highlight_color";s:0:"";s:14:"field_comments";s:0:"";s:12:"input_length";s:0:"";s:12:"encrypt_data";s:2:"No";s:9:"max_count";s:0:"";}', '', 'No', '', 'Both', '', 'No', 'Yes', '', 'value', 10, '', '', 'No', 'No', 'No', '', 0, 1, 1, 1, 1, 2), 
(37, 7, 'loghistory', 15, 'mod_log_history', 'mlh', 136, 'eUserType', 'mlh_user_type', 'Table', 0, 'User Type', '', 'No', 'dropdown', 'a:4:{s:20:"option_list_contents";a:3:{s:4:"type";s:6:"master";s:3:"iId";s:1:"5";s:4:"list";a:2:{i:0;a:2:{s:2:"Id";s:5:"Admin";s:3:"Val";s:5:"Admin";}i:1;a:2:{s:2:"Id";s:6:"Member";s:3:"Val";s:6:"Member";}}}s:4:"size";s:6:"medium";s:16:"default_required";s:3:"Yes";s:14:"field_comments";s:0:"";}', '', 'No', '', 'Both', '', 'No', 'Yes', '', 'value', 10, '', '', 'No', 'No', 'No', '', 0, 1, 1, 1, 1, 3), 
(38, 7, 'loghistory', 15, 'mod_log_history', 'mlh', 137, 'dLoginDate', 'mlh_login_date', 'Table', 0, 'Login Date', '', 'No', 'date_and_time', 'a:8:{s:27:"custom_date_and_time_format";s:6:"SYSTEM";s:22:"enable_dropdown_format";s:2:"No";s:23:"time_in_dropdown_format";s:2:"No";s:4:"size";s:6:"medium";s:12:"minimum_date";s:0:"";s:12:"maximum_date";s:0:"";s:17:"text_place_holder";s:0:"";s:14:"field_comments";s:0:"";}', '', 'No', '', 'Both', 'Both', 'No', 'No', '', 'value', 10, 'a:0:{}', '', 'No', 'No', 'No', '', 0, 1, 1, 1, 1, 6), 
(39, 7, 'loghistory', 15, 'mod_log_history', 'mlh', 138, 'vCurrentUrl', 'mlh_current_url', 'Table', 0, 'Current Url', '', 'No', 'textarea', 'a:6:{s:4:"size";s:6:"medium";s:15:"highlight_color";s:0:"";s:14:"field_comments";s:0:"";s:12:"input_length";s:0:"";s:12:"encrypt_data";s:2:"No";s:9:"max_count";s:0:"";}', '', 'No', '', 'Both', '', 'No', 'Yes', '', 'value', 10, '', '', 'No', 'No', 'No', '', 0, 1, 1, 1, 1, 4), 
(40, 7, 'loghistory', 15, 'mod_log_history', 'mlh', 139, 'vExtraParam', 'mlh_extra_param', 'Table', 0, 'Extra Param', '', 'No', 'textarea', 'a:6:{s:4:"size";s:6:"medium";s:15:"highlight_color";s:0:"";s:14:"field_comments";s:0:"";s:12:"input_length";s:0:"";s:12:"encrypt_data";s:2:"No";s:9:"max_count";s:0:"";}', '', 'No', '', 'Both', '', 'No', 'Yes', '', 'value', 10, '', '', 'No', 'No', 'No', '', 0, 1, 1, 1, 1, 5), 
(41, 7, 'loghistory', 15, 'mod_log_history', 'mlh', 140, 'dLogoutDate', 'mlh_logout_date', 'Table', 0, 'Logout Date', '', 'No', 'date_and_time', 'a:8:{s:27:"custom_date_and_time_format";s:6:"SYSTEM";s:22:"enable_dropdown_format";s:2:"No";s:23:"time_in_dropdown_format";s:2:"No";s:4:"size";s:6:"medium";s:12:"minimum_date";s:0:"";s:12:"maximum_date";s:0:"";s:17:"text_place_holder";s:0:"";s:14:"field_comments";s:0:"";}', '', 'No', '', 'Both', 'Both', 'No', 'No', '', 'value', 10, 'a:0:{}', '', 'No', 'No', 'No', '', 0, 1, 1, 1, 1, 7), 
(42, 8, 'staticpages', 9, 'mod_page_settings', 'mps', 58, 'vPageTitle', 'mps_page_title', 'Table', 0, 'Page Title', '', 'No', 'textbox', 'a:10:{s:4:"size";s:6:"medium";s:15:"highlight_color";s:0:"";s:10:"max_length";s:0:"";s:12:"encrypt_data";s:2:"No";s:15:"input_text_case";s:0:"";s:17:"apply_input_label";s:2:"No";s:20:"input_label_position";s:6:"suffix";s:16:"input_label_text";s:0:"";s:17:"text_place_holder";s:0:"";s:14:"field_comments";s:0:"";}', '', 'No', '', 'Both', 'Both', 'No', 'No', '', 'value', 10, 'a:0:{}', '', 'No', 'No', 'No', '', 0, 1, 1, 1, 1, 1), 
(43, 8, 'staticpages', 9, 'mod_page_settings', 'mps', 59, 'vPageCode', 'mps_page_code', 'Table', 0, 'Page Code', '', 'No', 'textbox', 'a:10:{s:4:"size";s:6:"medium";s:15:"highlight_color";s:0:"";s:10:"max_length";s:0:"";s:12:"encrypt_data";s:2:"No";s:15:"input_text_case";s:0:"";s:17:"apply_input_label";s:2:"No";s:20:"input_label_position";s:6:"suffix";s:16:"input_label_text";s:0:"";s:17:"text_place_holder";s:0:"";s:14:"field_comments";s:0:"";}', 'a:2:{s:5:"rules";a:1:{i:0;a:3:{s:4:"rule";s:8:"required";s:5:"value";b:1;s:7:"message";s:43:"Please enter a value for the #FIELD# field.";}}s:5:"codes";a:1:{i:0;s:8:"required";}}', 'No', '', 'Both', 'Both', 'Yes', 'No', '', 'value', 10, 'a:0:{}', '', 'No', 'No', 'No', '', 0, 1, 1, 1, 1, 2), 
(44, 8, 'staticpages', 9, 'mod_page_settings', 'mps', 60, 'vUrl', 'mps_url', 'Table', 0, 'Url', '', 'No', 'textbox', 'a:10:{s:4:"size";s:6:"medium";s:15:"highlight_color";s:0:"";s:10:"max_length";s:0:"";s:12:"encrypt_data";s:2:"No";s:15:"input_text_case";s:0:"";s:17:"apply_input_label";s:2:"No";s:20:"input_label_position";s:6:"suffix";s:16:"input_label_text";s:0:"";s:17:"text_place_holder";s:0:"";s:14:"field_comments";s:0:"";}', '', 'No', '', 'Both', 'Both', 'No', 'No', '', 'value', 10, 'a:0:{}', '', 'No', 'No', 'No', '', 0, 1, 1, 1, 1, 3), 
(45, 8, 'staticpages', 9, 'mod_page_settings', 'mps', 61, 'tMetaTitle', 'mps_meta_title', 'Table', 0, 'Meta Title', '', 'No', 'textarea', 'a:6:{s:4:"size";s:6:"medium";s:15:"highlight_color";s:0:"";s:14:"field_comments";s:0:"";s:12:"input_length";s:0:"";s:12:"encrypt_data";s:2:"No";s:9:"max_count";s:0:"";}', '', 'No', '', 'Both', '', 'No', 'Yes', '', 'value', 10, '', '', 'No', 'No', 'No', '', 0, 1, 1, 1, 1, 5), 
(46, 8, 'staticpages', 9, 'mod_page_settings', 'mps', 62, 'tMetaKeyword', 'mps_meta_keyword', 'Table', 0, 'Meta Keyword', '', 'No', 'textarea', 'a:6:{s:4:"size";s:6:"medium";s:15:"highlight_color";s:0:"";s:14:"field_comments";s:0:"";s:12:"input_length";s:0:"";s:12:"encrypt_data";s:2:"No";s:9:"max_count";s:0:"";}', '', 'No', '', 'Both', '', 'No', 'Yes', '', 'value', 10, '', '', 'No', 'No', 'No', '', 0, 1, 1, 1, 1, 6), 
(47, 8, 'staticpages', 9, 'mod_page_settings', 'mps', 63, 'tMetaDesc', 'mps_meta_desc', 'Table', 0, 'Meta Desc', '', 'No', 'textarea', 'a:6:{s:4:"size";s:6:"medium";s:15:"highlight_color";s:0:"";s:14:"field_comments";s:0:"";s:12:"input_length";s:0:"";s:12:"encrypt_data";s:2:"No";s:9:"max_count";s:0:"";}', '', 'No', '', 'Both', '', 'No', 'Yes', '', 'value', 10, '', '', 'No', 'No', 'No', '', 0, 1, 1, 1, 1, 7), 
(48, 8, 'staticpages', 9, 'mod_page_settings', 'mps', 64, 'dtDatecreated', 'mps_t_datecreated', 'Table', 0, 'T Datecreated', 'NOW()', 'Yes', 'date', 'a:6:{s:18:"custom_date_format";s:8:"yy-mm-dd";s:21:"apply_timezone_offset";s:2:"No";s:4:"size";s:6:"medium";s:12:"minimum_date";s:0:"";s:12:"maximum_date";s:0:"";s:14:"field_comments";s:0:"";}', '', 'No', 'a:0:{}', 'Hidden', 'Both', 'No', 'Yes', '', 'value', 10, 'a:0:{}', '', 'No', 'No', 'No', '', 0, 1, 1, 1, 1, 8), 
(49, 8, 'staticpages', 9, 'mod_page_settings', 'mps', 65, 'eStatus', 'mps_status', 'Table', 0, 'Status', 'Active', 'No', 'dropdown', 'a:4:{s:20:"option_list_contents";a:3:{s:4:"type";s:6:"master";s:3:"iId";s:1:"5";s:4:"list";a:2:{i:0;a:2:{s:2:"Id";s:6:"Active";s:3:"Val";s:6:"Active";}i:1;a:2:{s:2:"Id";s:8:"Inactive";s:3:"Val";s:8:"Inactive";}}}s:4:"size";s:6:"medium";s:16:"default_required";s:3:"Yes";s:14:"field_comments";s:0:"";}', '', 'No', 'a:0:{}', 'Hidden', 'Both', 'No', 'Yes', '', 'value', 10, 'a:0:{}', '', 'No', 'No', 'No', '', 0, 1, 1, 1, 1, 9), 
(50, 8, 'staticpages', 9, 'mod_page_settings', 'mps', 168, 'vContent', 'mps_content', 'Table', 0, 'Content', '', 'No', 'wysiwyg', 'a:9:{s:7:"toolbar";s:6:"simple";s:4:"size";s:6:"medium";s:13:"editor_height";s:6:"medium";s:16:"toolbar_location";s:3:"top";s:17:"toolbar_alignment";s:4:"left";s:21:"show_path_information";N;s:25:"path_information_location";N;s:22:"allow_toolbar_resizing";N;s:14:"field_comments";s:0:"";}', '', 'No', '', 'Both', 'Both', 'No', 'No', '', 'value', 0, 'a:0:{}', '', 'No', 'No', 'No', '', 0, 1, 1, 1, 1, 4), 
(51, 2, 'group', 7, 'mod_group_master', 'mgm', 186, 'vGroupingAttr', 'mgm_grouping_attr', 'Table', 0, 'Landing Page', '', 'No', 'dropdown', 'a:7:{s:20:"option_list_contents";a:14:{s:4:"type";s:5:"table";s:3:"iId";s:1:"4";s:10:"table_name";s:14:"mod_admin_menu";s:9:"field_key";s:12:"iAdminMenuId";s:9:"field_val";a:2:{s:4:"list";a:1:{i:0;s:12:"vMenuDisplay";}s:9:"separator";a:1:{i:0;s:0:"";}}s:5:"where";s:20:"eStatus = \\''Active\\''";s:5:"group";s:0:"";s:11:"order_field";s:0:"";s:8:"order_by";s:3:"ASC";s:16:"opt_group_active";s:3:"Yes";s:21:"activate_autocomplete";s:2:"No";s:12:"parent_child";s:2:"No";s:10:"parent_src";s:2:"No";s:15:"opt_group_field";s:9:"iParentId";}s:4:"size";s:6:"medium";s:23:"add_new_record_facility";s:0:"";s:23:"add_new_record_in_popup";s:2:"No";s:16:"default_required";s:3:"Yes";s:25:"default_place_holder_text";s:21:"Please select #FIELD#";s:14:"field_comments";s:0:"";}', '', 'No', '', 'Both', 'Both', 'No', 'No', '', 'value', 0, 'a:0:{}', '', 'No', 'No', 'No', '', 0, 1, 1, 1, 1, 3), 
(52, 5, 'systememails', 16, 'mod_system_email', 'mse', 188, 'vCcEmail', 'mse_cc_email', 'Table', 0, 'Cc Email', '', 'No', 'textbox', 'a:12:{s:4:"size";s:6:"medium";s:15:"highlight_color";s:0:"";s:10:"max_length";s:0:"";s:12:"encrypt_data";s:2:"No";s:15:"input_text_case";s:0:"";s:17:"apply_input_label";s:2:"No";s:20:"input_label_position";s:6:"suffix";s:16:"input_label_type";s:4:"text";s:16:"input_label_text";s:0:"";s:16:"input_label_icon";s:0:"";s:17:"text_place_holder";s:0:"";s:14:"field_comments";s:0:"";}', '', 'No', '', 'Both', 'Both', 'No', 'No', '', 'value', 0, 'a:0:{}', '', 'No', 'No', 'No', '', 0, 1, 1, 1, 1, 6);


-- --------------------------------------------------------

--
-- Table structure for table `sys_module_list_fields`
--
DROP TABLE IF EXISTS `sys_module_list_fields`;

CREATE TABLE `sys_module_list_fields` (
  `iModuleListId` int(11) NOT NULL AUTO_INCREMENT,
  `iModuleId` int(11) NOT NULL,
  `vModuleName` varchar(500) NOT NULL,
  `iHBTableId` int(11) NOT NULL,
  `vTableName` varchar(500) NOT NULL,
  `vTableAlias` varchar(500) NOT NULL,
  `iHBFieldId` int(11) NOT NULL,
  `vFieldName` varchar(500) NOT NULL,
  `eShowType` enum('Grid','View','Print','Both','None') NOT NULL DEFAULT 'Both',
  `eEntryType` enum('Table','Custom') NOT NULL DEFAULT 'Table',
  `iCustomId` int(11) NOT NULL,
  `eCustomEntry` enum('Query','Text','PHP') NOT NULL DEFAULT 'PHP',
  `vDisplayInQuery` text NOT NULL,
  `vSQLFunction` varchar(500) NOT NULL,
  `vDateFormat` varchar(500) NOT NULL,
  `vAliasName` varchar(500) NOT NULL,
  `vDisplayName` varchar(500) NOT NULL,
  `eSorting` enum('Yes','No') NOT NULL DEFAULT 'Yes',
  `eDefaultSort` enum('Yes','No') NOT NULL DEFAULT 'No',
  `eSortOrder` enum('ASC','DESC') NOT NULL DEFAULT 'ASC',
  `eSearch` enum('Yes','No') NOT NULL DEFAULT 'Yes',
  `eAlignment` enum('Left','Center','Right') NOT NULL DEFAULT 'Left',
  `eEditLink` enum('No','Yes') NOT NULL DEFAULT 'No',
  `eInlineEdit` enum('Yes','No') NOT NULL,
  `eHideColumn` enum('Yes','No') NOT NULL DEFAULT 'No',
  `vHideColumnAttr` text NOT NULL,
  `eImageType` enum('Yes','No') NOT NULL DEFAULT 'No',
  `vImageProperties` text NOT NULL,
  `vFunction` varchar(500) NOT NULL,
  `iWidth` int(3) NOT NULL,
  `eLeftSearch` enum('Yes','No') NOT NULL DEFAULT 'No',
  `eExpand` enum('Yes','No') NOT NULL DEFAULT 'No',
  `vExpandAttr` text NOT NULL,
  `eGrandTot` enum('Yes','No') NOT NULL DEFAULT 'No',
  `vGrandAttr` text NOT NULL,
  `eGroupTot` enum('Yes','No') NOT NULL DEFAULT 'No',
  `vGroupAttr` text NOT NULL,
  `eCustomLink` enum('Yes','No') NOT NULL DEFAULT 'No',
  `vCustomLinkAttr` text NOT NULL,
  `eFormatter` enum('Yes','No') NOT NULL DEFAULT 'No',
  `vFormatterFn` varchar(500) NOT NULL,
  `eAddToEmail` enum('Yes','No') NOT NULL DEFAULT 'No',
  `eAddToPush` enum('Yes','No') NOT NULL DEFAULT 'No',
  `eMultiLangField` enum('Yes','No') NOT NULL DEFAULT 'No',
  `iListOrder` int(11) NOT NULL,
  PRIMARY KEY (`iModuleListId`),
  KEY `iModuleId` (`iModuleId`),
  KEY `iModuleId_2` (`iModuleId`),
  KEY `iModuleId_3` (`iModuleId`)
) ENGINE=InnoDB AUTO_INCREMENT=32 DEFAULT CHARSET=utf8;


--
-- Dumping data for table `sys_module_list_fields`
--

INSERT INTO `sys_module_list_fields` (`iModuleListId`, `iModuleId`, `vModuleName`, `iHBTableId`, `vTableName`, `vTableAlias`, `iHBFieldId`, `vFieldName`, `eShowType`, `eEntryType`, `iCustomId`, `eCustomEntry`, `vDisplayInQuery`, `vSQLFunction`, `vDateFormat`, `vAliasName`, `vDisplayName`, `eSorting`, `eDefaultSort`, `eSortOrder`, `eSearch`, `eAlignment`, `eEditLink`, `eInlineEdit`, `eHideColumn`, `vHideColumnAttr`, `eImageType`, `vImageProperties`, `vFunction`, `iWidth`, `eLeftSearch`, `eExpand`, `vExpandAttr`, `eGrandTot`, `vGrandAttr`, `eGroupTot`, `vGroupAttr`, `eCustomLink`, `vCustomLinkAttr`, `eFormatter`, `vFormatterFn`, `eAddToEmail`, `eAddToPush`, `eMultiLangField`, `iListOrder`) VALUES 
(1, 1, 'admin', 3, 'mod_admin', 'ma', 9, 'vName', 'Both', 'Table', 0, '', 'ma.vName', '', '', 'ma_name', 'Name', 'Yes', 'Yes', 'ASC', 'Yes', 'Left', 'Yes', 'Yes', 'No', '', 'No', '', '', 200, 'No', 'No', '', 'No', '', 'No', '', 'No', '', 'No', '', 'No', 'No', 'No', 1), 
(2, 1, 'admin', 3, 'mod_admin', 'ma', 10, 'vEmail', 'Both', 'Table', 0, '', 'ma.vEmail', '', '', 'ma_email', 'Email', 'Yes', 'No', 'ASC', 'Yes', 'Left', 'No', 'Yes', 'No', '', 'No', '', '', 200, 'No', 'No', '', 'No', '', 'No', '', 'No', '', 'No', '', 'No', 'No', 'No', 2), 
(3, 1, 'admin', 3, 'mod_admin', 'ma', 11, 'vUserName', 'Both', 'Table', 0, '', 'ma.vUserName', '', '', 'ma_user_name', 'User Name', 'Yes', 'No', 'ASC', 'Yes', 'Left', 'No', 'Yes', 'No', '', 'No', '', '', 150, 'No', 'No', '', 'No', '', 'No', '', 'No', '', 'No', '', 'No', 'No', 'No', 3), 
(4, 1, 'admin', 3, 'mod_admin', 'ma', 15, 'dLastAccess', 'Both', 'Table', 0, '', 'ma.dLastAccess', '', '', 'ma_last_access', 'Last Access', 'Yes', 'No', 'ASC', 'Yes', 'Left', 'No', 'Yes', 'No', '', 'No', '', '', 180, 'No', 'No', '', 'No', '', 'No', '', 'No', '', 'No', '', 'No', 'No', 'No', 5), 
(5, 1, 'admin', 3, 'mod_admin', 'ma', 16, 'eStatus', 'Both', 'Table', 0, '', 'ma.eStatus', '', '', 'ma_status', 'Status', 'Yes', 'No', 'ASC', 'Yes', 'Center', 'No', 'Yes', 'No', '', 'No', '', '', 150, 'Yes', 'No', '', 'No', '', 'No', '', 'No', '', 'No', '', 'No', 'No', 'No', 6), 
(6, 1, 'admin', 7, 'mod_group_master', 'mgm', 49, 'vGroupName', 'Both', 'Table', 0, '', 'mgm.vGroupName', '', '', 'mgm_group_name', 'Group Name', 'Yes', 'No', 'ASC', 'Yes', 'Left', 'No', 'Yes', 'No', '', 'No', '', '', 180, 'Yes', 'No', '', 'No', '', 'No', '', 'No', '', 'No', '', 'No', 'No', 'No', 4), 
(7, 2, 'group', 7, 'mod_group_master', 'mgm', 49, 'vGroupName', 'Both', 'Table', 0, '', 'mgm.vGroupName', '', '', 'mgm_group_name', 'Group Name', 'Yes', 'Yes', 'ASC', 'Yes', 'Left', 'Yes', 'Yes', 'No', '', 'No', '', '', 200, 'No', 'No', '', 'No', '', 'No', '', 'No', '', 'No', '', 'No', 'No', 'No', 1), 
(8, 2, 'group', 7, 'mod_group_master', 'mgm', 50, 'vGroupCode', 'Both', 'Table', 0, '', 'mgm.vGroupCode', '', '', 'mgm_group_code', 'Group Code', 'Yes', 'No', 'ASC', 'Yes', 'Left', 'No', 'Yes', 'No', '', 'No', '', '', 200, 'No', 'No', '', 'No', '', 'No', '', 'No', '', 'No', '', 'No', 'No', 'No', 2), 
(9, 2, 'group', 7, 'mod_group_master', 'mgm', 51, 'eStatus', 'Both', 'Table', 0, '', 'mgm.eStatus', '', '', 'mgm_status', 'Status', 'Yes', 'No', 'ASC', 'Yes', 'Center', 'No', 'Yes', 'No', '', 'No', '', '', 150, 'No', 'No', '', 'No', '', 'No', '', 'No', '', 'No', '', 'No', 'No', 'No', 3), 
(10, 3, 'country', 6, 'mod_country', 'mc', 43, 'vCountry', 'Both', 'Table', 0, '', 'mc.vCountry', '', '', 'mc_country', 'Country', 'Yes', 'Yes', 'ASC', 'Yes', 'Left', 'Yes', 'Yes', 'No', '', 'No', '', '', 225, 'No', 'No', '', 'No', '', 'No', '', 'No', '', 'No', '', 'No', 'No', 'No', 1), 
(11, 3, 'country', 6, 'mod_country', 'mc', 44, 'vCountryCode', 'Both', 'Table', 0, '', 'mc.vCountryCode', '', '', 'mc_country_code', 'Country Code', 'Yes', 'No', 'ASC', 'Yes', 'Left', 'No', 'Yes', 'No', '', 'No', '', '', 150, 'No', 'No', '', 'No', '', 'No', '', 'No', '', 'No', '', 'No', 'No', 'No', 2), 
(12, 3, 'country', 6, 'mod_country', 'mc', 45, 'vCountryCodeISO_3', 'Both', 'Table', 0, '', 'mc.vCountryCodeISO_3', '', '', 'mc_country_code_i_s_o_3', 'Country Code ISO-3', 'Yes', 'No', 'ASC', 'Yes', 'Left', 'No', 'Yes', 'No', '', 'No', '', '', 150, 'No', 'No', '', 'No', '', 'No', '', 'No', '', 'No', '', 'No', 'No', 'No', 3), 
(13, 3, 'country', 6, 'mod_country', 'mc', 47, 'eStatus', 'Both', 'Table', 0, '', 'mc.eStatus', '', '', 'mc_status', 'Status', 'Yes', 'No', 'ASC', 'Yes', 'Center', 'No', 'Yes', 'No', '', 'No', '', '', 150, 'No', 'No', '', 'No', '', 'No', '', 'No', '', 'No', '', 'No', 'No', 'No', 5), 
(14, 4, 'state', 11, 'mod_state', 'ms', 81, 'vState', 'Both', 'Table', 0, '', 'ms.vState', '', '', 'ms_state', 'State', 'Yes', 'Yes', 'ASC', 'Yes', 'Left', 'Yes', 'Yes', 'No', '', 'No', '', '', 200, 'No', 'No', '', 'No', '', 'No', '', 'No', '', 'No', '', 'No', 'No', 'No', 1), 
(15, 4, 'state', 11, 'mod_state', 'ms', 82, 'vStateCode', 'Both', 'Table', 0, '', 'ms.vStateCode', '', '', 'ms_state_code', 'State Code', 'Yes', 'No', 'ASC', 'Yes', 'Left', 'No', 'Yes', 'No', '', 'No', '', '', 150, 'No', 'No', '', 'No', '', 'No', '', 'No', '', 'No', '', 'No', 'No', 'No', 3), 
(16, 4, 'state', 11, 'mod_state', 'ms', 84, 'vCountryCode', 'Both', 'Table', 0, '', 'ms.vCountryCode', '', '', 'ms_country_code', 'Country Code', 'Yes', 'No', 'ASC', 'Yes', 'Left', 'No', 'Yes', 'No', '', 'No', '', '', 150, 'No', 'No', '', 'No', '', 'No', '', 'No', '', 'No', '', 'No', 'No', 'No', 4), 
(17, 4, 'state', 11, 'mod_state', 'ms', 85, 'eStatus', 'Both', 'Table', 0, '', 'ms.eStatus', '', '', 'ms_status', 'Status', 'Yes', 'No', 'ASC', 'Yes', 'Center', 'No', 'Yes', 'No', '', 'No', '', '', 150, 'No', 'No', '', 'No', '', 'No', '', 'No', '', 'No', '', 'No', 'No', 'No', 5), 
(18, 4, 'state', 6, 'mod_country', 'mc', 43, 'vCountry', 'Both', 'Table', 0, '', 'mc.vCountry', '', '', 'mc_country', 'Country', 'Yes', 'No', 'ASC', 'Yes', 'Left', 'No', 'Yes', 'No', '', 'No', '', '', 200, 'No', 'No', '', 'No', '', 'No', '', 'No', '', 'No', '', 'No', 'No', 'No', 2), 
(19, 5, 'systememails', 16, 'mod_system_email', 'mse', 143, 'vEmailTitle', 'Both', 'Table', 0, '', 'mse.vEmailTitle', '', '', 'mse_email_title', 'Email Title', 'Yes', 'Yes', 'ASC', 'Yes', 'Left', 'Yes', 'Yes', 'No', '', 'No', '', '', 250, 'No', 'No', '', 'No', '', 'No', '', 'No', '', 'No', '', 'No', 'No', 'No', 1), 
(20, 5, 'systememails', 16, 'mod_system_email', 'mse', 142, 'vEmailCode', 'Both', 'Table', 0, '', 'mse.vEmailCode', '', '', 'mse_email_code', 'Email Code', 'Yes', 'No', 'ASC', 'Yes', 'Left', 'No', 'Yes', 'No', '', 'No', '', '', 200, 'No', 'No', '', 'No', '', 'No', '', 'No', '', 'No', '', 'No', 'No', 'No', 2), 
(21, 5, 'systememails', 16, 'mod_system_email', 'mse', 144, 'vFromName', 'Both', 'Table', 0, '', 'mse.vFromName', '', '', 'mse_from_name', 'From Name', 'Yes', 'No', 'ASC', 'Yes', 'Left', 'No', 'Yes', 'No', '', 'No', '', '', 150, 'No', 'No', '', 'No', '', 'No', '', 'No', '', 'No', '', 'No', 'No', 'No', 3), 
(22, 5, 'systememails', 16, 'mod_system_email', 'mse', 151, 'eStatus', 'Both', 'Table', 0, '', 'mse.eStatus', '', '', 'mse_status', 'Status', 'Yes', 'No', 'ASC', 'Yes', 'Center', 'No', 'Yes', 'No', '', 'No', '', '', 150, 'No', 'No', '', 'No', '', 'No', '', 'No', '', 'No', '', 'No', 'No', 'No', 4), 
(26, 7, 'loghistory', 3, 'mod_admin', 'ma', 9, 'vName', 'Both', 'Table', 0, '', 'ma.vName', '', '', 'ma_name', 'Name', 'Yes', 'No', 'ASC', 'Yes', 'Left', 'No', 'Yes', 'No', '', 'No', '', '', 200, 'No', 'No', '', 'No', '', 'No', '', 'No', '', 'No', '', 'No', 'No', 'No', 1), 
(27, 7, 'loghistory', 15, 'mod_log_history', 'mlh', 135, 'vIP', 'Both', 'Table', 0, '', 'mlh.vIP', '', '', 'mlh_i_p', 'IP Address', 'Yes', 'No', 'ASC', 'Yes', 'Left', 'No', 'Yes', 'No', '', 'No', '', '', 150, 'No', 'No', '', 'No', '', 'No', '', 'No', '', 'No', '', 'No', 'No', 'No', 2), 
(28, 7, 'loghistory', 15, 'mod_log_history', 'mlh', 137, 'dLoginDate', 'Both', 'Table', 0, '', 'mlh.dLoginDate', '', '', 'mlh_login_date', 'Login Date', 'Yes', 'No', 'ASC', 'Yes', 'Left', 'No', 'Yes', 'No', '', 'No', '', '', 200, 'No', 'No', '', 'No', '', 'No', '', 'No', '', 'No', '', 'No', 'No', 'No', 3), 
(29, 7, 'loghistory', 15, 'mod_log_history', 'mlh', 140, 'dLogoutDate', 'Both', 'Table', 0, '', 'mlh.dLogoutDate', '', '', 'mlh_logout_date', 'Logout Date', 'Yes', 'No', 'ASC', 'Yes', 'Left', 'No', 'Yes', 'No', '', 'No', '', '', 200, 'No', 'No', '', 'No', '', 'No', '', 'No', '', 'No', '', 'No', 'No', 'No', 4), 
(30, 8, 'staticpages', 9, 'mod_page_settings', 'mps', 58, 'vPageTitle', 'Both', 'Table', 0, '', 'mps.vPageTitle', '', '', 'mps_page_title', 'Page Title', 'Yes', 'No', 'ASC', 'Yes', 'Left', 'Yes', 'Yes', 'No', '', 'No', '', '', 900, 'No', 'No', '', 'No', '', 'No', '', 'No', '', 'No', '', 'No', 'No', 'No', 1), 
(31, 3, 'country', 0, '', '', 0, '', 'Both', 'Custom', 1, 'Query', 'SELECT COUNT(*) AS tot FROM `mod_state` WHERE iCountryId = mc.iCountryId', '', '', 'sys_no_of_states', 'Number Of States', 'Yes', 'No', 'ASC', 'No', 'Center', 'No', 'Yes', 'No', '', 'No', '', '', 150, 'No', 'Yes', 'a:3:{s:10:"enableview";s:2:"No";s:10:"enablegrid";s:3:"Yes";s:4:"grid";a:7:{s:8:"moduleid";s:1:"4";s:8:"relfield";s:10:"iCountryId";s:8:"curfield";s:13:"mc.iCountryId";s:14:"extraCondition";s:0:"";s:8:"curalias";s:13:"mc_iCountryId";s:4:"type";s:6:"Simple";s:5:"popup";s:2:"No";}}', 'No', '', 'No', '', 'No', '', 'No', '', 'No', 'No', 'No', 4);


-- --------------------------------------------------------

--
-- Table structure for table `sys_module_more_relations`
--
DROP TABLE IF EXISTS `sys_module_more_relations`;

CREATE TABLE `sys_module_more_relations` (
  `iModuleExtraId` int(11) NOT NULL AUTO_INCREMENT,
  `iModuleId` int(11) NOT NULL,
  `vModuleName` varchar(500) NOT NULL,
  `iOthModuleId` int(11) NOT NULL,
  `vOthModuleName` varchar(500) NOT NULL,
  `vCurrentFieldName` varchar(500) NOT NULL,
  `vReferFieldName` varchar(500) NOT NULL,
  `vMoreExtraCondition` text NOT NULL,
  `eExtraType` enum('Subgrid','View','Detail','Delete') NOT NULL,
  `ePrintModule` enum('Yes','No') NOT NULL DEFAULT 'No',
  `ePopup` enum('Yes','No') NOT NULL DEFAULT 'No',
  `eListView` enum('Yes','No') NOT NULL,
  `eAdvancedGrid` enum('Yes','No') NOT NULL DEFAULT 'Yes',
  `eNestedGrid` enum('Yes','No') NOT NULL DEFAULT 'No',
  `tLayoutHTML` longtext NOT NULL,
  `vFunction` varchar(500) NOT NULL,
  PRIMARY KEY (`iModuleExtraId`),
  KEY `iModuleId` (`iModuleId`),
  KEY `iModuleId_2` (`iModuleId`),
  KEY `iModuleId_3` (`iModuleId`)
) ENGINE=InnoDB AUTO_INCREMENT=3 DEFAULT CHARSET=utf8;



-- --------------------------------------------------------

--
-- Table structure for table `sys_module_refer_relations`
--
DROP TABLE IF EXISTS `sys_module_refer_relations`;

CREATE TABLE `sys_module_refer_relations` (
  `iModuleReferId` int(11) NOT NULL AUTO_INCREMENT,
  `vReferText` varchar(500) NOT NULL,
  `iModuleId` int(11) NOT NULL,
  `vModuleName` varchar(500) NOT NULL,
  `iReferModuleId` int(11) NOT NULL,
  `vReferModuleName` varchar(500) NOT NULL,
  `vCurrentFieldName` varchar(500) NOT NULL,
  `vReferFieldName` varchar(500) NOT NULL,
  `eRecordDelete` enum('Yes','No') NOT NULL DEFAULT 'Yes',
  `eRecordEdit` enum('Yes','No') DEFAULT 'Yes',
  `eModuleTab` enum('Yes','No') NOT NULL DEFAULT 'Yes',
  `eAddMore` enum('Yes','No') NOT NULL DEFAULT 'Yes',
  `eAddPopup` enum('Yes','No') NOT NULL DEFAULT 'No',
  `eLayout` enum('Row','Column') NOT NULL DEFAULT 'Row',
  `ePrintModule` enum('Yes','No') NOT NULL DEFAULT 'No',
  `vReferExtraCondition` text NOT NULL,
  `vFieldPlacement` text NOT NULL,
  `iReferOrder` int(11) NOT NULL DEFAULT '1',
  PRIMARY KEY (`iModuleReferId`),
  KEY `iModuleId` (`iModuleId`),
  KEY `iModuleId_2` (`iModuleId`),
  KEY `iModuleId_3` (`iModuleId`)
) ENGINE=InnoDB AUTO_INCREMENT=2 DEFAULT CHARSET=utf8;


--
-- Dumping data for table `sys_module_refer_relations`
--

INSERT INTO `sys_module_refer_relations` (`iModuleReferId`, `vReferText`, `iModuleId`, `vModuleName`, `iReferModuleId`, `vReferModuleName`, `vCurrentFieldName`, `vReferFieldName`, `eRecordDelete`, `eRecordEdit`, `eModuleTab`, `eAddMore`, `eAddPopup`, `eLayout`, `ePrintModule`, `vReferExtraCondition`, `vFieldPlacement`, `iReferOrder`) VALUES 
(1, 'State', 3, 'country', 4, 'state', 'iCountryId', 'iCountryId', 'No', 'Yes', 'Yes', 'Yes', 'No', 'Row', 'No', '', 'a:1:{s:5:"width";N;}', 1);


-- --------------------------------------------------------

--
-- Table structure for table `sys_module_relation_tables`
--
DROP TABLE IF EXISTS `sys_module_relation_tables`;

CREATE TABLE `sys_module_relation_tables` (
  `iModuleTableId` int(11) NOT NULL AUTO_INCREMENT,
  `iModuleId` int(11) NOT NULL,
  `vModuleName` varchar(500) NOT NULL,
  `eJoinType` enum('Left','Right','Normal') NOT NULL DEFAULT 'Left',
  `iRelTableId` int(11) NOT NULL,
  `vRelTableName` varchar(500) NOT NULL,
  `vRelTableAlias` varchar(500) NOT NULL,
  `vRelFieldName` varchar(500) NOT NULL,
  `iCurrTableId` int(11) NOT NULL,
  `vCurrTableName` varchar(500) NOT NULL,
  `vCurrTableAlias` varchar(500) NOT NULL,
  `vCurrFieldName` varchar(500) NOT NULL,
  `vJoinCondition` text NOT NULL,
  `vExtraJoinCondition` text NOT NULL,
  `eRelationType` enum('One-One','One-Many','Many-Many','Many-One') NOT NULL DEFAULT 'Many-One',
  `eInlineAdd` enum('Yes','No') NOT NULL DEFAULT 'No',
  `vRelationPrimaryKey` varchar(500) NOT NULL,
  `iTableOrder` int(11) NOT NULL,
  PRIMARY KEY (`iModuleTableId`),
  KEY `iModuleId` (`iModuleId`),
  KEY `iModuleId_2` (`iModuleId`),
  KEY `iModuleId_3` (`iModuleId`)
) ENGINE=InnoDB AUTO_INCREMENT=5 DEFAULT CHARSET=utf8;


--
-- Dumping data for table `sys_module_relation_tables`
--

INSERT INTO `sys_module_relation_tables` (`iModuleTableId`, `iModuleId`, `vModuleName`, `eJoinType`, `iRelTableId`, `vRelTableName`, `vRelTableAlias`, `vRelFieldName`, `iCurrTableId`, `vCurrTableName`, `vCurrTableAlias`, `vCurrFieldName`, `vJoinCondition`, `vExtraJoinCondition`, `eRelationType`, `eInlineAdd`, `vRelationPrimaryKey`, `iTableOrder`) VALUES 
(1, 1, 'admin', 'Left', 7, 'mod_group_master', 'mgm', 'iGroupId', 3, 'mod_admin', 'ma', 'iGroupId', 'mgm.iGroupId = ma.iGroupId', '', 'Many-One', 'No', 'iGroupId', 1), 
(2, 4, 'state', 'Left', 6, 'mod_country', 'mc', 'iCountryId', 11, 'mod_state', 'ms', 'iCountryId', 'mc.iCountryId = ms.iCountryId', '', 'Many-One', 'No', 'iCountryId', 1), 
(4, 7, 'loghistory', 'Left', 3, 'mod_admin', 'ma', 'iAdminId', 15, 'mod_log_history', 'mlh', 'iUserId', 'ma.iAdminId = mlh.iUserId', 'mlh.eUserType = ''Admin''', 'Many-One', 'No', 'iAdminId', 1);


-- --------------------------------------------------------

--
-- Table structure for table `sys_module_settings`
--
DROP TABLE IF EXISTS `sys_module_settings`;

CREATE TABLE `sys_module_settings` (
  `iModuleId` int(11) NOT NULL AUTO_INCREMENT,
  `vModuleName` varchar(500) NOT NULL,
  `vFolderName` varchar(100) NOT NULL,
  `vModuleHeading` varchar(500) NOT NULL,
  `eModuleTemplate` enum('Standard','Split View','3 Blocks View','4 Blocks View','Custom View','2 Column View','3 Column View') NOT NULL,
  `vTemplateSettings` text NOT NULL,
  `iHBTableId` int(11) NOT NULL,
  `vTableName` varchar(500) NOT NULL,
  `vTableAlias` varchar(500) NOT NULL,
  `vPrimaryKey` varchar(500) NOT NULL,
  `vPrimaryAlias` varchar(500) NOT NULL,
  `vUniqueField` text NOT NULL,
  `vSwitchTo` text NOT NULL,
  `vStatusField` varchar(500) NOT NULL,
  `vDefaultSortingAttr` text NOT NULL,
  `eDefaultSorting` enum('Yes','No') NOT NULL DEFAULT 'No',
  `vExtraCondition` text NOT NULL,
  `vGroupBy` text NOT NULL,
  `eAddPopup` enum('Yes','No') NOT NULL DEFAULT 'No',
  `eEditPopup` enum('Yes','No') NOT NULL DEFAULT 'No',
  `ePhyDeleteRec` enum('Yes','No') NOT NULL DEFAULT 'Yes',
  `eDisableInlineEdit` enum('Yes','No') NOT NULL DEFAULT 'No',
  `eHideAddBtn` enum('No','Yes') NOT NULL DEFAULT 'No',
  `eHideDelBtn` enum('No','Yes') NOT NULL DEFAULT 'No',
  `eHideStatusBtn` enum('No','Yes') NOT NULL DEFAULT 'No',
  `eHideExportBtn` enum('No','Yes') NOT NULL DEFAULT 'No',
  `eHideSearchTool` enum('Yes','No') NOT NULL DEFAULT 'No',
  `eHideAdvanceSearch` enum('Yes','No') NOT NULL DEFAULT 'No',
  `eShowLeftSearch` enum('Yes','No') NOT NULL DEFAULT 'No',
  `vLeftSearchAttr` text NOT NULL,
  `eWidthType` enum('Auto','Pixels') NOT NULL DEFAULT 'Auto',
  `eRowColors` enum('Yes','No') NOT NULL DEFAULT 'No',
  `vColorAttr` text NOT NULL,
  `eInlineAddRec` enum('Yes','No') NOT NULL DEFAULT 'No',
  `eRecPosition` enum('Top','Bottom') NOT NULL DEFAULT 'Top',
  `eInlineEditForm` enum('Yes','No') NOT NULL DEFAULT 'No',
  `eHideMultiSelect` enum('Yes','No') NOT NULL DEFAULT 'No',
  `eHidePaging` enum('Yes','No') NOT NULL DEFAULT 'No',
  `eHideRefresh` enum('Yes','No') NOT NULL DEFAULT 'No',
  `eCustomAddEdit` enum('No','Yes') NOT NULL DEFAULT 'No',
  `vCustomAddEditUrl` varchar(500) NOT NULL,
  `vBeforeFunction` varchar(500) NOT NULL,
  `eBeforeExecute` enum('Both','Add','Update') NOT NULL DEFAULT 'Both',
  `eBeforeType` enum('general','webservice') NOT NULL DEFAULT 'general',
  `vBeforeAttr` text NOT NULL,
  `vAfterFunction` varchar(500) NOT NULL,
  `eAfterExecute` enum('Both','Add','Update') NOT NULL DEFAULT 'Both',
  `eAfterType` enum('general','webservice') NOT NULL DEFAULT 'general',
  `vAfterAttr` text NOT NULL,
  `vDeleteFunction` varchar(500) NOT NULL,
  `eDeleteType` enum('general','webservice') NOT NULL DEFAULT 'general',
  `vDeleteAttr` text NOT NULL,
  `eGrouping` enum('Yes','No') NOT NULL DEFAULT 'No',
  `vGroupingAttr` text NOT NULL,
  `iDashBoardPageId` int(11) NOT NULL,
  `vDashBoardPage` varchar(500) NOT NULL,
  `eDashBoardPos` enum('Left','Right') NOT NULL DEFAULT 'Right',
  `eSearchCategory` enum('Simple','Group') NOT NULL DEFAULT 'Simple',
  `eDefaultFilter` enum('Yes','No') NOT NULL DEFAULT 'No',
  `vDefaultFilterAttr` text NOT NULL,
  `ePrinting` enum('Yes','No') NOT NULL DEFAULT 'No',
  `tPrintingHTML` longtext NOT NULL,
  `vCSSFileName` varchar(500) NOT NULL,
  `vJSFileName` varchar(500) NOT NULL,
  `vCSSGridFile` varchar(500) NOT NULL,
  `vJSGridFile` varchar(500) NOT NULL,
  `vJSSubmitFunction` varchar(500) NOT NULL,
  `eAddBulkMail` enum('Yes','No') NOT NULL DEFAULT 'No',
  `eAddPushNotify` enum('Yes','No') NOT NULL DEFAULT 'No',
  `eHideColumns` enum('Yes','No') NOT NULL DEFAULT 'No',
  `vDateWiseFilter` varchar(255) DEFAULT NULL,
  `vDateWiseAttr` text,
  `eGridViewList` enum('Yes','No') NOT NULL DEFAULT 'No',
  `eDefaultViewList` enum('List View','Grid View','Table View') DEFAULT 'Table View',
  `vListViewAttr` text,
  `vGridViewAttr` text NOT NULL,
  `eListButtonShow` enum('Yes','No') DEFAULT 'No',
  `vListButtonAttr` text NOT NULL,
  `eFormButtonShow` enum('Yes','No') DEFAULT 'No',
  `vFormButtonAttr` text NOT NULL,
  `eCondCoding` enum('Yes','No') DEFAULT 'No',
  `vCondCodingAttr` text,
  `tPopulateDataJSON` text NOT NULL,
  `eTrackNavigation` enum('Yes','No') NOT NULL DEFAULT 'Yes',
  `tModuleHelp` text NOT NULL,
  `eMultiLangModule` enum('No','Yes') NOT NULL DEFAULT 'No',
  `eStatus` enum('Active','Inactive') NOT NULL DEFAULT 'Active',
  PRIMARY KEY (`iModuleId`),
  KEY `vModuleName` (`vModuleName`(255)),
  KEY `vModuleName_2` (`vModuleName`(255)),
  KEY `vModuleName_3` (`vModuleName`(255))
) ENGINE=InnoDB AUTO_INCREMENT=9 DEFAULT CHARSET=utf8;


--
-- Dumping data for table `sys_module_settings`
--

INSERT INTO `sys_module_settings` (`iModuleId`, `vModuleName`, `vFolderName`, `vModuleHeading`, `eModuleTemplate`, `vTemplateSettings`, `iHBTableId`, `vTableName`, `vTableAlias`, `vPrimaryKey`, `vPrimaryAlias`, `vUniqueField`, `vSwitchTo`, `vStatusField`, `vDefaultSortingAttr`, `eDefaultSorting`, `vExtraCondition`, `vGroupBy`, `eAddPopup`, `eEditPopup`, `ePhyDeleteRec`, `eDisableInlineEdit`, `eHideAddBtn`, `eHideDelBtn`, `eHideStatusBtn`, `eHideExportBtn`, `eHideSearchTool`, `eHideAdvanceSearch`, `eShowLeftSearch`, `vLeftSearchAttr`, `eWidthType`, `eRowColors`, `vColorAttr`, `eInlineAddRec`, `eRecPosition`, `eInlineEditForm`, `eHideMultiSelect`, `eHidePaging`, `eHideRefresh`, `eCustomAddEdit`, `vCustomAddEditUrl`, `vBeforeFunction`, `eBeforeExecute`, `eBeforeType`, `vBeforeAttr`, `vAfterFunction`, `eAfterExecute`, `eAfterType`, `vAfterAttr`, `vDeleteFunction`, `eDeleteType`, `vDeleteAttr`, `eGrouping`, `vGroupingAttr`, `iDashBoardPageId`, `vDashBoardPage`, `eDashBoardPos`, `eSearchCategory`, `eDefaultFilter`, `vDefaultFilterAttr`, `ePrinting`, `tPrintingHTML`, `vCSSFileName`, `vJSFileName`, `vCSSGridFile`, `vJSGridFile`, `vJSSubmitFunction`, `eAddBulkMail`, `eAddPushNotify`, `eHideColumns`, `vDateWiseFilter`, `vDateWiseAttr`, `eGridViewList`, `eDefaultViewList`, `vListViewAttr`, `vGridViewAttr`, `eListButtonShow`, `vListButtonAttr`, `eFormButtonShow`, `vFormButtonAttr`, `eCondCoding`, `vCondCodingAttr`, `tPopulateDataJSON`, `eTrackNavigation`, `tModuleHelp`, `eMultiLangModule`, `eStatus`) VALUES 
(1, 'admin', 'user', 'Admin', 'Standard', 'a:2:{s:4:"cols";i:1;s:4:"rows";a:1:{i:1;a:1:{s:3:"tot";i:1;}}}', 3, 'mod_admin', 'ma', 'iAdminId', 'ma_admin_id', 'a:2:{s:4:"list";a:2:{i:0;s:6:"vEmail";i:1;s:9:"vUserName";}s:9:"separator";s:2:"||";}', 'a:3:{s:4:"list";a:1:{i:0;a:3:{s:10:"vTableName";s:9:"mod_admin";s:11:"vTableAlias";s:2:"ma";s:10:"vFieldName";s:5:"vName";}}s:9:"separator";a:1:{i:0;s:0:"";}s:5:"field";a:1:{i:0;s:1:"9";}}', 'eStatus', '', 'No', '', 'a:0:{}', 'No', 'No', 'Yes', 'No', 'No', 'No', 'No', 'No', 'No', 'No', 'Yes', 'a:2:{s:14:"mgm_group_name";a:5:{s:11:"field_order";s:1:"1";s:10:"data_order";s:3:"ASC";s:8:"data_set";s:8:"existing";s:10:"data_range";s:2:"No";s:11:"range_value";a:0:{}}s:9:"ma_status";a:5:{s:11:"field_order";s:1:"2";s:10:"data_order";s:3:"ASC";s:8:"data_set";s:8:"existing";s:10:"data_range";s:2:"No";s:11:"range_value";a:0:{}}}', 'Auto', 'No', '', 'No', 'Top', 'No', 'No', 'No', 'No', 'No', '', '', 'Both', 'general', '', '', 'Both', 'general', '', '', 'general', '', 'No', '', 0, '', 'Right', 'Simple', 'No', '', 'No', '', '', '', '', '', '', 'No', 'No', 'No', NULL, NULL, 'No', NULL, NULL, '', 'No', '', 'No', '', 'No', NULL, '', 'Yes', '', 'No', 'Active'), 
(2, 'group', 'user', 'Group', 'Standard', 'a:2:{s:4:"cols";i:1;s:4:"rows";a:1:{i:1;a:1:{s:3:"tot";i:1;}}}', 7, 'mod_group_master', 'mgm', 'iGroupId', 'mgm_group_id', 'a:2:{s:4:"list";a:1:{i:0;s:10:"vGroupCode";}s:9:"separator";s:2:"&&";}', 'a:3:{s:4:"list";a:1:{i:0;a:3:{s:10:"vTableName";s:16:"mod_group_master";s:11:"vTableAlias";s:3:"mgm";s:10:"vFieldName";s:10:"vGroupName";}}s:9:"separator";a:1:{i:0;s:0:"";}s:5:"field";a:1:{i:0;s:2:"49";}}', 'eStatus', '', 'No', '', 'a:0:{}', 'No', 'No', 'Yes', 'No', 'No', 'No', 'No', 'No', 'No', 'No', 'No', '', 'Auto', 'No', '', 'No', 'Top', 'No', 'No', 'No', 'No', 'Yes', 'user/group/add', '', 'Both', 'general', '', '', 'Both', 'general', '', '', 'general', '', 'No', '', 0, '', 'Right', 'Simple', 'No', '', 'No', '', '', '', '', '', '', 'No', 'No', 'No', NULL, NULL, 'No', NULL, NULL, '', 'No', '', 'No', '', 'No', NULL, '', 'Yes', '', 'No', 'Active'), 
(3, 'country', 'tools', 'Country', 'Standard', 'a:2:{s:4:"cols";i:1;s:4:"rows";a:1:{i:1;a:1:{s:3:"tot";i:1;}}}', 6, 'mod_country', 'mc', 'iCountryId', 'mc_country_id', 'a:2:{s:4:"list";a:1:{i:0;s:12:"vCountryCode";}s:9:"separator";s:2:"&&";}', 'a:3:{s:4:"list";a:1:{i:0;a:3:{s:10:"vTableName";s:11:"mod_country";s:11:"vTableAlias";s:2:"mc";s:10:"vFieldName";s:8:"vCountry";}}s:9:"separator";a:1:{i:0;s:0:"";}s:5:"field";a:1:{i:0;s:2:"43";}}', 'eStatus', '', 'No', '', 'a:0:{}', 'No', 'No', 'Yes', 'No', 'No', 'No', 'No', 'No', 'No', 'No', 'No', '', 'Auto', 'No', '', 'No', 'Top', 'No', 'No', 'No', 'No', 'No', '', '', 'Both', 'general', '', '', 'Both', 'general', '', '', 'general', '', 'No', '', 0, '', 'Right', 'Simple', 'No', '', 'No', '', '', '', '', '', '', 'No', 'No', 'No', NULL, NULL, 'No', NULL, NULL, '', 'No', '', 'No', '', 'No', NULL, '', 'Yes', '', 'No', 'Active'), 
(4, 'state', 'tools', 'State', 'Standard', 'a:2:{s:4:"cols";i:1;s:4:"rows";a:1:{i:1;a:1:{s:3:"tot";i:1;}}}', 11, 'mod_state', 'ms', 'iStateId', 'ms_state_id', 'a:2:{s:4:"list";a:2:{i:0;s:10:"vStateCode";i:1;s:10:"iCountryId";}s:9:"separator";s:2:"&&";}', 'a:3:{s:4:"list";a:2:{i:0;a:3:{s:10:"vTableName";s:9:"mod_state";s:11:"vTableAlias";s:2:"ms";s:10:"vFieldName";s:6:"vState";}i:1;a:3:{s:10:"vTableName";s:11:"mod_country";s:11:"vTableAlias";s:2:"mc";s:10:"vFieldName";s:12:"vCountryCode";}}s:9:"separator";a:2:{i:0;s:2:" [";i:1;s:1:"]";}s:5:"field";a:2:{i:0;s:2:"81";i:1;s:2:"44";}}', 'eStatus', '', 'No', '', 'a:0:{}', 'No', 'No', 'Yes', 'No', 'No', 'No', 'No', 'No', 'No', 'No', 'No', '', 'Auto', 'No', '', 'No', 'Top', 'No', 'No', 'No', 'No', 'No', '', '', 'Both', 'general', '', '', 'Both', 'general', '', '', 'general', '', 'Yes', 'a:9:{s:5:"field";s:10:"mc_country";s:5:"order";s:3:"asc";s:9:"headerPre";s:0:"";s:10:"headerPost";s:0:"";s:12:"headerTotPre";s:11:"- States - ";s:13:"headerTotPost";s:0:"";s:6:"column";s:2:"No";s:7:"summary";s:3:"Yes";s:8:"collapse";s:2:"No";}', 0, '', 'Right', 'Simple', 'No', '', 'No', '', '', '', '', '', '', 'No', 'No', 'No', NULL, NULL, 'No', NULL, NULL, '', 'No', '', 'No', '', 'No', NULL, '', 'Yes', '', 'No', 'Active'), 
(5, 'systememails', 'tools', 'System Emails', 'Standard', 'a:2:{s:4:"cols";i:1;s:4:"rows";a:1:{i:1;a:1:{s:3:"tot";i:1;}}}', 16, 'mod_system_email', 'mse', 'iEmailTemplateId', 'mse_email_template_id', 'a:2:{s:4:"list";a:1:{i:0;s:10:"vEmailCode";}s:9:"separator";s:2:"&&";}', 'a:3:{s:4:"list";a:1:{i:0;a:3:{s:10:"vTableName";s:16:"mod_system_email";s:11:"vTableAlias";s:3:"mse";s:10:"vFieldName";s:11:"vEmailTitle";}}s:9:"separator";a:1:{i:0;s:0:"";}s:5:"field";a:1:{i:0;s:3:"143";}}', 'eStatus', '', 'No', '', 'a:0:{}', 'No', 'No', 'Yes', 'No', 'No', 'No', 'No', 'No', 'No', 'No', 'No', '', 'Auto', 'No', '', 'No', 'Top', 'No', 'No', 'No', 'No', 'Yes', 'tools/systememails/add', '', 'Both', 'general', '', '', 'Both', 'general', '', '', 'general', '', 'No', '', 0, '', 'Right', 'Simple', 'No', '', 'No', '', '', '', '', '', '', 'No', 'No', 'No', NULL, NULL, 'No', NULL, NULL, '', 'No', '', 'No', '', 'No', NULL, '', 'Yes', '', 'No', 'Active'), 
(7, 'loghistory', 'user', 'Log History', 'Standard', 'a:2:{s:4:"cols";i:1;s:4:"rows";a:1:{i:1;a:1:{s:3:"tot";i:1;}}}', 15, 'mod_log_history', 'mlh', 'iLogId', 'mlh_log_id', '', '', 'eUserType', '', 'No', '', 'a:0:{}', 'No', 'No', 'Yes', 'Yes', 'Yes', 'Yes', 'Yes', 'No', 'No', 'No', 'No', '', 'Auto', 'No', '', 'No', 'Top', 'No', 'No', 'No', 'No', 'No', '', '', 'Both', 'general', '', '', 'Both', 'general', '', '', 'general', '', 'Yes', 'a:9:{s:5:"field";s:7:"ma_name";s:5:"order";s:3:"asc";s:9:"headerPre";s:0:"";s:10:"headerPost";s:0:"";s:12:"headerTotPre";s:11:" - Total - ";s:13:"headerTotPost";s:0:"";s:6:"column";s:2:"No";s:7:"summary";s:3:"Yes";s:8:"collapse";s:2:"No";}', 0, '', 'Right', 'Simple', 'No', '', 'No', '', '', '', '', '', '', 'No', 'No', 'No', NULL, NULL, 'No', NULL, NULL, '', 'No', '', 'No', '', 'No', NULL, '', 'Yes', '', 'No', 'Active'), 
(8, 'staticpages', 'tools', 'Static Pages', 'Standard', 'a:2:{s:4:"cols";i:1;s:4:"rows";a:1:{i:1;a:1:{s:3:"tot";i:1;}}}', 9, 'mod_page_settings', 'mps', 'iPageId', 'mps_page_id', 'a:2:{s:4:"list";a:1:{i:0;s:9:"vPageCode";}s:9:"separator";s:2:"&&";}', 'a:3:{s:4:"list";a:1:{i:0;a:3:{s:10:"vTableName";s:17:"mod_page_settings";s:11:"vTableAlias";s:3:"mps";s:10:"vFieldName";s:10:"vPageTitle";}}s:9:"separator";a:1:{i:0;s:0:"";}s:5:"field";a:1:{i:0;s:2:"58";}}', 'eStatus', '', 'No', '', 'a:0:{}', 'No', 'No', 'Yes', 'No', 'Yes', 'Yes', 'Yes', 'Yes', 'No', 'No', 'No', '', 'Auto', 'No', '', 'No', 'Top', 'No', 'No', 'No', 'No', 'Yes', 't-ajax_admin_static_pages', '', 'Both', 'general', '', '', 'Both', 'general', '', '', 'general', '', 'No', '', 0, '', 'Right', 'Simple', 'No', '', 'No', '', '', '', '', '', '', 'No', 'No', 'No', NULL, NULL, 'No', NULL, NULL, '', 'No', '', 'No', '', 'No', NULL, '', 'Yes', '', 'No', 'Active');


-- --------------------------------------------------------

--
-- Table structure for table `sys_module_work_flow`
--
DROP TABLE IF EXISTS `sys_module_work_flow`;

CREATE TABLE `sys_module_work_flow` (
  `iWorkFlowId` int(11) NOT NULL AUTO_INCREMENT,
  `vWorkFlowName` varchar(500) NOT NULL,
  `vWorkFlowCode` varchar(500) NOT NULL,
  `iModuleId` int(11) NOT NULL,
  `vModuleName` varchar(500) NOT NULL,
  `vFlowModuleList` text NOT NULL,
  `iFlowModuleId` int(11) NOT NULL,
  `vFlowModuleName` varchar(500) NOT NULL,
  `vFlowSettingsAttr` text NOT NULL,
  `tComments` text NOT NULL,
  `eStatus` enum('Active','Inactive') NOT NULL DEFAULT 'Active',
  PRIMARY KEY (`iWorkFlowId`),
  KEY `iModuleId` (`iModuleId`),
  KEY `iFlowModuleId` (`iFlowModuleId`)
) ENGINE=InnoDB DEFAULT CHARSET=utf8;



-- --------------------------------------------------------

--
-- Table structure for table `sys_relations`
--
DROP TABLE IF EXISTS `sys_relations`;

CREATE TABLE `sys_relations` (
  `iRelationId` int(11) NOT NULL AUTO_INCREMENT,
  `vConstraintName` varchar(500) NOT NULL,
  `iFieldId` int(11) NOT NULL,
  `vFieldName` varchar(500) NOT NULL,
  `iTableId` int(11) NOT NULL,
  `vTableName` varchar(500) NOT NULL,
  `iRelFieldId` int(11) NOT NULL,
  `vRelFieldName` varchar(500) NOT NULL,
  `iRelTableId` int(11) NOT NULL,
  `vRelTableName` varchar(500) NOT NULL,
  `eDelete` enum('CASCADE','SET NULL','NO ACTION','RESTRICT') NOT NULL DEFAULT 'RESTRICT',
  `eUpdate` enum('CASCADE','SET NULL','NO ACTION','RESTRICT') NOT NULL DEFAULT 'RESTRICT',
  `eVirtual` enum('Yes','No') NOT NULL DEFAULT 'Yes',
  `ePhysical` enum('Yes','No') NOT NULL DEFAULT 'Yes',
  PRIMARY KEY (`iRelationId`)
) ENGINE=InnoDB DEFAULT CHARSET=utf8;



-- --------------------------------------------------------

--
-- Table structure for table `sys_sqlite_records`
--
DROP TABLE IF EXISTS `sys_sqlite_records`;

CREATE TABLE `sys_sqlite_records` (
  `iSQLiteRecId` bigint(20) NOT NULL AUTO_INCREMENT,
  `iHBTableId` int(11) NOT NULL,
  `vTableName` varchar(500) NOT NULL,
  `iHBFieldId` int(11) NOT NULL,
  `vFieldName` varchar(500) NOT NULL,
  `iRecordId` int(11) NOT NULL DEFAULT '1',
  `tValue` text NOT NULL,
  `iSysRecDeleted` tinyint(5) DEFAULT '0',
  PRIMARY KEY (`iSQLiteRecId`)
) ENGINE=InnoDB DEFAULT CHARSET=utf8;



-- --------------------------------------------------------

--
-- Table structure for table `sys_table`
--
DROP TABLE IF EXISTS `sys_table`;

CREATE TABLE `sys_table` (
  `iTableId` int(10) NOT NULL AUTO_INCREMENT,
  `vTableName` varchar(255) NOT NULL,
  `vTableCode` varchar(255) NOT NULL,
  `iTotalFields` int(10) NOT NULL,
  `vPrimaryField` varchar(255) NOT NULL,
  `eStorageEngine` enum('MyISAM','InnoDB') NOT NULL DEFAULT 'MyISAM',
  `eMultiLangTable` enum('No','Yes') NOT NULL DEFAULT 'No',
  `eLangTable` enum('No','Yes') NOT NULL DEFAULT 'No',
  `eTableType` enum('Table','View') NOT NULL DEFAULT 'Table',
  PRIMARY KEY (`iTableId`),
  KEY `vTableName` (`vTableName`),
  KEY `vTableName_2` (`vTableName`),
  KEY `vTableName_3` (`vTableName`)
) ENGINE=InnoDB AUTO_INCREMENT=22 DEFAULT CHARSET=utf8;


--
-- Dumping data for table `sys_table`
--

INSERT INTO `sys_table` (`iTableId`, `vTableName`, `vTableCode`, `iTotalFields`, `vPrimaryField`, `eStorageEngine`, `eMultiLangTable`, `eLangTable`, `eTableType`) VALUES 
(3, 'mod_admin', 'mod_admin', 9, 'iAdminId', 'InnoDB', 'No', 'No', 'Table'), 
(4, 'mod_admin_menu', 'mod_admin_menu', 13, 'iAdminMenuId', 'InnoDB', 'No', 'No', 'Table'), 
(5, 'mod_city', 'mod_city', 10, 'iCityId', 'InnoDB', 'No', 'No', 'Table'), 
(6, 'mod_country', 'mod_country', 6, 'iCountryId', 'InnoDB', 'No', 'No', 'Table'), 
(7, 'mod_group_master', 'mod_group_master', 5, 'iGroupId', 'InnoDB', 'No', 'No', 'Table'), 
(8, 'mod_group_rights', 'mod_group_rights', 8, 'iGroupRightId', 'InnoDB', 'No', 'No', 'Table'), 
(9, 'mod_page_settings', 'mod_page_settings', 10, 'iPageId', 'InnoDB', 'No', 'No', 'Table'), 
(10, 'mod_setting', 'mod_setting', 15, 'vName', 'InnoDB', 'No', 'No', 'Table'), 
(11, 'mod_state', 'mod_state', 6, 'iStateId', 'InnoDB', 'No', 'No', 'Table'), 
(14, 'mod_admin_navigation_log', 'mod_admin_navigation_log', 11, 'iNavigationId', 'InnoDB', 'No', 'No', 'Table'), 
(15, 'mod_log_history', 'mod_log_history', 8, 'iLogId', 'InnoDB', 'No', 'No', 'Table'), 
(16, 'mod_system_email', 'mod_system_email', 12, 'iEmailTemplateId', 'InnoDB', 'No', 'No', 'Table'), 
(17, 'mod_system_email_vars', 'mod_system_email_vars', 4, 'iEmailVariableId', 'InnoDB', 'No', 'No', 'Table'), 
(18, 'mod_language', 'mod_language', 6, 'iLangId', 'InnoDB', 'No', 'No', 'Table'), 
(19, 'mod_setting_lang', 'mod_setting_lang', 3, '', 'InnoDB', 'No', 'No', 'Table'), 
(21, 'mod_customer', 'mod_customer', 8, 'iCustomerId', 'InnoDB', 'No', 'No', 'Table');


-- --------------------------------------------------------

--
-- Table structure for table `sys_table_info`
--
DROP TABLE IF EXISTS `sys_table_info`;

CREATE TABLE `sys_table_info` (
  `iTableInfoId` int(11) NOT NULL AUTO_INCREMENT,
  `vTableName` varchar(100) NOT NULL,
  `vComments` text NOT NULL,
  `vKeyWords` text NOT NULL,
  `vModule` varchar(500) NOT NULL,
  `dAddedDate` datetime NOT NULL,
  `dModifiedDate` datetime NOT NULL,
  `eStatus` enum('Active','Inactive') NOT NULL DEFAULT 'Active',
  PRIMARY KEY (`iTableInfoId`)
) ENGINE=InnoDB AUTO_INCREMENT=17 DEFAULT CHARSET=utf8;


--
-- Dumping data for table `sys_table_info`
--

INSERT INTO `sys_table_info` (`iTableInfoId`, `vTableName`, `vComments`, `vKeyWords`, `vModule`, `dAddedDate`, `dModifiedDate`, `eStatus`) VALUES 
(1, 'mod_admin', '', '', '', '2014-12-15 14:56:14', '2015-04-15 17:38:41', 'Active'), 
(2, 'mod_admin_menu', '', '', '', '2014-12-15 14:56:14', '2015-04-15 17:38:41', 'Active'), 
(3, 'mod_city', '', '', '', '2014-12-15 14:56:14', '2015-04-15 17:38:41', 'Active'), 
(4, 'mod_country', '', '', '', '2014-12-15 14:56:14', '2015-04-15 17:38:41', 'Active'), 
(5, 'mod_group_master', '', '', '', '2014-12-15 14:56:14', '2015-04-15 17:38:41', 'Active'), 
(6, 'mod_group_rights', '', '', '', '2014-12-15 14:56:14', '2015-04-15 17:38:41', 'Active'), 
(7, 'mod_page_settings', '', '', '', '2014-12-15 14:56:14', '2015-04-15 17:38:41', 'Active'), 
(8, 'mod_setting', '', '', '', '2014-12-15 14:56:14', '2015-04-15 17:38:41', 'Active'), 
(9, 'mod_state', '', '', '', '2014-12-15 14:56:14', '2015-04-15 17:38:41', 'Active'), 
(10, 'mod_admin_navigation_log', '', '', '', '2014-12-15 14:56:14', '2015-04-15 17:38:41', 'Active'), 
(11, 'mod_log_history', '', '', '', '2014-12-15 14:56:15', '2015-04-15 17:38:42', 'Active'), 
(12, 'mod_system_email', '', '', '', '2014-12-15 14:56:15', '2015-04-15 17:38:42', 'Active'), 
(13, 'mod_system_email_vars', '', '', '', '2014-12-15 14:56:15', '2015-04-15 17:38:42', 'Active'), 
(14, 'mod_language', '', '', '', '2014-12-15 14:56:15', '2015-04-15 17:38:42', 'Active'), 
(15, 'mod_setting_lang', '', '', '', '2014-12-15 14:56:15', '2015-04-15 17:38:42', 'Active'), 
(16, 'mod_customer', '', '', '', '2014-12-15 14:56:15', '2015-04-15 17:38:42', 'Active');


-- --------------------------------------------------------

--
-- Table structure for table `sys_table_sl`
--
DROP TABLE IF EXISTS `sys_table_sl`;

CREATE TABLE `sys_table_sl` (
  `iTableId` int(10) NOT NULL AUTO_INCREMENT,
  `vTableName` varchar(255) NOT NULL,
  `vTableCode` varchar(255) NOT NULL,
  `iTotalFields` int(10) NOT NULL,
  `vPrimaryField` varchar(255) NOT NULL,
  `eStorageEngine` enum('MyISAM','InnoDB') NOT NULL DEFAULT 'MyISAM',
  `eMultiLangTable` enum('No','Yes') NOT NULL DEFAULT 'No',
  PRIMARY KEY (`iTableId`)
) ENGINE=InnoDB DEFAULT CHARSET=utf8;



-- --------------------------------------------------------

--
-- Table structure for table `sys_ws_flow`
--
DROP TABLE IF EXISTS `sys_ws_flow`;

CREATE TABLE `sys_ws_flow` (
  `iWSFlowId` int(11) NOT NULL AUTO_INCREMENT,
  `iWSMasterId` int(11) NOT NULL,
  `vFlowLabel` varchar(500) NOT NULL,
  `tDescription` text,
  `eFlowType` enum('Query','Condition','StartLoop','EndLoop','Function','ExternalApi','NotifyEmail','PushNotify','SMS','Variable','Dictionary','Break','Continue','Custom','Finish') NOT NULL,
  `iChildTrueFlowId` int(11) NOT NULL,
  `iChildFalseFlowId` int(11) NOT NULL,
  `tSettingsJSON` longtext NOT NULL,
  `tFlowJSON` text NOT NULL,
  PRIMARY KEY (`iWSFlowId`),
  KEY `iWSMasterId` (`iWSMasterId`),
  KEY `iWSMasterId_2` (`iWSMasterId`),
  KEY `iWSMasterId_3` (`iWSMasterId`)
) ENGINE=InnoDB AUTO_INCREMENT=624 DEFAULT CHARSET=utf8;


--
-- Dumping data for table `sys_ws_flow`
--

INSERT INTO `sys_ws_flow` (`iWSFlowId`, `iWSMasterId`, `vFlowLabel`, `tDescription`, `eFlowType`, `iChildTrueFlowId`, `iChildFalseFlowId`, `tSettingsJSON`, `tFlowJSON`) VALUES 
(621, 12, 'get_admin_data', NULL, 'Query', 622, 0, '{"query":{"main_type":"Auto","query_type":"Select","custom_query":"","extra_condition":"","max_rec":"1","paging":"","rec_limit":"","result_field_param":""},"query_tables":{"table_id":"3","table_name":"mod_admin","table_alias":"ma","relation_tables":""},"query_fields":{"select_field":[{"field_id":"8","field_name":"iAdminId","table_id":"3","table_name":"mod_admin","table_alias":"ma","display_in_query":"ma.iAdminId","field_code":"ma_admin_id","function_type":"","function_name":"","dynamic_function":"","file_type":"","file_properties":""},{"field_id":"9","field_name":"vName","table_id":"3","table_name":"mod_admin","table_alias":"ma","display_in_query":"ma.vName","field_code":"ma_name","function_type":"","function_name":"","dynamic_function":"","file_type":"","file_properties":""},{"field_id":"10","field_name":"vEmail","table_id":"3","table_name":"mod_admin","table_alias":"ma","display_in_query":"ma.vEmail","field_code":"ma_email","function_type":"","function_name":"","dynamic_function":"","file_type":"","file_properties":""},{"field_id":"16","field_name":"eStatus","table_id":"3","table_name":"mod_admin","table_alias":"ma","display_in_query":"ma.eStatus","field_code":"ma_status","function_type":"","function_name":"","dynamic_function":"","file_type":"","file_properties":""}],"where_field":[{"field_id":"8","field_name":"iAdminId","table_id":"3","table_name":"mod_admin","table_alias":"ma","display_in_query":"ma.iAdminId","field_code":"admin_id","operator":"eq","and_operator":"And","sql_entry":"No","value":"{%REQUEST.admin_id%}"}],"order_field":[{"field_id":"9","field_name":"vName","table_id":"3","table_name":"mod_admin","table_alias":"ma","display_in_query":"ma.vName","field_code":"","value":"ASC"}]}}', '{"loc":"137 87","figure":null,"category":"Query","fromPort":"B","toPort":"T","extra_link":null}'), 
(622, 12, 'details_found', NULL, 'Finish', 0, 0, '{"output_fields":["ma_email","ma_status","ma_name","ma_admin_id"],"setting_fields":{"success":"1","message":"found"}}', '{"loc":"134 181","figure":null,"category":"Finish","fromPort":"B","toPort":"T","extra_link":null}');


-- --------------------------------------------------------

--
-- Table structure for table `sys_ws_master`
--
DROP TABLE IF EXISTS `sys_ws_master`;

CREATE TABLE `sys_ws_master` (
  `iWSMasterId` int(11) NOT NULL AUTO_INCREMENT,
  `vWSName` varchar(500) NOT NULL,
  `vWSFunction` varchar(500) NOT NULL,
  `vCrudTableName` varchar(255) NOT NULL,
  `tWSDesc` text NOT NULL,
  `eWSStructure` enum('Old','New') NOT NULL DEFAULT 'Old',
  `eSQLiteWS` enum('Yes','No') NOT NULL DEFAULT 'No',
  `eWSMethod` enum('GET','POST','BOTH') NOT NULL DEFAULT 'BOTH',
  `eWSType` enum('Select','Insert','Update','Delete') NOT NULL DEFAULT 'Select',
  `eWSGenerate` enum('Engine','Custom') NOT NULL,
  `tWSCode` text NOT NULL,
  `vWSURL` varchar(500) NOT NULL,
  `iWSFlowId` int(11) NOT NULL,
  `tStartJSON` text NOT NULL,
  `vExternalWSURL` varchar(1000) NOT NULL,
  `vExternalWSURLFormat` varchar(20) NOT NULL,
  `eSelectKey` enum('select','multiple') NOT NULL DEFAULT 'select',
  `vLoopingKey` varchar(255) NOT NULL,
  `vOutputParamsHTML` text NOT NULL,
  `vNewOutputParamsHTML` text NOT NULL,
  `vParentChildJSON` varchar(2500) NOT NULL,
  `vMainJSON` varchar(2500) NOT NULL,
  `eLocked` enum('No','Yes') NOT NULL DEFAULT 'No',
  `dLockActivity` datetime NOT NULL,
  `iLockedBy` int(11) NOT NULL,
  `iCreatedById` int(11) NOT NULL,
  `dAddedDate` datetime NOT NULL,
  `dModifiedDate` datetime NOT NULL,
  `eStatus` enum('Active','Inactive') NOT NULL DEFAULT 'Active',
  PRIMARY KEY (`iWSMasterId`),
  KEY `vWSFunction` (`vWSFunction`(255)),
  KEY `vWSFunction_2` (`vWSFunction`(255)),
  KEY `vWSFunction_3` (`vWSFunction`(255))
) ENGINE=InnoDB AUTO_INCREMENT=13 DEFAULT CHARSET=utf8;


--
-- Dumping data for table `sys_ws_master`
--

INSERT INTO `sys_ws_master` (`iWSMasterId`, `vWSName`, `vWSFunction`, `vCrudTableName`, `tWSDesc`, `eWSStructure`, `eSQLiteWS`, `eWSMethod`, `eWSType`, `eWSGenerate`, `tWSCode`, `vWSURL`, `iWSFlowId`, `tStartJSON`, `vExternalWSURL`, `vExternalWSURLFormat`, `eSelectKey`, `vLoopingKey`, `vOutputParamsHTML`, `vNewOutputParamsHTML`, `vParentChildJSON`, `vMainJSON`, `eLocked`, `dLockActivity`, `iLockedBy`, `iCreatedById`, `dAddedDate`, `dModifiedDate`, `eStatus`) VALUES 
(12, 'admin_list', 'admin_list', '', '', '', 'No', 'GET', 'Select', 'Engine', '', 'admin_list', 621, '{"fromPort":"B","toPort":"T","loc":"200 0"}', '', '', '', '', '', '', '', '', 'No', '0000-00-00 00:00:00', 0, 6, '2013-06-04 09:56:17', '2013-06-04 10:18:18', 'Active');


-- --------------------------------------------------------

--
-- Table structure for table `sys_ws_messages`
--
DROP TABLE IF EXISTS `sys_ws_messages`;

CREATE TABLE `sys_ws_messages` (
  `iWSMessageId` int(11) NOT NULL AUTO_INCREMENT,
  `vMessageCode` varchar(50) NOT NULL,
  `vLangCode` varchar(50) NOT NULL,
  `iWSMasterId` int(11) NOT NULL,
  `tMessage` text NOT NULL,
  `eMessageType` enum('WebService','Flow') NOT NULL DEFAULT 'WebService',
  PRIMARY KEY (`iWSMessageId`),
  KEY `iWSMasterId` (`iWSMasterId`),
  KEY `iWSMasterId_2` (`iWSMasterId`),
  KEY `iWSMasterId_3` (`iWSMasterId`)
) ENGINE=InnoDB DEFAULT CHARSET=utf8;



-- --------------------------------------------------------

--
-- Table structure for table `sys_ws_params`
--
DROP TABLE IF EXISTS `sys_ws_params`;

CREATE TABLE `sys_ws_params` (
  `iWSParamId` int(11) NOT NULL AUTO_INCREMENT,
  `iWSMasterId` int(11) NOT NULL,
  `iWSFlowId` int(11) NOT NULL,
  `vParameter` varchar(500) NOT NULL,
  `eParamMode` enum('Value','ArrayComma','ArraySingle','ArrayMulti','ArrayAdvance','JSONArray','JSONDictionary') NOT NULL DEFAULT 'Value',
  `vParamString` varchar(50) NOT NULL,
  `vValidation` text NOT NULL,
  `eParamType` enum('WebService','Function','Query','ExternalApi','ExternalApiOutput','Variable') NOT NULL DEFAULT 'WebService',
  PRIMARY KEY (`iWSParamId`),
  KEY `iWSMasterId` (`iWSMasterId`),
  KEY `iWSMasterId_2` (`iWSMasterId`),
  KEY `iWSMasterId_3` (`iWSMasterId`)
) ENGINE=InnoDB AUTO_INCREMENT=341 DEFAULT CHARSET=utf8;


--
-- Dumping data for table `sys_ws_params`
--

INSERT INTO `sys_ws_params` (`iWSParamId`, `iWSMasterId`, `iWSFlowId`, `vParameter`, `eParamMode`, `vParamString`, `vValidation`, `eParamType`) VALUES 
(336, 12, 0, 'admin_id', 'Value', '', '', 'WebService'), 
(337, 12, 621, 'ma_admin_id', 'Value', '', '', 'Query'), 
(338, 12, 621, 'ma_name', 'Value', '', '', 'Query'), 
(339, 12, 621, 'ma_email', 'Value', '', '', 'Query'), 
(340, 12, 621, 'ma_status', 'Value', '', '', 'Query');


-- --------------------------------------------------------

--
-- Table structure for table `sys_ws_token`
--
DROP TABLE IF EXISTS `sys_ws_token`;

CREATE TABLE `sys_ws_token` (
  `iWSTokenId` int(11) NOT NULL AUTO_INCREMENT,
  `vWSToken` varchar(1000) NOT NULL,
  `vIPAddress` varchar(100) NOT NULL,
  `vUserAgent` varchar(1000) NOT NULL,
  `dLastAccess` datetime NOT NULL,
  `eStatus` enum('Active','Inactive','Expired') NOT NULL DEFAULT 'Active',
  PRIMARY KEY (`iWSTokenId`)
) ENGINE=InnoDB DEFAULT CHARSET=utf8;



/*!40101 SET CHARACTER_SET_CLIENT=@OLD_CHARACTER_SET_CLIENT */;
/*!40101 SET CHARACTER_SET_RESULTS=@OLD_CHARACTER_SET_RESULTS */;
/*!40101 SET COLLATION_CONNECTION=@OLD_COLLATION_CONNECTION */;
/*!40101 SET UNIQUE_CHECKS=@OLD_UNIQUE_CHECKS */;
/*!40101 SET FOREIGN_KEY_CHECKS=@OLD_FOREIGN_KEY_CHECKS */;
